source,target,weight
AMW,MHK,2.0
EUG,RDM,2082.0
MFR,RDM,88.0
RDM,SEA,37195.0
PDX,RDM,141677.0
LMT,RDM,3626.0
RDM,SFO,19940.0
LAX,RDM,3852.0
EAT,RDM,4.0
RDM,YKM,8.0
EKO,RDM,65.0
RDM,SLE,13.0
GEG,RDM,13.0
RDD,RDM,42.0
LWS,RDM,3.0
AST,RDM,1.0
CLM,RDM,2.0
PDT,RDM,1.0
RDM,SJC,208.0
ACV,RDM,1.0
PUW,RDM,2.0
RDM,SMF,12.0
FLL,RDM,1.0
PHX,RDM,3.0
BFI,RDM,3.0
GGG,RDM,10.0
GTF,RDM,3.0
FAT,RDM,7.0
RDM,TUS,13.0
MWH,RDM,8.0
BIL,RDM,2.0
DFW,RDM,1.0
RBG,RDM,18.0
RDM,SLC,7490.0
CPR,RDM,2.0
RDM,RNO,12.0
FBK,RDM,1.0
ANC,RDM,2.0
BIF,RDM,3.0
CIC,RDM,2.0
RDM,SAF,1.0
ABQ,RDM,4.0
FSM,RDM,6.0
LAS,RDM,611.0
DQF,RDM,1.0
ICT,RDM,1.0
AZA,RDM,255.0
DLH,RDM,3.0
CEC,RDM,1.0
OKC,RDM,2.0
RDM,SAN,1.0
RDM,STS,2.0
DRO,RDM,1.0
OAK,RDM,2.0
EKO,SJC,202.0
EKO,YKM,243.0
EKO,IAH,189.0
EKO,ELP,206.0
DBQ,EKO,74.0
CPR,EKO,70.0
EKO,HLN,50.0
DFW,EKO,337.0
DLH,EKO,55.0
EKO,EUG,128.0
EKO,FAT,157.0
EKO,TUL,230.0
EKO,OMA,716.0
ACT,EKO,213.0
BTM,EKO,173.0
AUS,EKO,257.0
EKO,SLE,42.0
EKO,PIA,119.0
CWA,EKO,113.0
EKO,TUS,162.0
EKO,PUB,97.0
EKO,FOE,255.0
COS,EKO,166.0
EKO,OKC,325.0
CLM,EKO,247.0
EKO,GJT,277.0
EKO,SLC,27181.0
EKO,LBF,99.0
EKO,SPS,269.0
EKO,GEG,323.0
EKO,SEA,1379.0
CYS,EKO,141.0
ABR,EKO,5.0
BRD,EKO,3.0
AMA,EKO,355.0
BIL,EKO,69.0
EKO,ICT,314.0
EKO,ROW,7.0
BIS,EKO,35.0
EKO,MSO,74.0
EKO,GCC,2.0
EKO,LBB,70.0
EKO,LBL,94.0
EKO,MAF,39.0
EKO,MSN,184.0
EKO,LNK,87.0
EKO,MFR,149.0
EKO,PDX,1058.0
ALO,EKO,54.0
EKO,RFD,139.0
EKO,GRB,162.0
EKO,LSE,57.0
EKO,FCA,208.0
EKO,MKE,255.0
BLI,EKO,356.0
EKO,FOD,62.0
DSM,EKO,188.0
EAU,EKO,140.0
EKO,MCW,3.0
EKO,RAP,299.0
EKO,LIT,90.0
EKO,SHV,49.0
EKO,MCI,200.0
ABQ,EKO,465.0
EKO,GFK,140.0
EKO,GTF,247.0
BFL,EKO,11.0
EKO,SAT,281.0
EKO,MSP,155.0
EKO,SGF,186.0
BFF,EKO,217.0
EKO,FSD,42.0
EKO,GRI,217.0
CID,EKO,183.0
EKO,FYV,1.0
EKO,SUX,12.0
EKO,GCK,64.0
BTR,EKO,4.0
EKO,IDA,7.0
EKO,SPI,117.0
EKO,SBA,80.0
CRP,EKO,174.0
DEC,EKO,12.0
EKO,ORD,238.0
BZN,EKO,6.0
EKO,PIR,2.0
EKO,MLU,2.0
EKO,YUM,14.0
EKO,MOT,116.0
EKO,GYY,134.0
EKO,FAR,71.0
EKO,RST,36.0
EKO,STL,95.0
EKO,SAN,86.0
BNA,EKO,32.0
EKO,EVV,66.0
EKO,FSM,124.0
EKO,MWH,16.0
EKO,MEM,18.0
EKO,PHX,187.0
EKO,JAN,1.0
EKO,MOD,34.0
EKO,OAK,79.0
EKO,RDD,33.0
EKO,LWS,208.0
CMI,EKO,63.0
EKO,SCK,25.0
EKO,IND,86.0
BMI,EKO,86.0
EKO,TWF,32.0
EKO,GGG,46.0
EKO,RNO,6349.0
EKO,LRD,96.0
ACV,EKO,17.0
CAK,EKO,42.0
EKO,MTJ,16.0
CLE,EKO,46.0
CLL,EKO,8.0
DTW,EKO,24.0
ABI,EKO,164.0
DAY,EKO,41.0
CVG,EKO,22.0
EKO,JAC,17.0
CMH,EKO,8.0
EKO,SBN,74.0
EKO,FWA,36.0
AZO,EKO,10.0
EKO,HOU,49.0
EKO,RKS,27.0
EKO,LAS,19.0
BPT,EKO,15.0
EKO,PIH,7.0
EKO,SLN,24.0
EKO,UIN,10.0
EKO,LAW,6.0
EKO,TOL,15.0
EKO,RIW,19.0
BRO,EKO,4.0
EKO,SJT,28.0
EKO,PRB,24.0
EKO,SFO,9.0
EKO,PUW,2.0
EKO,SHR,5.0
EKO,MCE,2.0
EKO,GRK,8.0
EKO,VGT,438.0
EKO,LAX,1.0
CDC,EKO,1.0
PNC,WDG,2911.0
DFW,WDG,1857.0
HRO,WDG,1.0
END,RCA,12.0
BWD,WDG,1.0
DFW,END,1.0
LBL,WDG,1731.0
DDC,WDG,1.0
ERI,PIT,53939.0
CVG,ERI,7536.0
ERI,ORH,1.0
ERI,ITH,227.0
ELM,ERI,11.0
BOS,ERI,10.0
ATL,ERI,1394.0
ERI,ORD,8.0
ERI,MDW,4.0
ERI,PHL,11502.0
ERI,LAS,2.0
ERI,GSO,11.0
ERI,MKE,4.0
ERI,FNT,2.0
CLE,ERI,35188.0
BUF,ERI,29.0
ERI,EWR,10.0
BGR,ERI,1.0
CLT,ERI,647.0
ERI,JFK,3.0
ERI,SYR,7.0
ERI,RIC,8.0
ERI,GRR,5.0
ERI,MSP,3.0
ERI,SBN,8.0
DTW,ERI,42875.0
ERI,YIP,12.0
ABE,ERI,8.0
ERI,LGA,4.0
ERI,PVD,13.0
ERI,LEX,3.0
BNA,ERI,1.0
BHM,ERI,1.0
ACY,ERI,206.0
ERI,MEM,9.0
ERI,MCO,2.0
ERI,PHX,1.0
CMH,ERI,5.0
ERI,YNG,938.0
ERI,IND,594.0
ERI,PWM,3.0
ERI,MDT,10.0
BGM,ERI,10.0
ERI,IAD,4.0
ALB,ERI,8.0
ERI,MSY,1.0
ERI,ROC,7.0
CAK,ERI,8.0
AVP,ERI,7.0
AZO,ERI,1.0
ERI,ROA,2.0
ERI,RDU,4.0
CID,ERI,1.0
ERI,GSP,1.0
BTV,ERI,3.0
CRW,ERI,4.0
ERI,MSN,3.0
ERI,STL,1.0
CHS,ERI,9.0
DCA,ERI,3.0
CHA,ERI,2.0
ERI,SCE,1.0
CHO,ERI,1.0
ERI,FLL,1.0
ERI,LAN,1.0
BDL,ERI,5.0
CAE,ERI,3.0
ERI,TOL,8.0
ERI,JHW,4.0
ERI,FWA,1.0
ERI,MHT,5.0
ERI,ILM,5.0
DAY,ERI,7.0
ERI,GDC,1.0
ERI,IAH,1.0
ERI,FLO,1.0
ERI,RNO,2.0
DFW,ERI,1.0
ERI,ISO,2.0
ERI,GRB,1.0
BWI,ERI,2.0
DLH,ERI,3.0
ERI,SFB,1.0
ERI,PGV,1.0
ERI,TYS,1.0
GYY,SLC,92.0
BFF,GYY,7.0
GRI,GYY,1.0
GYY,YIP,524.0
CMI,GYY,136.0
GYY,OMA,42.0
GYY,LRD,48.0
GYY,MDW,7.0
ATL,GYY,32.0
GYY,LBF,4.0
GYY,RAP,13.0
GJT,GYY,1.0
GYY,MCI,99.0
ELP,GYY,22.0
GYY,SFB,1073.0
GYY,PUB,4.0
GYY,TOL,7.0
CAK,GYY,2.0
DAY,GYY,10.0
GYY,LIT,8.0
GYY,SBN,14.0
GYY,MSP,12.0
GYY,PIT,401.0
GYY,LEX,5.0
GYY,PHL,2.0
ABE,GYY,208.0
GYY,MEM,7.0
GYY,ICT,6.0
GYY,IAD,3.0
BUF,GYY,12.0
GYY,RFD,15.0
GYY,HSV,2.0
DSM,GYY,3.0
BWG,GYY,2.0
GYY,TUL,2.0
EWR,GYY,8.0
ADS,GYY,3.0
GYY,IND,13.0
GYY,MKE,5.0
DET,GYY,5.0
DTW,GYY,11.0
GRK,GYY,1.0
GYY,LOZ,10.0
FWA,GYY,4.0
GYY,SUS,5.0
EVV,GYY,3.0
GYY,ILM,2.0
GYY,WGO,2.0
FSD,GYY,1.0
CLT,GYY,4.0
BWI,GYY,2.0
CLE,GYY,19.0
GSB,GYY,1.0
GYY,MYR,136.0
GYY,PHX,2.0
CAE,GYY,3.0
GYY,RDU,3.0
GYY,MBS,4.0
CLU,GYY,1.0
GYY,LCK,435.0
GYY,SYI,1.0
GYY,LAX,2.0
GYY,TLH,1.0
BMG,GYY,2.0
GYY,SHV,18.0
GYY,MNN,1.0
GYY,RNO,18.0
ALB,GYY,1.0
CRW,GYY,1.0
GYY,LUK,5.0
GSP,GYY,2.0
GYY,MGM,1.0
GYY,MFD,2.0
GYY,LAS,183.0
GYY,PNS,1.0
ASN,GYY,1.0
CHS,GYY,3.0
GSO,GYY,4.0
ACY,GYY,18.0
GYY,TVC,4.0
GYY,KY5,1.0
GYY,MIA,6.0
GPT,GYY,8.0
BDL,GYY,1.0
GYY,YNG,3.0
GYY,TCL,4.0
GYY,LGA,1.0
BNA,GYY,3.0
DRT,GYY,1.0
GYY,ORD,16.0
DQF,GYY,111.0
GYY,MCO,82.0
FLL,GYY,10.0
DFW,GYY,1.0
FNT,GYY,7.0
AEX,GYY,1.0
GYY,STL,9.0
BRO,GYY,1.0
GYY,HUF,1.0
GYY,SAT,2.0
GYY,RWI,1.0
GYY,SPS,1.0
GYY,OKC,12.0
GYY,LAN,3.0
GYY,TPA,1.0
GYY,MDT,1.0
GYY,SNA,1.0
GYY,PWM,1.0
GYY,TYS,4.0
BOS,GYY,2.0
GYY,SLN,4.0
GYY,IAH,1.0
AGC,GYY,1.0
GBD,HYS,3968.0
DDC,HYS,29.0
HYS,ICT,630.0
FAI,HYS,2.0
GCK,HYS,200.0
HYS,MCI,4616.0
HYS,SLN,8.0
FOE,HYS,2.0
HYS,LBL,12.0
HYS,MHK,14.0
EAR,HYS,3.0
BRL,HYS,1.0
HYS,PUB,11.0
HYS,JLN,2.0
HYS,TBN,1.0
HNL,ITO,332450.0
ITO,OGG,62569.0
ITO,LAX,584.0
ITO,OAK,1187.0
ITO,STL,1.0
ITO,SFO,2.0
ITO,PHX,7.0
ITO,SNA,2.0
ITO,LAS,1.0
DQF,ITO,1.0
AZA,ITO,1.0
AOH,CLE,3.0
AOH,YIP,30.0
AOH,LIT,5.0
AOH,LRD,1.0
AOH,ELP,1.0
AOH,OKC,1.0
AOH,ICT,2.0
AOH,ROA,1.0
AOH,BNA,6.0
APC,PHX,4.0
APC,SLC,1.0
APC,SAN,1.0
APC,DCA,1.0
APC,RST,1.0
GUS,YIP,16.0
GUS,SUS,1.0
ORD,RNO,26971.0
ATL,RNO,2705.0
DTW,RNO,5662.0
PIT,RNO,18.0
RNO,SMF,2010.0
RNO,SNA,13984.0
LAX,RNO,105604.0
ABQ,RNO,459.0
MSP,RNO,19759.0
RNO,SJC,83504.0
PDX,RNO,74026.0
CLT,RNO,10.0
LAS,RNO,189769.0
PHX,RNO,90175.0
OAK,RNO,84176.0
RNO,SEA,106155.0
DFW,RNO,56158.0
ACV,RNO,47.0
FAT,RNO,15173.0
EWR,RNO,39.0
RNO,TUS,670.0
RNO,SFO,82312.0
RNO,SLC,73998.0
LMT,RNO,6.0
RNO,SAN,19873.0
GEG,RNO,1497.0
PHL,RNO,78.0
EUG,RNO,997.0
CYS,RNO,5.0
OGG,RNO,3.0
IAH,RNO,9243.0
RAP,RNO,33.0
MCI,RNO,189.0
JFK,RNO,11.0
RNO,STL,6320.0
HNL,RNO,26.0
RNO,YKM,7.0
ANC,RNO,217.0
COS,RNO,1806.0
LNK,RNO,64.0
CMH,RNO,16.0
FSD,RNO,20.0
OMA,RNO,524.0
RNO,SAT,100.0
IAD,RNO,10.0
MDW,RNO,2315.0
CVG,RNO,17.0
AUS,RNO,97.0
BGR,RNO,4.0
NFL,RNO,1.0
AMA,RNO,45.0
HOU,RNO,144.0
ELP,RNO,50.0
BLI,RNO,682.0
MIA,RNO,6.0
LBB,RNO,52.0
MFR,RNO,6.0
ICT,RNO,181.0
BIL,RNO,13.0
BFI,RNO,242.0
PUB,RNO,16.0
DAL,RNO,38.0
MHR,RNO,6476.0
BHM,RNO,35.0
MHT,RNO,2.0
BNA,RNO,35.0
BOS,RNO,4.0
MLU,RNO,9.0
RNO,TUL,58.0
ACT,RNO,32.0
MEM,RNO,8164.0
CRP,RNO,32.0
BFF,RNO,1.0
IND,RNO,88.0
CHA,RNO,18.0
RNO,SHV,64.0
RNO,SJT,30.0
BFL,RNO,51.0
GTF,RNO,14.0
LIT,RNO,49.0
RNO,SBN,15.0
RNO,SGF,40.0
RNO,SPI,40.0
GRI,RNO,3.0
CLE,RNO,29.0
RNO,SCK,20.0
AVP,RNO,2.0
LFT,RNO,2.0
MKE,RNO,38.0
FWA,RNO,19.0
DSM,RNO,96.0
EVV,RNO,20.0
FOE,RNO,21.0
DAY,RNO,13.0
RNO,YUM,2.0
OKC,RNO,71.0
RNO,SPS,41.0
RNO,SBA,12.0
GJT,RNO,13.0
JAN,RNO,30.0
LBL,RNO,9.0
MSN,RNO,18.0
BPT,RNO,14.0
DQF,RNO,27.0
ABI,RNO,29.0
GRR,RNO,25.0
BTR,RNO,20.0
MSY,RNO,29.0
RNO,TYS,24.0
BWI,RNO,8.0
RIC,RNO,5.0
RNO,SCF,2.0
MAF,RNO,6.0
HIK,RNO,2.0
RNO,TOL,10.0
CID,RNO,2.0
RNO,SUX,2.0
RNO,VGT,5.0
LRD,RNO,4.0
HLN,RNO,2.0
RNO,TPA,3.0
FAR,RNO,7.0
CWA,RNO,20.0
PIA,RNO,7.0
RFD,RNO,41.0
FCA,RNO,5.0
KTN,RNO,2.0
RDD,RNO,4.0
PUW,RNO,11.0
LWS,RNO,4.0
LCH,RNO,10.0
ILN,RNO,12.0
GRB,RNO,8.0
MOB,RNO,20.0
CAK,RNO,2.0
CAE,RNO,8.0
RDU,RNO,3.0
GRK,RNO,8.0
GPT,RNO,1.0
MGM,RNO,3.0
FSM,RNO,1.0
HSV,RNO,3.0
CMI,RNO,2.0
AZA,RNO,17.0
MOD,RNO,2.0
MCO,RNO,1.0
FWH,RNO,1.0
LGU,RNO,5.0
RNO,XNA,2.0
GCK,RNO,10.0
LRU,RNO,4.0
RIV,RNO,1.0
PNS,RNO,5.0
CHS,RNO,3.0
COU,RNO,4.0
RMG,YIP,3.0
ATL,RMG,1.0
LUK,RMG,3.0
ABQ,TSM,2913.0
ACT,AUS,24.0
ACT,MAF,20.0
ACT,SLC,83.0
ACT,MEM,17.0
ACT,DFW,83942.0
ANC,CNW,1.0
ABQ,ACT,43.0
ACT,SJT,25.0
ACT,FYV,5.0
ACT,LCH,8.0
ACT,CLL,95.0
ACT,ILE,2808.0
ACT,BPT,16.0
ACT,GGG,4.0
ACT,LFT,16.0
ABI,ACT,29.0
ACT,FSM,5.0
ACT,ESF,3.0
ACT,LIT,14.0
ACT,SHV,16.0
ACT,TPA,6.0
ACT,TYR,16.0
ACT,TUL,18.0
ACT,MLU,6.0
ACT,LAW,5.0
ACT,LRD,26.0
ACT,JAN,26.0
ACT,ICT,4.0
ACT,RIC,5.0
ACT,BTR,38.0
ACT,OKC,27.0
ACT,CRP,31.0
ACT,FLL,27.0
ACT,LBB,58.0
ACT,ATL,10.0
ACT,IAH,27133.0
ACT,SAT,17.0
ACT,SGF,9.0
ACT,IAD,9.0
ACT,DCA,6.0
ACT,SMF,4.0
ACT,HOU,44.0
ACT,GJT,7.0
ACT,AMA,26.0
ACT,PHX,14.0
ACT,BDL,9.0
ACT,OAK,5.0
ACT,MSY,6.0
ACT,LAX,6.0
ACT,BOS,4.0
ACT,LAS,6.0
ACT,BWI,3.0
ACT,LGA,5.0
ACT,COS,4.0
ACT,AEX,8.0
ACT,GSO,10.0
ACT,DTW,1.0
ACT,ORD,6.0
ACT,PHL,5.0
ACT,JAX,8.0
ACT,PBI,4.0
ACT,SEA,9.0
ACT,DAL,28.0
BGR,CNW,1.0
ACT,MIA,4.0
ACT,TYS,16.0
ACT,FWA,2.0
ACT,GSP,7.0
ACT,MGM,2.0
ACT,BHM,8.0
ACT,MBS,1.0
ACT,RDU,14.0
ACT,SAV,7.0
ACT,BGR,1.0
ACT,EWR,6.0
ADS,CNW,2.0
ACT,IND,12.0
ACT,HSV,7.0
ACT,CVG,11.0
ACT,STL,17.0
ACT,MKE,8.0
ACT,OMA,4.0
ACT,TUS,7.0
ACT,SJC,6.0
ACT,PDX,2.0
ACT,FLG,2.0
ACT,CLT,6.0
ACT,SAN,4.0
ACT,MHK,17.0
ACT,GRR,2.0
CNW,LAX,145.0
CNW,ILN,227.0
ACT,SPS,5.0
ACT,EFD,4.0
ACT,FOE,23.0
ACT,AFW,3.0
ACT,CNW,1.0
ACT,DAY,4.0
ACT,SWO,32.0
ACT,MCI,12.0
ACT,XNA,4.0
ACT,SKF,1.0
ACT,DSM,12.0
ACT,BNA,7.0
ACT,SFO,3.0
ACT,CSG,4.0
ACT,COU,20.0
ACT,GPT,7.0
ACT,SFB,6.0
ACT,LNK,18.0
ACT,ROA,6.0
ACT,CLE,4.0
ACT,CMI,3.0
ACT,ELD,2.0
ACT,FFO,2.0
ACT,CAK,4.0
CNW,SAT,1.0
ACT,MSP,5.0
CNW,MSY,2.0
ACT,PAM,1.0
ACT,GNV,2.0
ACT,PIT,9.0
ACT,HMN,2.0
ACT,MDW,4.0
ACT,CMH,2.0
ACT,GRK,12.0
ACT,MCO,6.0
ACT,RFD,3.0
ACT,PNS,8.0
ACT,LEX,3.0
ACT,SBA,1.0
ACT,CAE,3.0
ACT,ELP,4.0
ACT,MOB,4.0
ACT,GRI,2.0
ACT,CID,3.0
ACT,JFK,5.0
ACT,ROC,2.0
ACT,CHS,3.0
ACT,YIP,2.0
ACT,BUF,2.0
ACT,YNG,1.0
CNW,IAD,1.0
ACT,CHA,2.0
ACT,ILG,2.0
ACT,CDC,1.0
ACT,DMA,4.0
ACT,FTW,1.0
ACT,AZA,1.0
ACT,PUW,2.0
ACT,HIK,1.0
ABE,ACT,1.0
ACT,SAF,1.0
ACT,EVV,1.0
ACT,BRO,3.0
ACT,DRT,1.0
BGR,THV,9.0
BWI,YUM,1.0
PHX,YUM,60347.0
LAX,YUM,21927.0
STL,YUM,3.0
LAS,YUM,404.0
SAN,YUM,12.0
FLG,YUM,12.0
HII,YUM,25.0
FLL,YUM,1.0
SEA,YUM,3.0
MSP,YUM,1.0
ABQ,YUM,5.0
ATL,YUM,2.0
JFK,YUM,3.0
ELP,YUM,30.0
GCK,YUM,1.0
BFI,YUM,3.0
DFW,YUM,17.0
OKC,YUM,55.0
LRD,YUM,14.0
ADS,YUM,6.0
TUS,YUM,70.0
LBL,YUM,5.0
DRT,YUM,1.0
YIP,YUM,8.0
AMA,YUM,5.0
SLN,YUM,30.0
DAL,YUM,15.0
MCI,YUM,19.0
SHV,YUM,1.0
IPL,YUM,3175.0
GJT,YUM,3.0
SBA,YUM,4.0
SFO,YUM,2.0
ICT,YUM,47.0
CHS,YUM,1.0
HSV,YUM,7.0
FWA,YUM,1.0
BGR,YUM,2.0
TUL,YUM,4.0
MSY,YUM,2.0
POB,YUM,3.0
IND,YUM,26.0
BFL,YUM,2.0
SNA,YUM,4.0
DQF,YUM,1.0
HNL,YUM,5.0
OMA,YUM,2.0
ANC,YUM,3.0
COS,YUM,3.0
IAD,YUM,2.0
TCM,YUM,5.0
EUG,YUM,1.0
HIK,YUM,1.0
OAK,YUM,2.0
LIT,YUM,2.0
SJC,YUM,1.0
SBP,YUM,3.0
SLC,YUM,937.0
ACT,YUM,1.0
FAT,YUM,3.0
FWH,YUM,2.0
AZA,YUM,2.0
FSM,YUM,1.0
CAK,SFO,4.0
CAK,CMH,49.0
CAK,LGA,12432.0
CAK,FWA,162.0
CAK,MDT,8.0
CAK,PIT,30470.0
CAK,DSM,7.0
CAK,ROC,16.0
CAK,IND,462.0
CAK,GRR,13.0
CAK,YNG,18196.0
CAK,LAX,6.0
ABQ,CAK,1.0
CAK,DAY,4390.0
CAK,EWR,24.0
CAK,TOL,656.0
CAK,DTW,40903.0
CAK,ORD,40164.0
ATL,CAK,71788.0
CAK,CLE,18521.0
CAK,CLT,21993.0
CAK,LAS,498.0
CAK,GRB,6.0
CAK,CVG,30588.0
CAK,GSO,19.0
CAK,PHL,7223.0
ACY,CAK,493.0
CAK,ISO,3.0
CAK,IAD,1011.0
CAK,TUS,1.0
CAK,TPA,4282.0
ABE,CAK,13.0
CAK,TYS,16.0
AZO,CAK,8.0
CAK,STL,16.0
CAK,SAN,0.0
CAK,LEX,9.0
CAK,SBN,28.0
CAK,TTN,1.0
CAK,MEM,61.0
CAK,MCO,8720.0
CAK,IAH,6.0
BOS,CAK,6730.0
CAK,FNT,5.0
CAK,DFW,7.0
ATW,CAK,4.0
BTV,CAK,4.0
CAK,MSP,43.0
BFF,CAK,6.0
CAK,DCA,678.0
CAK,OMA,90.0
CAK,RAP,10.0
CAK,SLC,27.0
CAK,RDU,10.0
CAK,LAN,6.0
BDL,CAK,18.0
CAK,SEA,2.0
BUF,CAK,27.0
CAK,MDW,5.0
CAK,CRW,16.0
BNA,CAK,9.0
CAK,MKE,38.0
CAK,MCI,31.0
CAK,PHX,5.0
CAK,MBS,5.0
CAK,LNK,6.0
CAK,JFK,5.0
AVP,CAK,8.0
ALB,CAK,8.0
CAK,LBF,3.0
CAK,SNA,1.0
CAK,MIA,7.0
CAK,YIP,60.0
CAK,SYR,37.0
BGM,CAK,4.0
CAK,SUS,2.0
CAK,JAX,3.0
CAK,RIC,10.0
CAK,PVD,7.0
BTL,CAK,1.0
CAK,ROA,9.0
CAK,PDK,1.0
BWI,CAK,20.0
CAK,RFD,10.0
CAK,DAL,5.0
BGR,CAK,3.0
CAK,ICT,2.0
CAK,GRI,3.0
CAK,LAF,2.0
CAK,MSN,5.0
CAK,RDG,111.0
CAK,LOZ,1.0
CAK,ITH,2.0
CAK,MHK,1.0
CAK,CHS,4.0
CAK,GSP,22.0
CAK,CID,3.0
CAK,ILG,3.0
CAK,SFB,13.0
CAK,LSE,3.0
CAK,TVC,2.0
CAK,SCE,7.0
CAK,FLL,447.0
CAK,CHO,2.0
CAK,MKG,1.0
CAK,HGR,1.0
CAK,MHT,2.0
CAK,MQT,2.0
CAK,SGF,4.0
CAK,LIT,2.0
CAK,CMI,2.0
CAK,MYR,3.0
CAK,OKC,5.0
CAK,NZC,1.0
CAK,CSG,3.0
CAK,SAT,1.0
CAK,UCA,1.0
CAK,PWM,6.0
CAK,FAY,2.0
CAK,OAK,2.0
CAK,YKM,2.0
CAK,SAV,1.0
CAK,TUL,2.0
CAK,JAN,2.0
CAK,RWI,2.0
CAK,XNA,2.0
CAK,POB,1.0
AGS,CAK,4.0
AVL,CAK,7.0
CAK,VLD,1.0
CAK,FLO,1.0
CAK,GPT,16.0
CAE,CAK,9.0
CAK,MSY,1.0
CAK,TCM,1.0
CAK,ELM,3.0
CAK,PDX,2.0
LTS,RCA,1.0
LTS,TUS,2.0
BTM,FCA,4333.0
BTM,GEG,10780.0
BIL,BTM,7048.0
BTM,MSO,1993.0
BTM,BZN,19770.0
BTM,GTF,555.0
BTM,HLN,14257.0
BTM,SLC,14460.0
BTM,LWS,27.0
BTM,PDX,7.0
BTM,SEA,5792.0
BLI,BTM,1.0
BTM,JAC,2.0
BTM,YIP,1.0
BTM,MSP,5.0
BTM,MKE,2.0
BTM,EUG,1.0
BTM,FAR,1.0
BTM,IDA,3.0
CIC,FAT,12.0
CIC,SNA,1.0
CIC,SMF,4736.0
CIC,RDD,32.0
BFL,CIC,6.0
CIC,SFO,28584.0
CEC,CIC,1481.0
CIC,EKA,2.0
CIC,SJC,1.0
CIC,SEA,1.0
DOV,MIA,233.0
DOV,JFK,712.0
DOV,LCK,4.0
DOV,LRD,1.0
DOV,LAX,15.0
DOV,DSM,1.0
DOV,RDU,2.0
DOV,SFO,1.0
ANC,DOV,4.0
COS,DOV,2.0
DOV,ORD,202.0
DOV,MEM,5.0
DOV,HMN,1.0
DOV,HSV,9.0
CHS,DOV,34.0
DOV,SAT,1.0
CLT,DOV,117.0
DOV,PHL,17.0
DAY,DOV,1.0
DOV,TOL,4.0
BWI,DOV,10.0
ATL,DOV,37.0
DOV,GSO,2.0
AUS,DOV,1.0
DOV,MYR,5.0
DOV,LBB,1.0
CAE,DOV,9.0
DOV,NKX,2.0
DOV,YIP,3.0
DOV,EFD,1.0
DOV,EWR,4.0
DOV,SLC,1.0
DOV,DTW,12.0
DOV,PHX,1.0
DOV,LUF,1.0
DOV,LAN,2.0
CVS,DOV,1.0
DFW,DOV,1.0
DOV,HUF,1.0
BAD,DOV,1.0
DOV,SAN,3.0
DOV,LSV,1.0
DOV,TCM,4.0
BGR,DOV,3.0
DOV,TIK,1.0
AVP,DOV,1.0
DOV,ELP,1.0
DOV,JAN,2.0
CVG,DOV,7.0
DOV,PIT,2.0
DOV,ILN,1.0
DOV,IAD,2.0
DOV,MHR,1.0
DOV,TLH,2.0
CLE,DOV,2.0
DOV,EIL,1.0
FAR,SNA,12.0
BNA,FAR,10.0
FAR,PIT,8.0
FAR,MCO,7.0
FAR,PHX,16.0
FAR,SEA,44.0
FAR,GEG,17.0
FAR,HNL,6.0
BDL,FAR,6.0
FAR,LGA,11.0
FAR,ORD,19328.0
DTW,FAR,21.0
FAR,SFO,22.0
FAR,SLC,2310.0
CLE,FAR,8.0
BWI,FAR,8.0
ANC,FAR,28.0
FAR,PDX,19.0
FAR,LAS,1582.0
FAR,MSP,104032.0
FAR,FSD,5020.0
FAR,GTF,20.0
FAR,GFK,608.0
DCA,FAR,12.0
FAR,IAD,16.0
FAR,MOT,36.0
BOS,FAR,8.0
FAR,TPA,6.0
DLH,FAR,9.0
CVG,FAR,4.0
FAR,MKE,19.0
FAR,SAN,8.0
BIL,FAR,180.0
BIS,FAR,1522.0
FAR,MCI,11.0
FAR,GRR,5.0
AZO,FAR,2.0
FAR,RST,5.0
FAR,SMF,16.0
FAR,LNK,3.0
CID,FAR,37.0
FAR,SUX,9.0
FAR,OMA,16.0
DAY,FAR,13.0
FAR,MEM,20.0
CMH,FAR,5.0
FAR,HOU,2.0
ABQ,FAR,5.0
FAR,LAX,201.0
EWR,FAR,11.0
ATL,FAR,13.0
FAR,MDW,13.0
BUF,FAR,3.0
DSM,FAR,263.0
FAR,MSN,13.0
FAR,SJC,4.0
FAR,FCA,7.0
FAI,FAR,6.0
FAR,RAP,20.0
FAR,PHL,14.0
FAR,MBS,5.0
FAR,GRB,7.0
FAR,MSO,15.0
COS,FAR,17.0
CLT,FAR,3.0
FAR,PIA,6.0
DFW,FAR,7.0
FAR,MSY,19.0
FAR,IND,5.0
FAR,MIA,2.0
BZN,FAR,13.0
FAR,LSE,3.0
FAR,STL,6.0
FAR,YIP,16.0
FAR,IAH,8.0
ATW,FAR,2.0
FAR,ILN,2101.0
FAR,SAT,2.0
FAR,JMS,4.0
FAR,ICT,3.0
FAR,SFB,215.0
ALB,FAR,2.0
FAR,LRD,6.0
AEX,FAR,1.0
FAR,HSV,2.0
BTV,FAR,1.0
FAR,OAK,3.0
FAR,OKC,2.0
FAR,TYS,2.0
BGR,FAR,2.0
FAR,FNT,2.0
FAR,MWA,6.0
CDC,FAR,6.0
BRD,FAR,4.0
FAR,RDU,2.0
FAR,SHV,6.0
FAR,RWI,7.0
FAR,KTN,5.0
FAR,SAV,2.0
FAR,GLH,4.0
EAU,FAR,2.0
FAR,MHK,3.0
FAR,GYY,1.0
EKI,FAR,1.0
FAR,VWL,1.0
FAR,LCK,3.0
FAR,LAN,4.0
FAR,SZL,1.0
BMI,FAR,8.0
FAR,XNA,2.0
FAR,RFD,2.0
CRW,FAR,4.0
FAR,FWA,2.0
DQF,FAR,28.0
FAR,FLL,1.0
ALO,FAR,5.0
FAR,HUF,4.0
FAR,YNG,4.0
FAR,SGF,7.0
FAR,HLN,3.0
AZA,FAR,664.0
BFI,FAR,4.0
FAR,LBB,6.0
FAR,LAR,2.0
BFL,FAR,1.0
FAR,MDT,1.0
FAR,LEX,2.0
CAK,FAR,1.0
FNT,LAN,4875.0
FNT,JFK,6.0
DAY,FNT,4671.0
EWR,FNT,72.0
BWI,FNT,10.0
FNT,LGA,961.0
FNT,ORD,15154.0
DFW,FNT,720.0
FNT,MKG,218.0
CMH,FNT,10.0
AZO,FNT,112.0
FNT,PHL,4.0
FNT,GRR,1345.0
FNT,PIT,4980.0
DTW,FNT,67405.0
DBQ,FNT,1.0
FNT,TVC,15.0
FNT,YIP,359.0
FNT,MBS,1189.0
CLE,FNT,24788.0
FNT,SAN,3.0
FNT,STL,74.0
FNT,FWA,1253.0
FNT,MDW,11976.0
FNT,MCO,6935.0
CVG,FNT,10522.0
FNT,MKE,15115.0
FLL,FNT,564.0
DCA,FNT,6.0
ATL,FNT,52261.0
ALB,FNT,6.0
FNT,TPA,3505.0
CWA,FNT,4.0
ATW,FNT,4.0
FNT,ROA,7.0
FNT,ROC,5.0
FNT,MQT,10.0
EVV,FNT,12.0
DSM,FNT,10.0
FNT,PVD,11.0
FNT,YNG,11.0
FNT,MSP,12755.0
FNT,RFD,5.0
CMI,FNT,4.0
FNT,MEM,2165.0
FNT,MSN,11.0
FNT,MIA,1.0
BMI,FNT,5.0
FNT,LIT,36.0
FNT,LAS,1435.0
BNA,FNT,16.0
FNT,SNA,1.0
CRW,FNT,2.0
FNT,HOU,1.0
ELP,FNT,21.0
CLT,FNT,7.0
FNT,SYR,10.0
FNT,OSH,2.0
FNT,GSP,17.0
FNT,GSO,2.0
BRO,FNT,8.0
FNT,IND,3043.0
FNT,SBN,5.0
FNT,MCI,30.0
FNT,TYS,26.0
BUF,FNT,16.0
ELM,FNT,6.0
FNT,LRD,34.0
BOS,FNT,3.0
FNT,JAX,3.0
FNT,MOR,1.0
BGM,FNT,3.0
FNT,LEX,11.0
FNT,PWK,3.0
FNT,MSY,48.0
FNT,ILN,2388.0
FNT,SHV,68.0
FNT,PWM,3.0
FNT,RIC,1.0
FNT,GRB,7.0
DAL,FNT,2.0
APN,FNT,4375.0
FNT,PIA,4.0
FNT,TOL,7.0
FNT,LBF,1.0
FNT,IRK,1.0
FNT,MHT,1.0
COU,FNT,2.0
FNT,PAH,1.0
BDL,FNT,9.0
FNT,MRC,10.0
CSV,FNT,2.0
BTV,FNT,1.0
FNT,RST,3.0
FNT,IAH,2.0
DLH,FNT,3.0
FNT,TUS,1.0
FNT,OMA,5.0
FNT,OKC,15.0
FNT,LNK,1.0
FNT,ICT,2.0
FNT,RDU,2.0
FNT,GMU,1.0
DPA,FNT,4.0
FNT,SGF,1.0
FNT,IAD,4.0
CHA,FNT,14.0
CAE,FNT,116.0
FNT,ITH,4.0
FNT,FOE,1.0
CHO,FNT,2.0
FNT,LAX,1.0
DCU,FNT,1.0
BGR,FNT,1.0
AVP,FNT,1.0
FNT,SUS,7.0
BWG,FNT,1.0
FNT,XNA,2.0
FNT,FSD,3.0
FNT,ILG,2.0
FNT,SKY,2.0
ADM,FNT,1.0
FNT,MDT,1.0
BHM,FNT,3.0
FNT,MGM,1.0
FNT,HSV,6.0
FNT,HUF,1.0
FNT,SLN,1.0
BIL,HVR,1277.0
ABQ,HOB,1353.0
CNM,HOB,7320.0
HOB,ROW,3894.0
HOB,LBB,613.0
CVN,HOB,1205.0
FMN,HOB,3.0
HOB,MAF,264.0
HOB,RUI,168.0
HUM,LRD,2.0
HUM,IAH,1.0
HON,PIR,2207.0
HON,MCO,1.0
HON,ORD,6.0
HON,MSP,68.0
BKX,HON,4919.0
HON,LAS,4.0
FSD,HON,7.0
HON,MSY,1.0
HON,OMA,94.0
COS,HON,3.0
BUF,HON,1.0
ABR,HON,1195.0
CYS,HON,3.0
BFF,HON,2.0
EAR,HON,4.0
HON,LBF,2.0
IDA,LGU,1.0
LGU,SLC,241.0
LGU,PHX,9.0
LGU,SJC,3.0
LAS,LGU,2.0
FAT,LGU,4.0
LGU,MLU,4.0
EUG,LGU,2.0
LGU,PUW,2.0
DRO,LGU,1.0
ELP,LGU,2.0
BHM,LGU,1.0
CLL,LGU,1.0
MCN,MIA,3.0
FLL,MCN,4.0
MCN,MYR,31.0
FLO,MCN,17.0
ILM,MCN,58.0
GNV,MCN,37.0
MCN,VLD,2898.0
BQK,MCN,71.0
ABY,MCN,123.0
DHN,MCN,21.0
ATL,MCN,59551.0
FAY,MCN,42.0
MCN,OAJ,24.0
MCN,MEI,6.0
GPT,MCN,15.0
MCN,ROA,9.0
GTR,MCN,5.0
MCN,PHX,4.0
MCN,SAV,7.0
CRW,MCN,5.0
GSO,MCN,2.0
EVV,MCN,3.0
MCN,PNS,3.0
AGS,MCN,14.0
MCN,PFN,17.0
AVL,MCN,5.0
CSG,MCN,19.0
JAN,MCN,5.0
MIA,WRB,3.0
LEX,MCN,4.0
MCN,TLH,3.0
JFK,MCN,1.0
CLE,MCN,4.0
LYH,MCN,6.0
EWR,MCN,1.0
MCN,MGM,4.0
CHA,MCN,2.0
LFT,MCN,4.0
ICT,MCN,2.0
FWA,MCN,3.0
CRP,MCN,2.0
LGA,MCN,1.0
DAL,MCN,1.0
MCN,SAT,1.0
DFW,MCN,10.0
MCN,STL,3.0
CHS,MCN,6.0
BUF,MCN,4.0
MCN,XNA,2.0
CAE,MCN,3.0
BGR,WRB,4.0
MCN,PHL,4.0
CVG,MCN,7.0
MCN,MDT,3.0
EYW,MCN,4.0
JFK,WRB,11.0
JHW,MCN,1.0
ABE,MCN,4.0
CLT,MCN,2.0
BKL,MCN,1.0
CAK,MCN,2.0
MCN,YIP,14.0
IAD,MCN,3.0
MCN,SHV,4.0
BTR,MCN,3.0
DCA,MCN,1.0
AEX,MCN,4.0
ATW,MCN,3.0
BFI,MCN,1.0
MCN,TOL,1.0
MCN,SFO,2.0
MCN,OKC,3.0
RFD,WRB,4.0
AVP,MCN,4.0
IAH,MCN,2.0
MCN,MSP,2.0
MCN,SGF,1.0
CHO,MCN,1.0
MCN,SLC,1.0
MCN,OMA,1.0
AUS,MCN,1.0
BOS,MCN,3.0
BOS,WRB,1.0
MCN,MLU,1.0
MCN,ORD,1.0
MCN,SYR,2.0
MCN,PWM,2.0
MCN,RIC,3.0
DSM,MCN,3.0
ARA,MCN,2.0
MCN,PIT,1.0
MCN,ROC,1.0
MCN,MKE,1.0
BHM,MCN,4.0
GPT,WRB,1.0
MCN,TCL,2.0
BMI,MCN,1.0
MCN,SBN,2.0
ACY,MCN,2.0
MCN,MOB,1.0
DAL,WRB,1.0
APF,MCN,1.0
DAY,MCN,1.0
ERI,MCN,1.0
MCN,TUL,5.0
MCN,PIA,2.0
ORD,WRB,1.0
MCN,MDW,1.0
DTW,MCN,2.0
CID,MCN,1.0
BTV,MCN,1.0
GSP,MCN,3.0
MCN,PVD,3.0
MCN,RDU,1.0
EWN,MCN,1.0
AHN,MCN,284.0
ALB,MCN,2.0
EDF,WRB,3.0
BWI,MCN,1.0
DYS,WRB,1.0
BYH,MCN,5.0
FLL,WRB,1.0
BGR,MCN,2.0
MCF,WRB,1.0
LAX,MIA,92580.0
DCA,MIA,124744.0
IAD,MIA,51862.0
GNV,MIA,12841.0
BTR,MIA,40.0
GRR,MIA,31.0
MIA,TLH,43184.0
MIA,MSY,48361.0
MIA,MSP,36886.0
MIA,SAT,148.0
ATL,MIA,259805.0
MIA,ORD,168962.0
MDW,MIA,10180.0
BUF,MIA,64.0
IAH,MIA,120482.0
DTW,MIA,72163.0
ELP,MIA,59.0
MIA,SYR,57.0
MIA,RIC,5105.0
MIA,SAV,2516.0
MIA,TYS,143.0
CLT,MIA,96885.0
CLE,MIA,28354.0
BWI,MIA,48122.0
CMI,MIA,6.0
AVL,MIA,21.0
BHM,MIA,97.0
MIA,PIT,32820.0
CVG,MIA,43166.0
MDT,MIA,61.0
CHS,MIA,562.0
FWA,MIA,1781.0
GSO,MIA,7679.0
MIA,STL,51151.0
MIA,MKE,529.0
BNA,MIA,28761.0
MIA,PNS,515.0
BOS,MIA,81097.0
MIA,TPA,145651.0
BGR,MIA,264.0
MIA,MIQ,17.0
DAY,MIA,2266.0
EWR,MIA,133105.0
DFW,MIA,162003.0
MCO,MIA,208981.0
MEM,MIA,44324.0
JFK,MIA,153506.0
LGA,MIA,158036.0
BDL,MIA,14083.0
EYW,MIA,89612.0
MIA,RDU,42595.0
MIA,SEA,12687.0
CAE,MIA,4367.0
JAX,MIA,57821.0
MIA,PHL,97334.0
MIA,SFO,45840.0
MIA,MYR,27.0
MIA,OKC,87.0
MIA,PBI,18348.0
FLL,MIA,15841.0
COS,MIA,291.0
MIA,SLC,506.0
MIA,SJC,954.0
HOU,MIA,6079.0
CMH,MIA,6726.0
MIA,NQX,79.0
MIA,ROC,13.0
DSM,MIA,40.0
GSP,MIA,692.0
MIA,MOB,14.0
LTS,MIA,1.0
MIA,OMA,15.0
AUS,MIA,1429.0
MIA,TUL,76.0
IND,MIA,10228.0
EVV,MIA,12.0
MIA,SAN,395.0
MIA,PVD,49.0
MIA,ROA,48.0
JAN,MIA,21.0
MIA,PHX,8711.0
ICT,MIA,16.0
MCI,MIA,231.0
LEX,MIA,19.0
HSV,MIA,1255.0
ALB,MIA,20.0
APF,MIA,17441.0
LAS,MIA,21592.0
ABQ,MIA,21.0
MIA,YIP,96.0
MGM,MIA,21.0
LFT,MIA,41.0
HNL,MIA,9.0
MIA,TNT,70.0
POB,TNT,2.0
ANC,MIA,3997.0
MIA,OPF,206.0
HKY,OPF,5.0
OPF,ROA,9.0
LCK,MIA,25.0
MIA,YUM,2.0
BYH,MIA,2.0
OPF,PBI,33.0
OPF,PVD,5.0
MHT,MIA,12.0
LBB,MIA,10.0
HIK,MIA,1.0
CAE,OPF,4.0
MIA,SFB,99.0
MEM,OPF,2.0
MIA,TUS,58.0
MIA,MLU,15.0
MIA,MWA,4.0
AEX,OPF,7.0
MIA,PGV,11.0
CKB,MIA,4.0
ABY,MIA,19.0
FLL,TNT,6.0
LIT,MIA,27.0
IAH,OPF,14.0
ISO,MIA,7.0
GRK,MIA,26.0
LEX,OPF,145.0
MIA,NPA,1.0
AEX,MIA,62.0
MCF,MIA,3.0
DAL,MIA,52.0
MIA,TUP,5.0
MIA,SGF,14.0
ILN,MIA,5564.0
MIA,PIB,2.0
MIA,SWO,2.0
CID,MIA,34.0
MIA,XNA,815.0
ACY,MIA,47.0
CRP,MIA,19.0
LCH,MIA,18.0
CLL,MIA,13.0
MIA,NJK,2.0
MIA,PDX,5.0
ALO,MIA,4.0
MIA,PWM,3.0
MIA,VLD,3.0
AVP,MIA,3.0
ABE,MIA,19.0
BWI,OPF,7.0
MIA,RIV,2.0
BIF,MIA,8.0
DYS,MIA,2.0
COU,MIA,7.0
LSF,MIA,4.0
MIA,PAH,2.0
MIA,OAK,25.0
MIA,MSN,13.0
LAN,MIA,10.0
MIA,MSO,1.0
EYW,MPB,1.0
GPT,MIA,25.0
CHO,MIA,30.0
OKC,OPF,50.0
MIA,SCE,17.0
DMA,MIA,1.0
MIA,TOL,302.0
CWA,MIA,3.0
OCF,OPF,16.0
ERI,MIA,2.0
DAY,OPF,4.0
ADS,MIA,9.0
LRD,MIA,13.0
DAL,OPF,27.0
AFW,MIA,140.0
MIA,MIE,3.0
HUF,MIA,2.0
MSY,OPF,63.0
FSD,MIA,12.0
MIA,SHV,73.0
BRO,MIA,2.0
ILM,MIA,11.0
MIA,YNG,6.0
MIA,SBN,4.0
MIA,POB,14.0
MIA,NEW,11.0
MSP,OPF,3.0
ATL,OPF,9.0
OPF,YIP,8.0
LSE,MIA,11.0
LAF,MIA,9.0
MIA,SVN,11.0
BKL,MIA,15.0
CLT,OPF,2.0
MIA,SUS,10.0
MHK,MIA,10.0
FTW,MIA,3.0
MIA,PUB,4.0
OPF,RDU,1.0
BFI,MIA,5.0
MIA,ORL,3.0
MCO,OPF,3.0
MIA,NIP,5.0
MIA,NZC,4.0
FXE,MIA,3.0
FLL,OPF,5.0
FLL,MPB,26.0
BWG,MIA,8.0
MIA,RFD,38.0
MIA,NBG,1.0
MIA,TCL,7.0
AGS,MIA,24.0
ELP,MPB,3.0
OAK,OPF,1.0
CSG,MIA,9.0
MIA,SDM,1.0
MIA,MXF,1.0
OPF,TPA,27.0
LRD,MPB,2.0
MIA,TCM,9.0
MIA,SSC,6.0
OPF,TOL,1.0
GYY,OPF,2.0
LRD,OPF,5.0
HLN,MIA,1.0
IND,OPF,49.0
OPF,SHV,2.0
BAD,MIA,2.0
ILG,MIA,8.0
ABQ,OPF,3.0
OPF,PHL,2.0
FLL,TMB,3.0
JST,MIA,1.0
LUK,MIA,4.0
GLH,MIA,5.0
MIA,NKX,4.0
OPF,TTN,1.0
COU,OPF,1.0
HKS,OPF,1.0
CMH,OPF,1.0
GPT,TMB,1.0
BIL,MIA,1.0
GTR,MIA,1.0
OPF,SCF,1.0
AND,MIA,3.0
MCO,TMB,4.0
HKS,MIA,2.0
SFB,TMB,2.0
JAX,TMB,3.0
ACY,TMB,2.0
MIA,TIK,6.0
MIA,SBA,1.0
CVS,MIA,2.0
BFM,MIA,10.0
FOE,MIA,5.0
MIA,TMB,51.0
AHN,MIA,2.0
OPF,TUL,2.0
ACT,TMB,1.0
ALB,OPF,10.0
HIF,MIA,4.0
MIA,STS,1.0
HOT,OPF,12.0
TLH,TMB,1.0
OPF,PDK,3.0
MIA,PDK,2.0
EIL,MIA,2.0
FAI,MIA,5.0
LRU,MIA,2.0
CVG,TMB,1.0
FSM,MIA,2.0
OPF,STL,1.0
LAS,OPF,2.0
GSP,OPF,1.0
GDC,OPF,1.0
MCN,OPF,1.0
EAR,MIA,1.0
AZA,MIA,5.0
MRC,OPF,1.0
OPF,PNE,1.0
MIA,MTN,1.0
ILG,OPF,5.0
MIA,SMF,7.0
OPF,TCL,1.0
FAY,MIA,7.0
GRI,MIA,1.0
OPF,PHX,2.0
ORL,TMB,1.0
LAL,MIA,1.0
GDC,MIA,1.0
MIA,ORH,9.0
MHK,TMB,1.0
OPF,SAN,2.0
MIA,OCF,2.0
BOS,OPF,3.0
DHN,MIA,3.0
ELM,MIA,2.0
FAT,MIA,4.0
MIA,SZL,3.0
MIA,MKC,3.0
OPF,SMF,1.0
OPF,SAF,2.0
MIA,SHD,3.0
MIA,XXW,2.0
GSP,MIO,1.0
MIO,STL,1.0
MEM,MIO,1.0
ADS,MIO,4.0
LRD,MIO,122.0
MIO,SHV,13.0
MOT,MSP,42621.0
EWR,MOT,2.0
BIS,MOT,6829.0
BIL,MOT,8.0
BNA,MOT,4.0
MOT,SLC,12.0
IND,MOT,1.0
MOT,PIT,3.0
GFK,MOT,4933.0
DTW,MOT,2.0
MOT,STL,2.0
GRB,MOT,1.0
MIB,MSP,179.0
MIB,MOT,1.0
LAS,MOT,16.0
ISN,MOT,735.0
MOT,YIP,4.0
MOT,ORD,3.0
COS,MOT,2.0
MOT,RAP,5.0
MOT,SMF,1.0
FOE,MOT,1.0
MOT,TUS,2.0
IAD,MOT,1.0
MOT,MSY,4.0
MOT,SFB,2.0
LNK,MOT,1.0
EIL,MIB,2.0
DAY,MOT,1.0
EVV,MOT,1.0
MEM,MOT,1.0
GTF,MOT,7.0
FSD,MOT,9.0
MOT,SGF,1.0
ABQ,MIB,1.0
MIB,TUS,2.0
MKE,MOT,1.0
MIB,TYS,3.0
ANC,MOT,3.0
FAI,MOT,1.0
MOT,TOL,1.0
CAK,MOT,1.0
AEX,MIB,1.0
LSV,MIB,2.0
DIK,MOT,2.0
LFT,MOT,20.0
LEX,OCF,277.0
CAE,OCF,2.0
BWI,OCF,33.0
LAX,OCF,2.0
MSY,OCF,130.0
FLL,OCF,5.0
GNV,OCF,5.0
OCF,SHV,2.0
HOT,OCF,40.0
DAL,OCF,150.0
CSG,OCF,1.0
OCF,SFB,1.0
GPT,OCF,4.0
BUF,OCF,2.0
OCF,TUP,1.0
OCF,PBI,8.0
OCF,PHL,1.0
CMH,OCF,1.0
JAC,OGD,1.0
IDA,OGD,4.0
MCI,OGD,13.0
MSP,OGD,9.0
OGD,ORD,4.0
BIS,OGD,1.0
OGD,STL,2.0
HIF,ORD,1.0
ABQ,OGD,9.0
BMC,OGD,1.0
OGD,SLN,5.0
ATL,OGD,1.0
ELP,OGD,22.0
OGD,YIP,25.0
OGD,SLC,67.0
CVG,OGD,1.0
BZN,HIF,1.0
EUG,OGD,2.0
DFW,OGD,2.0
OGD,OMA,26.0
OGD,RNO,4.0
LRD,OGD,6.0
LAX,OGD,5.0
OGD,PDX,1.0
COS,OGD,3.0
OGD,PHX,4.0
ICT,OGD,1.0
BGR,HIF,14.0
BZN,OGD,1.0
FCA,OGD,2.0
FCA,HIF,1.0
HIF,MSO,1.0
HIF,HLN,1.0
CPR,OGD,1.0
GRI,OGD,1.0
BRO,OGD,15.0
GFK,OGD,1.0
GTF,HIF,1.0
OGD,OKC,2.0
OGD,RAP,4.0
HIF,SAN,1.0
HIF,LSV,2.0
HIF,JFK,4.0
CVS,HIF,3.0
HIF,TUS,11.0
HIF,OMA,2.0
FSD,HIF,1.0
HIF,STL,1.0
OAK,OGD,5.0
LNK,OGD,5.0
BFI,HIF,1.0
HIF,SEA,3.0
HIF,PHX,3.0
HIF,IAH,1.0
ADS,OGD,1.0
OGD,PUB,6.0
OGD,SCK,1.0
OGD,SJC,6.0
IPL,OGD,1.0
GJT,OGD,1.0
LBF,OGD,1.0
HIF,JAC,1.0
OGD,SGU,2.0
OGD,SAT,1.0
HIF,PAM,3.0
FSD,OGD,1.0
FAR,OGD,1.0
FAT,OGD,2.0
HIF,SSC,2.0
HIF,IAD,5.0
DTW,OGD,1.0
CVG,HIF,1.0
HIF,MUO,4.0
EKO,OGD,1.0
DFW,HIF,2.0
LAN,OGD,1.0
OGD,SEA,1.0
HIF,RFD,2.0
HIF,TWF,1.0
FFO,HIF,1.0
LRU,OGD,1.0
HIF,HMN,2.0
HIF,SUS,1.0
HIF,SJC,3.0
HIF,ICT,1.0
OGD,SFO,1.0
DAL,OGD,1.0
HIF,TCM,1.0
BAD,HIF,2.0
IAH,OMA,41003.0
DTW,OMA,19405.0
OMA,ORD,130888.0
MDW,OMA,66854.0
ATL,OMA,46776.0
ICT,OMA,84.0
OMA,SEA,114.0
LGA,OMA,1529.0
JFK,OMA,48.0
OMA,PHX,70686.0
MEM,OMA,35847.0
OAK,OMA,58.0
LNK,OMA,1381.0
DSM,OMA,8791.0
OMA,STL,74440.0
OMA,SNA,17.0
MKE,OMA,35588.0
OMA,SMF,38.0
OMA,SJC,38.0
LAS,OMA,38195.0
BWI,OMA,68.0
CLE,OMA,2217.0
MSP,OMA,95212.0
DCA,OMA,20840.0
MCI,OMA,15331.0
LAX,OMA,9297.0
ABQ,OMA,53.0
OMA,SUX,32.0
CID,OMA,1109.0
OMA,SLC,27098.0
OKC,OMA,60.0
OMA,SFO,160.0
OMA,PHL,103.0
OMA,TUS,638.0
OMA,TUL,1231.0
BOS,OMA,100.0
DFW,OMA,56534.0
EWR,OMA,16130.0
AUS,OMA,60.0
OMA,PIT,2815.0
BNA,OMA,53.0
OMA,SAN,2097.0
LBB,OMA,11.0
COS,OMA,73.0
OMA,PDX,69.0
OMA,RIC,6.0
IND,OMA,2522.0
OMA,SGF,8.0
FSD,OMA,322.0
IAD,OMA,96.0
OMA,TWF,3.0
BMI,OMA,2651.0
LIT,OMA,16.0
HOU,OMA,40.0
OMA,PIA,40.0
MCO,OMA,2128.0
BIS,OMA,5.0
AMA,OMA,7.0
MOT,OMA,3.0
HUF,OMA,3.0
CMH,OMA,50.0
HNL,OMA,3.0
OMA,RST,18.0
MSY,OMA,15.0
DAY,OMA,50.0
OMA,PNS,1.0
CVG,OMA,22897.0
BDL,OMA,21.0
OMA,TYS,12.0
FOD,OMA,2.0
OMA,RFD,110.0
AZO,OMA,11.0
CMI,OMA,12.0
OMA,RDU,18.0
MSO,OMA,8.0
MSN,OMA,45.0
OMA,SPI,12.0
OMA,SBN,35.0
OMA,YIP,44.0
AGS,OMA,3.0
OMA,PVD,17.0
FWA,OMA,21.0
GRB,OMA,15.0
CWA,OMA,15.0
MAF,OMA,3.0
BFF,OMA,4.0
OMA,SAT,415.0
LRD,OMA,31.0
EVV,OMA,6.0
CLT,OMA,14.0
BIL,OMA,188.0
OMA,TOL,19.0
ALB,OMA,18.0
OMA,TPA,14.0
GNV,OMA,4.0
AEX,OMA,10.0
OMA,XNA,1.0
BUF,OMA,11.0
BFI,OMA,7.0
JAC,OMA,6.0
COU,OMA,191.0
LAN,OMA,2.0
LBF,OMA,5018.0
GRI,OMA,9936.0
ILN,OMA,2810.0
GFK,OMA,53.0
GTF,OMA,10.0
OMA,SAW,2.0
MHR,OMA,20.0
OMA,RAP,3.0
MDT,OMA,11.0
ABE,OMA,23.0
AVL,OMA,2.0
BKL,OMA,1.0
OGG,OMA,2.0
GEG,OMA,17.0
CAE,OMA,6.0
CLL,OMA,36.0
MYR,OMA,5.0
DAL,OMA,24.0
BMC,OMA,1.0
ELP,OMA,13.0
OMA,PWK,1.0
OMA,RDD,4.0
MTJ,OMA,4.0
BLI,OMA,2.0
BKX,OMA,2589.0
GRR,OMA,9.0
CHA,OMA,17.0
BTR,OMA,8.0
ACY,OMA,3.0
FLL,OMA,3.0
AHN,OMA,1.0
FOE,OMA,1.0
CPR,OMA,3.0
MIE,OMA,2.0
EUG,OMA,6.0
BGR,OFF,1.0
AGC,OMA,1.0
GSP,OMA,5.0
DBQ,OMA,8.0
BIF,OMA,3.0
DPA,OMA,1.0
ATL,OFF,1.0
LCK,OMA,8.0
MBS,OMA,3.0
GRK,OMA,4.0
ANC,OMA,3.0
OFF,RFD,2.0
OMA,SAV,1.0
LUK,OMA,2.0
OMA,ORH,1.0
MWH,OMA,2.0
EAR,OMA,1399.0
OMA,ROW,1.0
OMA,PIR,1.0
BIF,OFF,7.0
OMA,YKM,2.0
GTR,OMA,1.0
ABR,OMA,2.0
ATW,OMA,7.0
OFK,OMA,799.0
MHK,OFF,1.0
ALO,OMA,3.0
OMA,TLH,2.0
MWA,OMA,6.0
HSV,OMA,12.0
LRU,OMA,2.0
OMA,ROA,7.0
JAN,OMA,2.0
CYS,OMA,10.0
COS,OFF,1.0
CHO,OMA,4.0
JAX,OMA,4.0
LAF,OMA,1.0
HOT,OMA,1.0
OMA,PIB,2.0
OFF,POB,2.0
ADS,OMA,3.0
DLH,OMA,6.0
BHM,OMA,11.0
LEX,OMA,3.0
PHT,YIP,1.0
PUC,SLC,56.0
CDC,PUC,3.0
PUC,SLN,1.0
PVU,SAN,9.0
LAS,PVU,24.0
ABQ,PVU,14.0
OAK,PVU,2.0
CYS,PVU,4.0
COS,PVU,16.0
PVU,SLC,33.0
PVU,SJC,5.0
ATL,PVU,3.0
AUS,PVU,4.0
PVU,SBN,5.0
IDA,PVU,1.0
MSP,PVU,3.0
LAX,PVU,2.0
CID,PVU,1.0
PIH,PVU,1.0
NZY,PVU,3.0
LAR,PVU,12.0
PVU,SFO,4.0
PVU,SNA,1.0
BOS,PVU,1.0
OKC,PVU,2.0
PHX,PVU,3.0
PVU,SAT,5.0
IAD,PVU,1.0
IND,PVU,2.0
LRD,PVU,4.0
CLE,PVU,1.0
LEX,PVU,4.0
CVG,PVU,1.0
CDC,PVU,1.0
PVU,SGU,1.0
PVU,TUL,1.0
PDK,PVU,1.0
ELP,PVU,1.0
PVU,STL,1.0
PVU,SGF,1.0
ORD,PVU,1.0
PVU,SEA,2.0
MSY,PVU,2.0
MCI,PVU,1.0
FCA,PVU,1.0
DAL,PVU,2.0
FTW,PVU,2.0
PIA,PVU,2.0
PHL,PVU,2.0
PDX,SLE,6156.0
EAT,SLE,1.0
EUG,SLE,42.0
SEA,SLE,4.0
GEG,SLE,2.0
RDD,SLE,304.0
MFR,SLE,10.0
LMT,SLE,622.0
SLE,YKM,3.0
PUW,SLE,1.0
RBG,SLE,2.0
CVO,SLE,210.0
SLC,SLE,1755.0
SAF,SLE,1.0
SEM,TUL,1.0
RDU,TPA,49400.0
CAE,TPA,1743.0
CMH,TPA,42738.0
SEA,TPA,15.0
MCO,TPA,40899.0
MEM,TPA,49130.0
LGA,TPA,81516.0
BDL,TPA,31043.0
JFK,TPA,75032.0
EWR,TPA,95579.0
DAY,TPA,6674.0
DFW,TPA,127959.0
BOS,TPA,64743.0
ALB,TPA,2444.0
BGR,TPA,14.0
ATL,TPA,256245.0
ORD,TPA,98550.0
MDW,TPA,39395.0
IAH,TPA,74591.0
DTW,TPA,87220.0
MSP,TPA,41651.0
TLH,TPA,54199.0
MSY,TPA,60175.0
IND,TPA,33086.0
GRR,TPA,1115.0
IAD,TPA,50979.0
LAX,TPA,28837.0
DCA,TPA,51848.0
MCI,TPA,12370.0
ABQ,TPA,8365.0
GNV,TPA,4039.0
SBN,TPA,7.0
TPA,TYS,2325.0
BWI,TPA,96609.0
CLT,TPA,100931.0
CLE,TPA,34463.0
SYR,TPA,1022.0
SAV,TPA,32.0
RIC,TPA,1449.0
AVP,TPA,3.0
GSO,TPA,13293.0
PIT,TPA,62479.0
GSP,TPA,3138.0
CVG,TPA,57214.0
BHM,TPA,21342.0
CHS,TPA,1547.0
MGM,TPA,7.0
PVD,TPA,21380.0
STL,TPA,66934.0
MKE,TPA,12495.0
PNS,TPA,40988.0
BNA,TPA,50326.0
ROC,TPA,3748.0
FLL,TPA,157533.0
PBI,TPA,40534.0
JAX,TPA,48775.0
PHL,TPA,108341.0
SLC,TPA,4044.0
OKC,TPA,38.0
ACY,TPA,9847.0
HOU,TPA,10669.0
BUF,TPA,5377.0
TPA,TUL,32.0
BTR,TPA,24.0
CMI,TPA,4.0
LAS,TPA,22023.0
PHX,TPA,18402.0
ROA,TPA,16.0
SFO,TPA,32.0
ATW,TPA,4.0
ICT,TPA,9.0
JAN,TPA,28.0
MHT,TPA,13773.0
APF,TPA,9198.0
SHV,TPA,44.0
PFN,TPA,7044.0
EYW,TPA,45649.0
AUS,TPA,8026.0
MTJ,TPA,87.0
ABE,TPA,18.0
DET,TPA,32.0
LBB,TPA,7.0
DAL,TPA,44.0
ILM,TPA,4.0
SAT,TPA,7434.0
GPT,TPA,6671.0
HSV,TPA,1342.0
AMA,TPA,8.0
AGS,TPA,10.0
BYH,TPA,1.0
RFD,TPA,17.0
CRP,TPA,21.0
TPA,YIP,14.0
EWN,TPA,2.0
PUB,TPA,3.0
AFW,TPA,16.0
TOL,TPA,3.0
TPA,TUS,6.0
EWR,MCF,1.0
PGV,TPA,8.0
MDT,TPA,20.0
PIB,TPA,8.0
ILN,TPA,3560.0
AVL,TPA,3.0
GRB,TPA,9.0
MBS,TPA,7.0
MAF,TPA,6.0
EFD,TPA,5.0
CID,TPA,44.0
TPA,TUP,1.0
LEX,TPA,250.0
SAN,TPA,24.0
NZY,TPA,6.0
SUS,TPA,9.0
AEX,TPA,4.0
DSM,TPA,25.0
COS,TPA,21.0
SJC,TPA,8.0
PDX,TPA,8.0
CSG,TPA,6.0
LNK,TPA,4.0
OAK,TPA,7.0
LAN,TPA,6.0
SFB,TPA,16.0
MSN,TPA,24.0
FTW,TPA,5.0
BFM,TPA,1.0
SNA,TPA,5.0
NPA,TPA,2.0
SCE,TPA,11.0
MEI,TPA,1.0
AUS,MCF,1.0
GFK,TPA,3.0
TPA,VLD,1.0
LCK,TPA,3.0
BFI,TPA,1.0
MCF,SZL,1.0
FOE,TPA,7.0
BGR,MCF,1.0
CKB,TPA,8.0
MCF,PNS,1.0
MCF,RAP,2.0
CHO,TPA,4.0
BKL,TPA,2.0
AMA,MCF,1.0
TPA,TTN,2.0
MCF,YUM,2.0
BIF,MCF,1.0
ILG,TPA,1.0
LIT,TPA,21.0
MCF,SAV,1.0
AGC,TPA,1.0
BWG,TPA,5.0
ELP,TPA,19.0
COU,TPA,3.0
DLH,TPA,6.0
ITO,TPA,1.0
TMB,TPA,1.0
FWH,MCF,1.0
AHN,TPA,3.0
TCL,TPA,3.0
TPA,XNA,2.0
GTR,TPA,4.0
ATL,TUL,56358.0
ORD,TUL,83589.0
HOU,TUL,64012.0
IAH,TUL,73221.0
DTW,TUL,9162.0
IND,TUL,1471.0
MCI,TUL,50644.0
LIT,TUL,4180.0
LAX,TUL,1923.0
IAD,TUL,45.0
ABQ,TUL,1541.0
SGF,TUL,614.0
MSP,TUL,12385.0
MSY,TUL,63.0
AUS,TUL,1147.0
BOS,TUL,69.0
TUL,TUS,38.0
DFW,TUL,240601.0
DAL,TUL,110273.0
EWR,TUL,4928.0
PIT,TUL,22.0
CVG,TUL,19090.0
DSM,TUL,28.0
BHM,TUL,30.0
STL,TUL,103738.0
BNA,TUL,1068.0
SLC,TUL,23572.0
OKC,TUL,23315.0
JAX,TUL,7.0
PHL,TUL,44.0
SAV,TUL,2.0
RIC,TUL,11.0
CLE,TUL,589.0
BWI,TUL,54.0
CLT,TUL,14.0
PHX,TUL,42521.0
MEM,TUL,28120.0
LGA,TUL,89.0
JFK,TUL,47.0
HNL,TUL,4.0
BDL,TUL,21.0
ICT,TUL,6031.0
SEA,TUL,35.0
CMH,TUL,34.0
AMA,TUL,36.0
CYS,TUL,1.0
MCO,TUL,639.0
MDW,TUL,207.0
SAT,TUL,1412.0
SAN,TUL,1362.0
CRP,TUL,18.0
RDU,TUL,17.0
OAK,TUL,28.0
SNA,TUL,13.0
SHV,TUL,427.0
DCA,TUL,32.0
SJC,TUL,26.0
PDX,TUL,22.0
LAS,TUL,9807.0
SPS,TUL,29.0
SFO,TUL,34.0
FLL,TUL,16.0
DET,TUL,3.0
DAY,TUL,24.0
MKE,TUL,26.0
MDH,TUL,2.0
CHS,TUL,3.0
GSO,TUL,12.0
LBB,TUL,260.0
BGR,TUL,21.0
LEX,TUL,8.0
COS,TUL,1754.0
GNV,TUL,1.0
FYV,TUL,16.0
TUL,YIP,59.0
ELP,TUL,102.0
SMF,TUL,950.0
GJT,TUL,18.0
JAN,TUL,6.0
MTJ,TUL,1.0
LRD,TUL,38.0
MAF,TUL,8.0
AID,TUL,1.0
FSM,TUL,24.0
TUL,XNA,96.0
GRK,TUL,3.0
GRR,TUL,10.0
TLH,TUL,3.0
GCK,TUL,2.0
BRO,TUL,5.0
PVD,TUL,4.0
FWA,TUL,14.0
RFD,TUL,6.0
TUL,TYS,13.0
ADS,TUL,5.0
BUF,TUL,4.0
PDK,TUL,1.0
DRT,TUL,5.0
TCL,TUL,1.0
ILN,TUL,2930.0
SWO,TUL,1.0
SYR,TUL,1.0
MHT,TUL,3.0
GEG,TUL,5.0
AFW,TUL,2128.0
MOB,TUL,5.0
FAT,TUL,6.0
MLU,TUL,12.0
FNT,TUL,2.0
TOL,TUL,6.0
FOE,TUL,5.0
DLH,TUL,3.0
CID,TUL,10.0
GTF,TUL,3.0
ROW,TUL,2.0
LNK,TUL,5.0
TUL,YNG,3.0
GFK,TUL,4.0
FSD,TUL,6.0
SGH,TUL,2.0
CPR,TUL,2.0
MNN,TUL,1.0
RIV,TUL,4.0
LUK,TUL,2.0
MGM,TUL,5.0
EVV,TUL,11.0
CRW,TUL,3.0
CLL,TUL,27.0
OSH,TUL,1.0
HKS,TUL,1.0
OLS,TUL,2.0
GPT,TUL,6.0
COU,TUL,18.0
DQF,TUL,1.0
CAE,TUL,3.0
PUW,TUL,2.0
BIL,TUL,6.0
ISO,TUL,10.0
PIA,TUL,17.0
DPA,TUL,1.0
PIB,TUL,10.0
RFD,RVS,1.0
LFT,TUL,17.0
GRB,TUL,1.0
PBI,TUL,4.0
BIF,TUL,5.0
ATW,TUL,1.0
MSN,TUL,7.0
JAC,TUL,1.0
MWA,TUL,3.0
DHN,TUL,1.0
HSV,TUL,18.0
ANC,TUL,8.0
MTN,TUL,1.0
LAF,TUL,3.0
CMI,TUL,1.0
SFB,TUL,8.0
CLU,TUL,1.0
ANB,TUL,1.0
CHA,TUL,15.0
NZY,TUL,1.0
MDT,TUL,4.0
CKB,TUL,2.0
SUS,TUL,2.0
BTV,TUL,1.0
TIK,TUL,1.0
BQK,TUL,1.0
BFM,TUL,9.0
LAW,TUL,8.0
BTR,TUL,3.0
MKC,TUL,1.0
MHK,TUL,1.0
GSP,TUL,2.0
LCH,TUL,3.0
FDY,TUL,1.0
CSG,TUL,4.0
DFW,TYR,92348.0
GGG,TYR,8888.0
BPT,TYR,19.0
SHV,TYR,72.0
FYV,TYR,14.0
SGF,TYR,27.0
LFT,TYR,23.0
MLU,TYR,7.0
CLL,TYR,26.0
LCH,TYR,6.0
ESF,TYR,4.0
FSM,TYR,13.0
JAN,TYR,19.0
CRP,TYR,15.0
ICT,TYR,5.0
ILE,TYR,5.0
IAH,TYR,36004.0
LIT,TYR,20.0
TUL,TYR,12.0
HOU,TYR,22.0
MEM,TYR,5.0
AEX,TYR,10.0
TYR,XNA,5.0
BTR,TYR,31.0
TYR,TYS,20.0
MAF,TYR,3.0
LBB,TYR,1.0
SAV,TYR,13.0
STL,TYR,1.0
LRD,TYR,7.0
CAE,TYR,5.0
LAW,TYR,2.0
CID,TYR,9.0
CHA,TYR,8.0
CSG,TYR,2.0
GSP,TYR,11.0
GSO,TYR,11.0
CLE,TYR,7.0
ABI,TYR,5.0
HSV,TYR,6.0
FWA,TYR,6.0
PNS,TYR,21.0
SJT,TYR,1.0
CMH,TYR,2.0
AMA,TYR,1.0
MSN,TYR,3.0
RST,TYR,1.0
CVG,TYR,6.0
DAL,TYR,7.0
ADS,TYR,2.0
MOB,TYR,6.0
AUS,TYR,2.0
RDU,TYR,1.0
GPT,TYR,4.0
DSM,TYR,2.0
CHS,TYR,10.0
LEX,TYR,2.0
PIT,TYR,8.0
MCI,TYR,1.0
GRR,TYR,4.0
EVV,TYR,3.0
MKE,TYR,3.0
SPS,TYR,3.0
GRK,TYR,1.0
MDT,TYR,1.0
DRT,TYR,1.0
TLH,TYR,2.0
GEG,TYR,2.0
MGM,TYR,1.0
SMF,UKI,4302.0
EKA,UKI,351.0
ACV,UKI,23.0
CEC,UKI,8.0
OAK,UKI,21.0
RDD,UKI,4.0
STS,UKI,8.0
CIC,UKI,1.0
SYR,UCA,8.0
BWI,UCA,3407.0
CLE,UCA,6.0
ROA,UCA,5.0
ALB,UCA,4.0
PIT,UCA,1611.0
RIC,UCA,2.0
EWR,UCA,2.0
ERI,UCA,1.0
ACY,UCA,186.0
CVG,UCA,2.0
ROC,UCA,9.0
PVD,UCA,2.0
ATL,UCA,3.0
CHS,UCA,1.0
BUF,UCA,7.0
MDW,UCA,1.0
SAV,UCA,1.0
UCA,YNG,5.0
IND,UCA,1.0
ABY,ATL,63534.0
ABY,GNV,9.0
ABY,VLD,22.0
ABY,DHN,20.0
ABY,ILM,3.0
ABY,FAY,2.0
ABY,TLH,29.0
ABY,MYR,4.0
ABY,MEI,1.0
ABY,PFN,4.0
ABY,BQK,4.0
ABY,CSG,9.0
ABY,BFM,4232.0
ABY,CAE,1692.0
ABY,PHL,1802.0
ABY,JAX,50.0
ABY,YIP,13.0
ABY,MCO,23.0
ABY,CLT,2.0
ABY,CLU,1.0
ABY,LIT,4.0
ABY,EVV,1.0
ABY,LUK,1.0
ABY,TYS,2.0
ABY,AGS,3.0
ABY,BTR,2.0
ABY,IND,2.0
ABY,ISO,1.0
ABY,MEM,6.0
ABY,CHS,1.0
ABY,DAL,1.0
ABY,IAH,1.0
ABY,GRK,1.0
ABY,MLU,1.0
ABY,APF,1.0
ABY,CID,1.0
ABY,BHM,12.0
ABY,RFD,9.0
ABY,LRD,1.0
ABY,JAN,3.0
ABY,MGM,2.0
ABY,SUS,2.0
ABY,PBI,11.0
ALB,PHL,75469.0
ALB,JAX,38.0
ALB,MEM,3632.0
ALB,MCO,24593.0
ALB,BDL,9040.0
ALB,JFK,31082.0
ALB,LGA,34144.0
ALB,RDU,9461.0
ALB,PWM,16720.0
ALB,SYR,10456.0
ALB,CLE,31585.0
ALB,BWI,53812.0
ALB,CLT,23815.0
ALB,TYS,20.0
ALB,ATL,46895.0
ALB,BUF,26273.0
ALB,ORD,103764.0
ALB,DTW,53094.0
ALB,BTV,5948.0
ALB,PIT,50160.0
ALB,BGM,11.0
ALB,PVD,4146.0
ALB,ROC,13745.0
ALB,MKE,34.0
ALB,EWR,50008.0
ALB,DFW,41.0
ALB,DAY,38.0
ALB,BOS,34592.0
ALB,DCA,40039.0
ALB,MCI,47.0
ALB,IAD,28245.0
ALB,MSP,7902.0
ALB,IND,59.0
ALB,GRR,46.0
ABE,ALB,2676.0
ALB,STL,34.0
ALB,CVG,34930.0
ALB,GSP,29.0
ALB,BDR,10.0
ALB,MHT,5227.0
ALB,MDT,2801.0
ALB,IAH,8.0
ALB,CMH,55.0
ALB,CHS,9.0
ALB,FLL,869.0
ALB,PBI,33.0
ALB,RIC,21.0
ALB,LAS,6973.0
ALB,HVN,2.0
ALB,GSO,55.0
ALB,MBS,5.0
ALB,PHX,11.0
ALB,LAN,7.0
ALB,BGR,2913.0
ALB,AVP,388.0
ALB,PDX,6.0
ALB,ITH,4.0
ALB,ORH,4.0
ALB,BNA,41.0
ALB,MDW,6474.0
ALB,SEA,3.0
ALB,ELM,460.0
ALB,LEX,141.0
ALB,SLC,8.0
ALB,LCK,8.0
ALB,SAV,6.0
ALB,HOU,3.0
ALB,YIP,9.0
ALB,SGF,1.0
ALB,LAX,15.0
ALB,RFD,3.0
ALB,AMA,3.0
ALB,RUT,4075.0
ALB,CAE,13.0
ACY,ALB,351.0
ALB,SFO,9.0
ALB,ILN,1542.0
ALB,MSY,8.0
ALB,ALO,4.0
ALB,CSG,2.0
ALB,OCF,1.0
ALB,RNO,2.0
ALB,OGS,2617.0
ALB,OKC,19.0
ALB,MSN,16.0
ALB,SHD,1.0
ALB,CMI,1.0
ALB,SNA,2.0
ALB,ILM,7.0
ALB,JST,1.0
ALB,TVC,1.0
ALB,CHO,4.0
ALB,SFB,1.0
ALB,ROA,3.0
ALB,DSM,5.0
ALB,FWA,18.0
ALB,COS,1.0
ALB,RWI,44.0
ALB,FAY,2.0
ALB,YNG,4.0
ALB,RKD,2.0
ALB,SHV,1.0
ALB,XNA,3.0
ALB,ART,3130.0
ALB,SAN,4.0
AGC,ALB,4.0
ALB,MSO,2.0
ALB,PAH,1.0
ALB,YKM,1.0
ALB,HGR,1.0
ALB,STC,2.0
ALB,AUO,1.0
ALB,AUS,4.0
ALB,TUL,1.0
ALB,PBG,432.0
ALB,TOL,4.0
AGS,ALB,9.0
CVO,MFR,18.0
CVO,EUG,4.0
CVO,RBG,6.0
CVO,PDX,3819.0
CVO,RDM,2.0
BFI,CVO,2.0
CVO,LMT,2.0
APN,DTW,18913.0
APN,YIP,1.0
APN,MBS,11.0
APN,ERI,1.0
APN,IMT,1.0
APN,DSM,1.0
APN,BIF,1.0
APN,MKG,2.0
APN,CHO,1.0
AHN,ROA,1.0
AHN,GTR,19.0
AHN,CVG,4.0
AHN,LYH,1.0
AHN,PIT,2.0
AHN,CLT,7955.0
AHN,TCL,19.0
AHN,GNV,50.0
AHN,BTR,24.0
AHN,CID,1.0
AHN,ATL,3804.0
AHN,PVD,1.0
AHN,GSP,6.0
AHN,BNA,35.0
AHN,LEX,40.0
AHN,LIT,5.0
AHN,TYS,57.0
AHN,XNA,3.0
AHN,FYV,12.0
AHN,IND,1.0
AHN,AVL,1.0
AHN,RDU,5.0
AHN,CAE,6.0
AHN,TUP,6.0
AHN,BUF,1.0
AHN,CHO,5.0
AHN,CMI,1.0
AHN,SAV,2.0
AHN,AND,1.0
AHN,IAD,1.0
AHN,DCA,4.0
AHN,TLH,1.0
AHN,MSY,6.0
AHN,OKC,7.0
AHN,TUS,1.0
AHN,RIC,2.0
AHN,STL,2.0
AHN,SHV,3.0
AHN,MLU,1.0
AHN,LNK,3.0
MEM,MMI,5.0
MMI,SHV,25.0
MCI,MMI,2.0
BRO,MMI,6.0
LRD,MMI,36.0
MMI,YIP,8.0
ELP,MMI,5.0
ATL,AUO,2.0
AUO,LRD,1.0
AUO,OKC,1.0
ICT,IN1,4.0
AUS,PDX,51.0
AUS,SJC,27785.0
AUS,RIC,29.0
AUS,LAS,30308.0
AUS,CLE,6216.0
AMA,AUS,79.0
AUS,ICT,40.0
AUS,CAE,8.0
AUS,SEA,1175.0
AUS,LBB,28452.0
AUS,MEM,49692.0
AUS,PHX,105107.0
AUS,MAF,24362.0
AUS,MCO,12951.0
AUS,LGA,131.0
AUS,BDL,21.0
AUS,JFK,10591.0
AUS,DCA,75.0
AUS,LAX,32631.0
ABQ,AUS,2030.0
AUS,MCI,5176.0
AUS,IAD,12659.0
AUS,LIT,111.0
AUS,BTR,56.0
AUS,MSY,2872.0
AUS,SAT,23566.0
AUS,MSP,21486.0
AUS,BHM,82.0
AUS,HSV,31.0
AUS,CVG,18866.0
AUS,SMF,50.0
AUS,STL,33597.0
AUS,SNA,834.0
AUS,BNA,21362.0
AUS,ORD,106003.0
ATL,AUS,73746.0
AUS,ELP,59842.0
AUS,IAH,141609.0
AUS,HOU,151041.0
AUS,DTW,5939.0
AUS,DFW,256577.0
AUS,DAL,189702.0
AUS,EWR,16780.0
AUS,MLU,8.0
AUS,BOS,3836.0
AUS,TUS,1628.0
AUS,OKC,1329.0
AUS,SFO,8728.0
AUS,SLC,13266.0
AUS,JAX,1445.0
AUS,CRP,680.0
AUS,PHL,1670.0
AUS,FLL,2513.0
AUS,COS,91.0
AUS,PBI,38.0
AUS,SHV,56.0
AUS,RDU,7108.0
AUS,JAN,96.0
AUS,OAK,1251.0
AUS,FAT,11.0
AUS,MOB,20.0
AUS,DAY,838.0
AUS,SAN,10590.0
AUS,PNS,107.0
AUS,PIT,4144.0
ABI,AUS,62.0
AUS,CLT,4097.0
AUS,SBA,1.0
AUS,BFL,8.0
AUS,IND,777.0
AUS,HNL,18.0
AUS,CMH,64.0
AUS,BIL,1.0
AUS,SAV,15.0
AUS,BWI,11790.0
AUS,ESF,1.0
AUS,GSO,35.0
AUS,TYS,31.0
AUS,JAC,5.0
AUS,DSM,49.0
AUS,LFT,5.0
AUS,GJT,11.0
BSM,PHL,13.0
AUS,BRO,86.0
BSM,LAX,14.0
AUS,ILE,1.0
AUS,BPT,7.0
AFW,AUS,7368.0
AUS,MKE,34.0
AUS,MDW,5246.0
AUS,YIP,134.0
AUS,LSE,4.0
AUS,RST,7.0
AUS,LCK,613.0
AUS,LRD,184.0
BSM,DAY,1.0
AUS,CLL,22.0
ANC,AUS,74.0
AUS,COU,32.0
AUS,XNA,25.0
AUS,MHR,6.0
AUS,CHS,15.0
AUS,MGM,19.0
AUS,LCH,1.0
AUS,OGG,1.0
ANB,AUS,2.0
AUS,MTJ,5.0
AUS,LNK,30.0
AUS,ORL,1.0
AUS,CNW,152.0
AUS,MHK,26.0
AUS,BWD,3750.0
AUS,PFN,3.0
AUS,ILN,5877.0
AUS,SWO,39.0
AUS,SJT,6913.0
AUS,SBN,4.0
AUS,GNV,4.0
AUS,TLH,11.0
AEX,AUS,2.0
AUS,LEX,21.0
AUS,GRK,17.0
AUS,GEG,4.0
AUS,EUG,1.0
AUS,LAN,6.0
AUS,SFB,15.0
AUS,GTR,1.0
AUS,BFI,2.0
AUS,GRR,12.0
AUS,PVD,2.0
AUS,CKB,4.0
AUS,CRW,5.0
AUS,EFD,15.0
AUS,DRT,4.0
AUS,FOE,28.0
AUS,FTW,3.0
AUS,SGF,15.0
AUS,MKC,11.0
ALO,AUS,2.0
AUS,FAI,2.0
AUS,MSO,5.0
AUS,MCE,4.0
AUS,RDM,1.0
AUS,TCM,1.0
AUS,PIA,44.0
AUS,MDT,4.0
AUS,GSP,7.0
AUS,BIF,1.0
AUS,FYV,6.0
AUS,GPT,22.0
ADS,AUS,9.0
AUS,BGR,12.0
AUS,OCF,1.0
AUS,CGI,1.0
AUS,AVL,3.0
AUS,MSN,6.0
AUS,SKF,1.0
AUS,FSD,20.0
AUS,BUF,3.0
AUS,TUP,4.0
AUS,GRI,2.0
AUS,RFD,10.0
AUS,LAR,2.0
AUS,AZA,1.0
AUS,SSC,3.0
AUS,OPF,1.0
AUS,LGU,1.0
AUS,CDC,3.0
AUS,LAF,3.0
ABQ,TX6,2.0
AUS,PAM,1.0
BGR,RDU,13.0
BGR,MCO,5732.0
BGR,OAK,14.0
BGR,PWM,14032.0
BGR,BOS,97191.0
BGR,EWR,17884.0
BGR,BNA,27.0
BGR,BTV,316.0
BGR,MHT,2456.0
BGR,CVG,16012.0
BGR,HSV,32.0
BGR,PVD,4785.0
BGR,LAX,171.0
BGR,IAD,125.0
BGR,MCI,7.0
BGR,LIT,4.0
ATL,BGR,2388.0
BGR,ORD,1963.0
BGR,DTW,11075.0
BGR,SFO,159.0
BGR,TIK,1.0
BGR,FLL,368.0
BGR,DFW,30.0
BGR,JFK,3279.0
BDL,BGR,30.0
BGR,LGA,11795.0
BGR,LAS,58.0
BGR,BWI,561.0
BGR,IAH,99.0
BGR,STL,43.0
BGR,FWA,2.0
BGR,DCA,270.0
BGR,MSY,16.0
BGR,OKC,3.0
BGR,PHL,15956.0
BGR,SYR,12.0
BGR,SLC,4.0
BGR,CLE,18.0
BGR,PIT,1539.0
BGR,PBI,11.0
ANC,BGR,8.0
BGR,ORH,50.0
BGR,HVN,2.0
BGR,ROC,6.0
BGR,LBB,1.0
BGR,GPT,11.0
BGR,SAN,2.0
BGR,SFB,2029.0
BGR,YIP,48.0
BGR,MSP,271.0
BGR,CHS,330.0
BGR,BUF,3.0
BGR,CLT,12.0
BGR,FWH,3.0
ABE,BGR,476.0
BGR,SHD,4.0
BGR,SAV,7.0
BGR,RIC,22.0
BGR,ILG,11.0
BGR,MEM,10.0
BGR,MOB,3.0
BGR,TUS,5.0
BGR,FOE,12.0
BFM,BGR,12.0
BGR,ELM,1.0
BGR,IND,20.0
BGR,POB,23.0
BGR,SKF,5.0
BGR,SVN,17.0
BGR,BIF,19.0
BGR,SPS,1.0
BGR,COS,12.0
BGR,RIV,26.0
BGR,MSO,2.0
BGR,CMH,4.0
BGR,MSN,2.0
BGR,GRK,30.0
BGR,SEA,3.0
BGR,PHX,6.0
BGR,BIS,1.0
BGR,ROA,5.0
BGR,TYS,3.0
BGR,LAW,8.0
BGR,DAY,12.0
BGR,SAT,2.0
BGR,PKB,1.0
BGR,GFK,2.0
BGR,CKB,1.0
AEX,BGR,10.0
BGR,NKX,3.0
BGR,ELP,6.0
BGR,JAX,11.0
BGR,NIP,5.0
BGR,MUO,2.0
BGR,CVS,1.0
BGR,TCM,20.0
BGR,LNK,2.0
BGR,LSF,13.0
BGR,GSB,1.0
BGR,RKD,3.0
BGR,MHK,6.0
BGR,MKE,12.0
BGR,NZY,1.0
BGR,TOL,2.0
BGR,SSC,1.0
BGR,FFO,2.0
BGR,BTR,2.0
ABI,BGR,1.0
BGR,MQT,2.0
BGR,LSV,6.0
BGR,LAN,1.0
ABQ,BGR,4.0
BGR,XNA,7.0
BGR,GRR,1.0
BGR,GSP,6.0
BGR,MDW,5.0
BGR,SBA,1.0
BGR,GEG,1.0
ALO,BGR,2.0
BGR,RFD,3.0
BGR,DSM,51.0
AZA,BGR,1.0
BGR,SCE,3.0
ACY,BGR,4.0
BGR,DAL,3.0
BFL,BIH,1.0
BIH,VGT,1.0
BIH,LAS,1.0
BOS,ROA,13.0
BOS,RDU,101031.0
BOS,CMH,59597.0
ATW,BOS,2.0
BOS,ICT,19.0
BOS,JFK,223342.0
BOS,LGA,470737.0
BDL,BOS,25425.0
BOS,MCO,133437.0
BOS,MEM,44405.0
BOS,PHX,30134.0
BOS,LNK,22.0
BOS,MSN,24.0
BOS,LAX,105262.0
BOS,DCA,331021.0
BOS,IAD,172146.0
BOS,MCI,12686.0
BOS,MSP,83968.0
BOS,IND,36590.0
BOS,PHL,295593.0
BOS,SFO,94767.0
ACY,BOS,7827.0
BOS,SLC,31695.0
BOS,PBI,44579.0
BOS,COS,56.0
BOS,FLL,70732.0
BOS,DFW,154854.0
BOS,EWR,262308.0
BOS,DAY,5908.0
BOS,MKE,54389.0
BOS,STL,67663.0
BOS,ROC,51564.0
BNA,BOS,19333.0
BOS,PVD,7742.0
BOS,PIT,102394.0
BOS,FWA,802.0
BOS,GSO,14245.0
BOS,CVG,78373.0
BOS,MHT,17263.0
BOS,EVV,7.0
BOS,CHS,1984.0
BOS,BTV,40383.0
BOS,IAH,66505.0
BOS,DTW,110151.0
BOS,ORD,303792.0
BOS,BUF,55914.0
ATL,BOS,201386.0
BOS,MDW,23947.0
BOS,PWM,59668.0
BOS,RIC,36535.0
BOS,SYR,41383.0
BOS,SAV,2100.0
BOS,LAS,35970.0
BOS,CLE,74543.0
BOS,CLT,116719.0
BOS,BWI,153493.0
BOS,SJC,19056.0
BOS,JAX,5746.0
BOS,SEA,21782.0
BOS,LIT,59.0
BOS,SBN,12.0
ABQ,BOS,18.0
BOS,MSY,2192.0
BFM,BOS,1.0
BOS,TUS,13.0
BOS,HSV,66.0
BOS,MDT,10882.0
BOS,SAN,10046.0
BOS,GSP,54.0
BDR,BOS,7427.0
BOS,MOB,2.0
BOS,SHV,84.0
BOS,HVN,0.0
BOS,SNA,16.0
BOS,ORH,21.0
BOS,DSM,43.0
ABE,BOS,5922.0
BOS,JAN,8.0
BOS,TTN,7142.0
AVP,BOS,4095.0
BOS,RDG,12.0
BOS,CAE,1028.0
BOS,MYR,6071.0
ANC,BOS,43.0
BOS,PDX,2060.0
BOS,OAK,7378.0
BOS,SFB,111.0
BOS,YIP,73.0
BOS,GRB,18.0
AVL,BOS,4.0
BOS,ELP,2.0
BOS,DET,25.0
AEX,BOS,36.0
BHM,BOS,19.0
BOS,LCK,30.0
BOS,FOE,5.0
BOS,RFD,604.0
BOS,SVN,35.0
BOS,ILN,6200.0
AUG,BOS,12670.0
BOS,ITH,2.0
BOS,FFO,1.0
BOS,DAL,26.0
BOS,TOL,131.0
BOS,TCM,3.0
BOS,RUT,10984.0
BOS,GPT,9.0
BKL,BOS,13.0
BOS,RKD,16200.0
BOS,BWG,1.0
BOS,GRR,75.0
BOS,GNV,3.0
BOS,ILM,16.0
BOS,HOU,23.0
BOS,OGS,6.0
BFI,BOS,9.0
BOS,MTJ,1.0
BOS,POB,45.0
AGS,BOS,19.0
BOS,EFD,12.0
BOS,YNG,6.0
BOS,SAT,32.0
BOS,TLH,24.0
BIF,BOS,2.0
BOS,DYS,1.0
BOS,MCE,1.0
BOS,RIV,7.0
BOS,SBY,1.0
BOS,MHK,3.0
BOS,CSG,2.0
BOS,CUB,2.0
BOS,OKC,63.0
BOS,MKC,4.0
BOS,BTR,7.0
BOS,PAM,1.0
BOS,RAP,2.0
ART,BOS,1487.0
BOS,CKB,6.0
BOS,PBG,4099.0
BOS,SCE,9.0
BOS,OAJ,2.0
BOS,LRD,1.0
BOS,DLH,18.0
BOS,LUK,1.0
BOS,GEG,7.0
BOS,LAN,12.0
BMG,BOS,1.0
BOS,NBG,3.0
BOS,PGD,1.0
BOS,PDK,2.0
BOS,DHN,1.0
BOS,GRK,4.0
BIS,BOS,1.0
BOS,LFT,19.0
BYI,SLC,4.0
BYI,TWF,1.0
BYI,FVS,1.0
CPR,GCC,3282.0
CPR,JFK,2.0
CPR,SLC,25172.0
CPR,SFO,3.0
CPR,EWR,2.0
CPR,HOU,1.0
CPR,ORD,270.0
BZN,CPR,5.0
CPR,RAP,3406.0
CPR,MSP,4378.0
CPR,CWA,3.0
BOS,CPR,1.0
BIS,CPR,9.0
CPR,CVG,5.0
CPR,MKE,1.0
CPR,PDX,12.0
CLE,CPR,3.0
CPR,JAC,6882.0
CPR,FSD,11.0
CPR,DTW,3.0
CPR,PHL,3.0
CPR,DFW,4.0
CPR,CYS,38.0
CPR,LAR,10.0
ATL,CPR,4.0
CPR,RIW,1539.0
CPR,RKS,5981.0
CPR,GJT,255.0
CPR,FMN,1.0
CPR,DSM,1.0
CPR,EAU,1.0
BIL,CPR,498.0
CPR,MSN,3.0
BFF,CPR,3851.0
CPR,GTF,31.0
CPR,MEM,3767.0
CPR,LBB,2.0
CPR,PHX,3.0
CPR,SEA,7.0
CPR,GEG,12.0
CPR,SHR,83.0
COS,CPR,36.0
CPR,DIK,1.0
CPR,IND,4.0
CPR,GGG,1.0
CPR,OAK,6.0
CPR,LAS,276.0
CPR,TUS,5.0
CPR,LGA,1.0
CPR,PIT,1.0
CDC,CPR,1.0
CPR,JAN,2.0
CPR,MSO,4.0
CPR,MTJ,3.0
CPR,FAR,3.0
CPR,IDA,24.0
CPR,GFK,6.0
CPR,MCI,2.0
ABQ,CPR,2.0
CPR,FSM,1.0
CPR,PVD,1.0
CPR,EUG,3.0
CPR,DAL,1.0
CPR,DRO,1.0
CPR,JAX,1.0
CPR,HLN,1.0
CPR,CRW,1.0
CPR,MDW,1.0
AZA,CPR,1.0
CPR,IAH,3.0
CPR,TCM,3.0
CPR,TVC,1.0
CPR,IAD,3.0
CPR,SGF,1.0
BHM,CPR,1.0
ABQ,CVN,12657.0
CVN,ROW,554.0
CNM,CVN,25.0
CVS,DFW,3.0
CVS,SHV,1.0
BAD,CVS,6.0
CVS,TUS,23.0
CVS,HNL,5.0
CVS,LSV,40.0
CVS,DSM,1.0
CVS,HOU,1.0
CLL,CVS,1.0
CVS,PAM,5.0
AMA,CVN,1052.0
CVS,RFD,2.0
CVS,JFK,3.0
CVS,LAS,1.0
CVN,SVC,2.0
CVS,DMA,2.0
CVS,SAT,1.0
DFW,TUS,123345.0
DFW,TOL,3678.0
DFW,EWR,172264.0
DAY,DFW,39719.0
DFW,FTW,29.0
DFW,FAT,24063.0
DFW,MOB,27704.0
DFW,EUG,13.0
DFW,MLU,30289.0
DAL,DFW,198.0
DFW,IDA,339.0
DFW,MCI,180975.0
ABQ,DAL,92460.0
ABQ,DFW,135811.0
DCA,DFW,184933.0
DFW,LAX,271963.0
DFW,IAD,109156.0
DFW,LIT,167708.0
DAL,LIT,99307.0
DAL,MCI,25545.0
BFL,DFW,8602.0
DFW,SHV,158340.0
BTR,DFW,105360.0
DFW,SBN,9.0
DFW,MSP,182909.0
DAL,MSY,66223.0
DFW,MSY,142134.0
DFW,SAT,262514.0
DAL,SAT,193920.0
DFW,SGF,105929.0
DFW,IND,85127.0
DFW,FAY,29.0
DFW,SFO,186239.0
DFW,SLC,132397.0
DFW,OKC,218776.0
DAL,OKC,94572.0
CRP,DFW,129048.0
DFW,PHL,148502.0
DFW,SPS,95269.0
DFW,GJT,2940.0
DFW,JAX,66669.0
CRP,DAL,493.0
DFW,SBA,6140.0
DFW,FLL,104701.0
COS,DFW,103319.0
DFW,PBI,57032.0
BHM,DFW,61444.0
DFW,PIT,91265.0
CHS,DFW,17343.0
CVG,DFW,109276.0
DFW,DSM,54403.0
DFW,GSO,39896.0
DFW,HSV,66170.0
DFW,MGM,12026.0
CRW,DFW,5.0
DFW,SMF,76790.0
DFW,STL,188277.0
DFW,PNS,36709.0
DFW,SNA,141215.0
DFW,MKE,72349.0
BNA,DFW,150390.0
DAL,STL,23584.0
BNA,DAL,172.0
DFW,LEX,12726.0
DFW,RST,569.0
DFW,SJC,119804.0
DFW,SAV,25344.0
DFW,RIC,36818.0
DFW,PDX,85550.0
DFW,PWM,13.0
BWI,DFW,91423.0
CLE,DFW,87468.0
CLT,DFW,133979.0
DFW,LAS,203942.0
DFW,TYS,38359.0
DFW,ICT,144882.0
CAE,DFW,23865.0
DFW,RDU,112649.0
DFW,SEA,148095.0
CMH,DFW,62399.0
BFI,DFW,71.0
AMA,DAL,101110.0
AMA,DFW,130224.0
DFW,ROW,4738.0
DFW,LBB,149134.0
DAL,LBB,118105.0
DFW,PHX,245562.0
DFW,MCO,162053.0
DAL,PHX,280.0
DFW,JAN,106021.0
DAL,MAF,95382.0
DFW,MAF,91687.0
DFW,JAC,6416.0
DFW,OAK,77177.0
DFW,MEM,172345.0
DFW,JFK,40353.0
DFW,LGA,220348.0
BDL,DFW,48197.0
DFW,HNL,37120.0
DFW,DTW,158072.0
DFW,IAH,364521.0
DFW,ELP,149543.0
DFW,HOU,199412.0
DAL,ELP,79011.0
DAL,HOU,408273.0
DAL,IAH,138601.0
ATL,DFW,399696.0
DFW,ORD,368300.0
DFW,MDW,61662.0
ABI,DFW,77936.0
COS,DAL,14.0
DAL,PHL,25.0
DAL,DAY,49.0
DFW,TLH,3784.0
DFW,GGG,39844.0
CMH,DAL,36.0
DFW,SAN,154236.0
DFW,FWA,16656.0
BHM,DAL,5506.0
DFW,LFT,61254.0
ANC,DFW,23531.0
DAL,SAV,4.0
DFW,SYR,2116.0
DFW,LAW,104618.0
DFW,LRD,41162.0
DAL,MDW,90.0
BUF,DFW,2960.0
DFW,LCH,14254.0
CLL,DFW,83658.0
FTW,STL,4.0
DFW,ROC,2073.0
ESF,FTW,1.0
DFW,ESF,12625.0
DFW,FSM,86360.0
DFW,FYV,53706.0
DFW,SJT,79881.0
DCA,FTW,1.0
DFW,ILE,89964.0
BIL,DFW,9.0
BPT,DFW,56408.0
BDL,DAL,3.0
DAL,GGG,4.0
ATL,DAL,7714.0
AGS,DFW,9.0
DAL,LGA,2297.0
FTW,SJT,1.0
DAL,SHV,39.0
DFW,TWF,2.0
DAL,LAX,5130.0
DAL,FYV,7.0
DAL,SPS,14.0
DFW,MDT,1508.0
DFW,GSP,25388.0
DAL,ESF,1.0
DFW,GLH,1.0
DAL,FSM,5.0
BTV,DFW,2.0
DAL,LRU,3.0
DAL,SMF,42.0
AFW,LAS,6.0
DAL,LAS,535.0
DFW,GPT,11028.0
BPT,DAL,5.0
DAL,DTW,31.0
DFW,DRO,2299.0
DAL,PBI,8.0
AFW,DFW,155.0
AFW,MSY,30.0
BRO,DFW,1223.0
DFW,GTF,9.0
AFW,MCO,99.0
DFW,MEI,123.0
DFW,GTR,1242.0
AFW,BNA,10.0
DAL,PIT,23.0
DFW,FMN,4.0
CRS,DFW,1.0
CLT,DAL,43.0
AFW,BOS,2.0
AFW,YIP,28.0
DAL,FLL,41.0
AFW,SFO,12.0
AFW,FLL,5926.0
DAL,GLH,1.0
AFW,CVG,2.0
AEX,DFW,31063.0
DFW,EVV,3257.0
AFW,SNA,5.0
AFW,STL,8.0
DFW,GFK,10.0
DAL,IND,58.0
DAL,MCO,58.0
ADS,MEM,9.0
AFW,BDL,2.0
DFW,YIP,142.0
AFW,ATL,3042.0
DAL,ORD,7384.0
AFW,TUS,7.0
AFW,LIT,4.0
DAL,DCA,3.0
AFW,OKC,195.0
FTW,SAN,4.0
DFW,PVD,1769.0
DFW,FCA,2.0
AFW,CLT,121.0
DAL,RDU,25.0
AFW,DTW,6.0
FTW,HOU,1080.0
AFW,ORD,2040.0
AFW,MDW,5.0
AFW,PWK,1.0
ADS,YIP,115.0
CLL,DAL,41.0
AFW,DAY,9.0
AFW,GYY,3.0
DFW,XNA,90944.0
DFW,SUX,1.0
ADS,MCI,12.0
DAL,JAN,34.0
DAL,OAK,64.0
AFW,BFI,2.0
DFW,RAP,3.0
CVG,DAL,1562.0
BWI,DAL,48.0
AFW,CLE,2.0
AFW,LGA,2.0
ADS,CLT,15.0
AFW,AZO,1.0
ADS,ELP,38.0
AGS,DAL,1.0
AFW,AGS,3.0
ABI,DAL,15.0
DFW,NKX,4.0
DAL,SAN,22.0
DFW,FSD,45.0
DAL,XNA,40.0
DFW,GRR,18596.0
CID,DFW,29140.0
DFW,MBS,12.0
DAL,ICT,13.0
AFW,OAK,4391.0
AFW,JAC,2.0
DAL,MEM,1190.0
AFW,MEM,170.0
DFW,MTJ,2576.0
DFW,MKG,4.0
DFW,LCK,27.0
AFW,LCK,3.0
DAL,SEA,6.0
DFW,OGG,6681.0
DFW,MSN,9374.0
AFW,GRK,3.0
AFW,IAH,3009.0
DFW,GRB,537.0
DAL,TYS,16.0
AFW,TYS,2.0
DAL,JFK,11.0
CLE,DAL,2445.0
AFW,BWI,5.0
ADS,DFW,4.0
DAL,LRD,117.0
DAL,LAW,5.0
CHA,DFW,3478.0
DAL,IAD,1414.0
ADS,WGO,1.0
ADS,LIT,7.0
FTW,NEW,2.0
AFW,SAT,2955.0
DAL,MSP,86.0
DAL,SFO,15.0
DAL,MKE,122.0
AEX,DAL,10.0
AFW,GSP,3.0
DAL,GSP,10.0
DFW,MHR,180.0
DAL,PVD,4.0
ADS,SAN,3.0
ADS,SUS,8.0
ADS,BNA,12.0
ADS,GSP,9.0
ADS,EVV,16.0
ADS,FWA,8.0
ADS,GSO,2.0
DAL,LUK,3.0
DFW,SUS,4.0
FTW,FWA,2.0
CLE,FTW,3.0
ADS,CLE,4.0
DAL,LFT,11.0
AFW,LFT,5.0
DFW,RFD,3808.0
ADS,PDX,1.0
ADS,LBL,1.0
FTW,MEM,6.0
DAL,ILE,1.0
AFW,LBB,5486.0
DFW,ROA,29.0
ADS,MBS,5.0
DFW,GEG,2474.0
ADS,RDU,8.0
CAE,DAL,7.0
DFW,EFD,778.0
ADS,EFD,2.0
ADS,BUF,8.0
FTW,YIP,64.0
ADS,SLC,3.0
DAL,SLC,63.0
CHO,DAL,2.0
ADS,IPT,1.0
DAL,MLU,3.0
ADS,DAY,20.0
ADS,LRD,111.0
AFW,FWH,2.0
AFW,OMA,3.0
ADS,TOL,12.0
FTW,PIA,65.0
DFW,PIA,6734.0
ADS,SAT,4.0
ADS,LAX,18.0
AFW,IND,19.0
AFW,IAD,73.0
AFW,SHV,1674.0
BTR,DAL,11.0
ADS,BRO,18.0
BRO,DAL,20.0
DAL,ILN,5501.0
DFW,HOT,8337.0
DFW,ILN,3848.0
FTW,MCI,2.0
FTW,PIB,10.0
FTW,SHV,2.0
ADS,YNG,2.0
AFW,MCI,264.0
AFW,LAX,6451.0
FTW,SAT,3.0
AFW,MSP,1467.0
FTW,MSY,7.0
ADS,IND,19.0
DFW,POB,777.0
AFW,PHX,860.0
FTW,SEA,1.0
DAL,MBS,4.0
DAL,GTR,5.0
ADS,OLS,6.0
ADS,LAN,1.0
DAL,SFB,4.0
FTW,LBB,9.0
DAL,GPT,16.0
DFW,HRO,551.0
DAL,LWS,7.0
ADS,MKG,3.0
ADS,FLO,1.0
ADS,BDL,5.0
ADS,STL,5.0
AFW,EVV,1.0
ADS,CVG,3.0
FTW,SUS,3.0
FTW,PGV,2.0
AFW,BHM,3.0
DAL,GSO,13.0
AFW,FSM,1.0
FSM,FTW,1.0
DAL,HSV,17.0
AFW,HSV,3.0
CRW,DAL,4.0
CHS,DAL,1.0
DAL,DSM,18.0
CVG,FTW,5.0
DFW,PNC,1909.0
AFW,SMF,81.0
AFW,SAN,2440.0
DFW,NPA,1.0
ADS,MKE,8.0
DAL,LEX,154.0
ADS,LEX,8.0
ABE,ADS,1.0
ADS,SYR,4.0
ADS,RFD,3.0
DFW,ELD,8264.0
DFW,FAI,11.0
AFW,ANC,1336.0
BWD,DFW,4168.0
ANC,FWH,2.0
DFW,JBR,151.0
AFW,TUP,1.0
ADS,TUS,5.0
DAL,EWR,50.0
ADS,EWR,6.0
ADS,PIA,10.0
AFW,DAL,14.0
DAL,MCE,4.0
FTW,LRD,14.0
DAL,FAT,5.0
FNT,FTW,4.0
AFW,RNO,7.0
CNW,DFW,26.0
CNW,DAL,2.0
FTW,MDW,3.0
DAL,YIP,114.0
AFW,ELP,52.0
AFW,DRT,50.0
ELP,FTW,10.0
FTW,ORD,2.0
DTW,FTW,2.0
DAL,EFD,9.0
DFW,PDK,3.0
ADS,OKC,12.0
DAL,SBA,4.0
DAL,LCH,7.0
AFW,SLC,25.0
DFW,MYR,237.0
DFW,OAJ,1.0
FTW,OKC,1.0
DFW,NZY,15.0
AFW,RST,1.0
FTW,MKE,5.0
DAL,MHK,14.0
DAL,EVV,5.0
DAL,FWA,13.0
DAL,SUS,25.0
ADS,HSV,9.0
DFW,MXF,1.0
DAL,MGM,14.0
AFW,MXF,1.0
BHM,FTW,4.0
FTW,GSP,1.0
DAL,MHR,2.0
AFW,GRR,2.0
ADS,GRR,5.0
DFW,GNV,7.0
DAL,MKC,5.0
DFW,PIB,3.0
DFW,TCL,3.0
AFW,GTF,2.0
DFW,PFN,817.0
ADS,SGF,1.0
FTW,MSP,5.0
ADS,CMH,4.0
BFI,DAL,26.0
FTW,MBS,1.0
COU,DFW,12.0
AFW,BIL,2.0
AFW,ICT,4691.0
ADS,ICT,2.0
DAL,GEG,1.0
AFW,SEA,298.0
COU,DAL,21.0
DFW,GRK,38333.0
FTW,GRK,1.0
DFW,SFB,41.0
FTW,MCO,3.0
DAL,LNK,17.0
AFW,JAN,1.0
BUF,DAL,18.0
ADS,ATL,4.0
DRT,FTW,7.0
DAL,DRT,8.0
DFW,DRT,8.0
DFW,LAF,1.0
ADS,GRB,4.0
DAL,GRB,9.0
DAL,LSE,10.0
DAL,PDX,23.0
AFW,SJC,790.0
DAL,SJC,27.0
FTW,YUM,3.0
DAL,TUS,16.0
FTW,TUS,3.0
FTW,PUB,1.0
DAL,TCM,2.0
DAL,PIA,8.0
DFW,FOE,14.0
AFW,LRD,14.0
ADS,FTW,1.0
AFW,FTW,1.0
AFW,BFM,8.0
ADS,BFM,1.0
BFM,DFW,1.0
DAY,FTW,1.0
ADS,DAL,32.0
ALB,DAL,3.0
DNE,MIA,1.0
ADS,FNT,3.0
DFW,HOB,1.0
DFW,SSC,3.0
DAL,FOE,11.0
DFW,NBG,2.0
DAL,HUF,2.0
ADS,ILM,6.0
ADS,SHV,3.0
ADS,ILG,7.0
BAD,DFW,2.0
BMG,DAL,2.0
AFW,CHA,2.0
AFW,SJT,5.0
DAL,TCL,3.0
ADS,TCL,1.0
DAL,ILM,8.0
FTW,LIT,2.0
DFW,NIP,2.0
AFW,PHL,1.0
FTW,PIT,1.0
DFW,RCA,3.0
ADS,SDM,9.0
DFW,RIV,26.0
DFW,LSV,9.0
DAL,MFD,1.0
DDC,DFW,1.0
ADS,FSM,1.0
ADS,BHM,3.0
DFW,MHT,4.0
DAL,PGV,5.0
AFW,GSO,2.0
BKL,DAL,8.0
AVL,DAL,10.0
DFW,EDF,2.0
ADS,AVL,20.0
FTW,IPL,1.0
AVL,DFW,4.0
DAL,RFD,3.0
ADS,SQI,1.0
AVP,DFW,2.0
DAL,RIC,6.0
DFW,SVN,21.0
AFW,MAF,718.0
DAL,OLS,4.0
DAL,OSH,3.0
ADS,JAN,2.0
DAL,LCK,3.0
DAL,MEI,5.0
AFW,MEI,10.0
CSG,DFW,14.0
AFW,RDU,3.0
ADS,ROA,2.0
ADS,CLU,3.0
FTW,PHX,2.0
ADM,ADS,2.0
DAL,DPA,6.0
BIF,DFW,8.0
DFW,DPA,14.0
ADS,DPA,7.0
DBQ,DFW,9.0
DAL,DRO,161.0
ADS,DRT,9.0
DFW,TVC,386.0
DAL,PNE,2.0
AFW,EWR,632.0
DFW,DHN,4.0
DAL,GYY,2.0
DAL,DOV,1.0
ADS,ILN,3.0
DAL,SJT,3.0
AFW,FSD,3.0
CYS,DFW,12.0
CSG,DAL,2.0
ADS,PHX,5.0
ADS,COU,3.0
ADS,BFI,4.0
DFW,LSF,1.0
ADS,CAE,4.0
DFW,HKS,1.0
DAL,ISO,4.0
DAL,MTJ,3.0
EGP,FTW,2.0
ATY,DFW,1.0
ADS,PIT,2.0
FTW,LAS,4.0
DFW,MHK,499.0
DAL,ROC,1.0
AFW,MKE,3.0
FWH,NZY,3.0
DAL,SDM,2.0
AFW,RIC,1.0
AFW,JFK,18.0
DFW,SCK,1.0
CMI,DFW,3411.0
ADS,JFK,2.0
ALO,DAL,8.0
DAL,TOL,5.0
AFW,PIA,3.0
DFW,JLN,584.0
ABI,AFW,10.0
ADS,DBQ,1.0
ADS,DET,2.0
ADS,SFO,1.0
ADS,CGI,1.0
AFW,BWG,3.0
DAL,JAX,4.0
ADS,FLL,5.0
ADS,CLL,6.0
FTW,SLC,9.0
DAL,NPA,1.0
DAL,MDT,5.0
CSV,DAL,1.0
AFW,XNA,2.0
DFW,SZL,1.0
DAL,GRR,8.0
DAL,FAY,8.0
ADS,CHA,2.0
CHA,FTW,1.0
CHA,DAL,2.0
DAL,SUX,1.0
ADS,IAD,3.0
DAL,ILG,6.0
AFW,SGF,37.0
AFW,GEG,1.0
DNE,LUF,1.0
DAL,MSN,2.0
DAL,GRK,3.0
DFW,LAR,7.0
DFW,LNK,10.0
DFW,ISO,2.0
ADS,OAK,3.0
DAL,JAC,2.0
ADS,GTR,1.0
ADS,IAH,10.0
ADS,HOU,4.0
ADS,DTW,3.0
ADS,ORD,2.0
ADS,GAD,1.0
BKL,DFW,4.0
DAL,LAF,4.0
DAL,VCT,8.0
DAL,MOB,3.0
ADS,OPF,1.0
DFW,MCF,1.0
ABY,DFW,1.0
DAL,RMG,1.0
ADS,BGR,1.0
EWR,FTW,1.0
ADS,RWI,1.0
ADS,BTL,2.0
AFW,TLH,1.0
ADS,FYV,2.0
ADS,FAY,1.0
DAL,YNG,2.0
ABQ,AFW,863.0
AFW,DCA,2.0
DAL,PIB,4.0
DAL,RAP,1.0
AFW,PIT,1.0
DAL,SNA,10.0
DAL,PNS,3.0
AFW,PGV,1.0
DFW,LRU,1.0
ATY,DAL,2.0
ADS,SJC,6.0
FTW,SJC,1.0
ADS,BWI,2.0
ANC,DAL,1.0
DAL,FCA,2.0
DFW,EIL,1.0
AFW,AZA,1.0
AZA,DAL,2.0
ADS,GEG,1.0
BPT,FTW,1.0
CSG,FTW,2.0
DAL,OGG,2.0
ADS,MCO,2.0
DAL,FDY,1.0
ADS,JAX,1.0
FWH,TUS,5.0
DAL,FTW,2.0
BMI,DFW,835.0
DFW,MKC,4.0
ADS,BTR,2.0
DAL,MCC,1.0
DAL,SPI,1.0
DFW,STJ,1.0
FTW,SWO,2.0
DAL,PKB,1.0
DAL,NEW,2.0
ADS,CSG,2.0
ANB,DAL,2.0
FTW,LAR,2.0
ADS,LAS,2.0
ADS,GDC,9.0
ADS,MHT,1.0
AFW,BGM,1.0
DAL,FAI,1.0
DFW,SAF,482.0
FTW,SAF,1.0
ADS,TPA,1.0
FWH,MIA,1.0
DFW,PUB,26.0
DAL,MIE,1.0
BKG,DFW,128.0
ADS,BJI,1.0
ADS,HKY,3.0
DFW,PWK,1.0
CHI,DFW,24.0
ADS,CHO,3.0
CHO,DFW,3.0
BWG,DAL,2.0
FWH,TIK,1.0
ACY,DAL,2.0
DNN,MDW,2.0
DNN,YIP,1.0
DNN,MEM,1.0
DAY,LAN,4331.0
DAY,MEM,8086.0
DAY,MCO,16405.0
DAY,PHX,495.0
DAY,JFK,1713.0
DAY,LGA,27163.0
BDL,DAY,432.0
CMH,DAY,5251.0
DAY,RDU,1656.0
DAY,ICT,1782.0
DAY,STL,56471.0
DAY,ROC,1558.0
DAY,LEX,514.0
DAY,SNA,3.0
DAY,PIT,46552.0
DAY,FWA,4421.0
CVG,DAY,41621.0
DAY,EVV,3833.0
DAY,MHT,8.0
CRW,DAY,9.0
DAY,MSP,31044.0
DAY,TLH,4.0
DAY,SAT,19.0
DAY,GRR,4590.0
DAY,IND,1781.0
DAY,DCA,39486.0
DAY,LAX,8665.0
DAY,SBN,4610.0
DAY,MCI,1703.0
DAY,IAD,20185.0
DAY,PHL,39560.0
DAY,SFO,772.0
DAY,FLL,2517.0
DAY,PBI,8.0
DAY,IAH,14190.0
DAY,ORD,129989.0
ATL,DAY,118365.0
BUF,DAY,65.0
CMI,DAY,4324.0
CLT,DAY,57506.0
BWI,DAY,14781.0
DAY,FAI,2.0
CLE,DAY,45450.0
AZO,DAY,4484.0
DAY,LAS,219.0
ANC,DAY,258.0
DAY,SYR,50.0
DAY,EDF,1.0
ABE,DAY,41.0
DAY,EWR,32361.0
DAY,TOL,3089.0
DAY,MSY,40.0
DAY,LNK,4.0
DAY,GSO,2799.0
BGM,DAY,3.0
DAY,DSM,229.0
DAY,SMF,2.0
DAY,MKE,10424.0
DAY,PWM,7.0
DAY,MDW,26866.0
DAY,DTW,61076.0
DAY,HOU,8.0
DAY,ELP,1380.0
CAE,DAY,24.0
DAY,PIA,1285.0
DAY,SPI,2.0
DAY,OKC,113.0
DAY,SLC,327.0
BNA,DAY,1342.0
DAY,SAV,4.0
DAY,OSH,1.0
DAY,MBS,9.0
DAY,SAN,76.0
DAY,SGH,1.0
ABQ,DAY,33.0
DAY,RIC,56.0
DAY,TYS,49.0
ATW,DAY,10.0
DAY,MDT,1141.0
DAY,PVD,325.0
COS,DAY,8.0
DAY,JAX,25.0
DAY,YIP,593.0
DAY,SGF,4.0
BFF,DAY,4.0
DAY,FAY,1.0
DAY,SHV,203.0
DAY,RAP,4.0
DAY,LSE,6.0
AVP,DAY,11.0
DAY,TUS,367.0
DAY,SEA,890.0
BRO,DAY,232.0
DAY,SJC,27.0
DFW,MGY,4.0
DAY,SUS,3.0
DAY,GSP,32.0
DAY,DET,4.0
DAY,MRC,3.0
BTV,DAY,17.0
DAY,LRD,705.0
DAY,LCK,53.0
DAY,OAK,5.0
DAY,LIT,58.0
DAY,IPT,1.0
MGY,YIP,30.0
BUF,MGY,3.0
DAY,PDX,162.0
FFO,PAM,10.0
FFO,MSP,2.0
DAY,TCL,5.0
DAY,GRI,2.0
CHS,DAY,8.0
BHM,DAY,20.0
DAY,MHR,202.0
LEX,MGY,2.0
CHO,DAY,7.0
ACY,DAY,134.0
DAY,PWK,1.0
DAY,DCU,1.0
DAY,HNL,1.0
DAY,MKL,3.0
MGY,TUL,1.0
DAY,FSD,10.0
LIT,MGY,11.0
DAY,YNG,8.0
IND,MGY,1.0
BWG,DAY,2.0
DAY,MYR,3.0
MGY,OKC,7.0
DAY,HSV,18.0
DAY,GRB,3.0
DAY,SCK,1387.0
AVL,DAY,8.0
FNT,MGY,5.0
DAY,MOB,3.0
DAL,MGY,3.0
DPA,MGY,2.0
ELP,MGY,5.0
DAY,GEG,7.0
DAY,ROA,10.0
COU,DAY,4.0
DAY,MKG,6.0
MGY,MKG,3.0
FFO,GPT,1.0
DAY,MSN,11.0
DAY,SFB,10.0
JAN,MGY,1.0
DAY,TTN,1.0
AMA,DAY,4.0
CLU,DAY,1.0
DAY,EAU,2.0
BMG,DAY,1.0
DAY,ILN,37.0
DAY,ILG,2.0
DAY,XNA,3.0
FFO,TIK,1.0
DAY,MVN,5.0
DAY,DPA,1.0
DAY,DRT,5.0
DET,MGY,1.0
HLM,MGY,2.0
BQK,DAY,1.0
CLE,MGY,1.0
BKL,DAY,6.0
LAF,MGY,1.0
DAY,YUM,2.0
DAY,SLN,1.0
EWR,MGY,1.0
DAY,MWA,1.0
DAY,MNN,2.0
DAY,MGY,1.0
DAY,LAW,1.0
DAY,GPT,6.0
DAY,FLO,1.0
MGY,MSN,1.0
DAY,SDM,1.0
DAY,TVC,2.0
DAY,LBF,2.0
DAY,LCH,7.0
DAY,LEW,1.0
DAY,JLN,1.0
DAY,GFK,1.0
FFO,IAD,1.0
DAY,ORH,5.0
ALO,DAY,4.0
DAY,LAF,2.0
DAY,RFD,21.0
LRD,MGY,1.0
MGY,MTJ,2.0
BFD,DAY,2.0
BNA,MGY,1.0
DAY,MGM,7.0
CYS,FFO,1.0
DAY,SWO,2.0
ATL,DHN,76651.0
DHN,PNS,1.0
CSG,DHN,36.0
DHN,ILM,1.0
DHN,GNV,2.0
DHN,MGM,16.0
DHN,OAJ,1.0
DHN,PFN,34.0
DHN,ORD,1.0
DHN,YIP,6.0
BFM,DHN,4.0
DHN,LRD,4.0
DHN,MEM,912.0
DHN,STL,2.0
DHN,MSP,1.0
DHN,GPT,3.0
ATW,DHN,0.0
CRP,DHN,2.0
DHN,LEX,0.0
DAL,DHN,2.0
DHN,EWR,1.0
DHN,MOB,1.0
DHN,SFO,2.0
DHN,MYR,2.0
CAE,DHN,1.0
DHN,MRC,1.0
DHN,MCO,11.0
DHN,EYW,4.0
DHN,ELP,2.0
DHN,IND,1.0
DHN,LUK,1.0
CVG,DHN,1.0
COU,DHN,2.0
DHN,MLU,2.0
DHN,OMA,1.0
AUS,DHN,1.0
DHN,LAX,3.0
BTR,DHN,1.0
DHN,HOU,2.0
DHN,GRK,8.0
DHN,LNK,1.0
DHN,FLL,2.0
DHN,POB,3.0
ABE,DHN,1.0
BHM,DHN,7.0
DHN,MDT,6.0
DHN,RCA,1.0
DHN,OKC,1.0
DHN,XNA,2.0
DHN,TLH,65.0
DHN,SWO,2.0
DHN,MDW,2.0
DHN,EVV,1.0
BWI,DHN,6.0
DHN,OAK,2.0
DHN,HNL,1.0
DHN,TTN,1.0
DHN,TOL,2.0
DHN,LSV,1.0
DLH,PDX,11.0
DLH,GRB,12.0
DLH,EWR,29.0
DLH,RNO,4.0
DLH,MIA,6.0
DLH,MKE,1200.0
DLH,DTW,10538.0
DLH,ORD,9394.0
DLH,SFO,8.0
DLH,LAX,16.0
DLH,MSP,92449.0
DLH,MCO,14.0
CMH,DLH,11.0
BIL,DLH,9.0
DLH,SEA,13.0
BNA,DLH,8.0
DLH,DSM,9.0
DLH,SJC,7.0
CLE,DLH,13.0
DAY,DLH,3.0
DCA,DLH,26.0
DLH,GFK,35.0
DLH,MDW,25.0
ATL,DLH,17.0
DLH,PHL,28.0
DLH,GEG,6.0
DLH,SMF,5.0
DLH,MCI,11.0
DLH,IND,13.0
BIS,DLH,5.0
DLH,MSO,14.0
DLH,MEM,162.0
DLH,PHX,9.0
DLH,SLC,26.0
DLH,LAS,876.0
DFW,DLH,6.0
DLH,RAP,5.0
DLH,PIT,11.0
DLH,IAD,16.0
DLH,GTF,4.0
DLH,MSN,20.0
DLH,SNA,8.0
DLH,SAN,11.0
DLH,STL,20.0
DLH,LGA,20.0
DLH,FSD,8.0
DLH,MSY,3.0
DLH,GRR,23.0
CID,DLH,4.0
DLH,SUX,1.0
BDL,DLH,12.0
CVG,DLH,5.0
DLH,MOT,4.0
CLT,DLH,9.0
BWI,DLH,9.0
AZO,DLH,5.0
ANC,DLH,15.0
ATW,DLH,3.0
DLH,MBS,7.0
DLH,FAI,1.0
ALO,DLH,1.0
AUS,DLH,2.0
ABQ,DLH,1.0
BZN,DLH,5.0
DLH,FCA,7.0
DLH,RDU,4.0
BUF,DLH,5.0
DLH,IDA,1.0
DLH,YIP,2.0
DLH,IAH,7.0
DLH,LAN,8.0
DLH,LSE,5.0
DLH,JFK,14.0
DLH,PIA,221.0
DLH,OSH,3.0
DLH,MHT,10.0
DLH,RST,1119.0
DLH,PVD,2.0
DLH,MDT,9.0
DLH,STC,2.0
DLH,SAT,3.0
DLH,RDD,13.0
DLH,TYS,3.0
DLH,MQT,1.0
BJI,DLH,2.0
DLH,HNL,2.0
DLH,ROC,1.0
DLH,SYR,6.0
DLH,ILN,1.0
DLH,TVC,2.0
DLH,FLL,1.0
DLH,OAK,2.0
CWA,DLH,2.0
COS,DLH,2.0
DLH,PWM,1.0
AFW,DLH,1.0
BTV,DLH,4.0
DLH,DRO,2.0
BRD,DLH,2.0
DLH,TUS,3.0
DLH,OKC,1.0
BFI,DLH,1.0
DLH,SFB,24.0
BWI,ESN,1.0
ESN,MKC,1.0
ELM,ITH,9290.0
ELM,PIT,29460.0
BWI,ELM,172.0
ELM,SYR,2676.0
AVP,ELM,254.0
BGM,ELM,5798.0
ELM,TYS,2.0
ELM,GRR,1.0
CLT,ELM,34.0
ELM,PHL,33709.0
ELM,MHT,2.0
DTW,ELM,26764.0
ELM,ROC,7309.0
ELM,LGA,14.0
ELM,YIP,5.0
ELM,EWR,883.0
CLE,ELM,3529.0
BUF,ELM,11.0
ELM,IND,16.0
ELM,IPT,1.0
BOS,ELM,3.0
DAY,ELM,1.0
BDL,ELM,1.0
ELM,MKE,4.0
ELM,GSO,1.0
ELM,MDT,5.0
ATL,ELM,2.0
ELM,PVD,2.0
CMH,ELM,4.0
ELM,TTN,145.0
ELM,SFB,221.0
ELM,PWM,2.0
ABE,ELM,8.0
ELM,HVN,65.0
BTV,ELM,1.0
ELM,OKC,32.0
ELM,SCE,5.0
ELM,IAD,1.0
DCA,ELM,1.0
EUG,MFR,7854.0
EUG,SEA,86140.0
EUG,SFO,70990.0
EUG,SLC,9466.0
EUG,LMT,316.0
EUG,ORD,7.0
EUG,PDX,128411.0
EUG,SJC,37.0
EUG,LAX,8494.0
EUG,SMF,20.0
BLI,EUG,7.0
EUG,RDD,1157.0
CLM,EUG,3.0
EUG,OAK,398.0
EUG,YKM,26.0
CVG,EUG,6.0
ACV,EUG,3.0
EUG,SAN,19.0
EUG,HNL,15.0
EUG,PHX,8132.0
EUG,MSP,2.0
EUG,RBG,3787.0
EUG,FAT,21.0
EUG,SLN,2.0
EUG,TUS,44.0
EUG,EWR,3.0
BFI,EUG,6.0
EUG,GEG,12.0
EUG,LWS,19.0
EUG,LAS,3456.0
EUG,RAP,1.0
EUG,SNA,1.0
EUG,PDT,1.0
BNA,EUG,2.0
EUG,MWH,1.0
BTR,EUG,4.0
ANC,EUG,1.0
EUG,FCA,4.0
EUG,GRB,2.0
EUG,GTR,2.0
EUG,GGG,6.0
COS,EUG,19.0
ELP,EUG,17.0
DTW,EUG,5.0
ABQ,EUG,4.0
EUG,IND,3.0
EUG,OKC,6.0
EUG,PUW,38.0
EUG,ICT,1.0
EUG,MSO,4.0
EUG,NZY,2.0
EUG,HOU,2.0
EUG,SAT,2.0
EUG,SBA,3.0
ATL,EUG,5.0
EUG,PIH,4.0
EDF,EUG,2.0
CHO,EUG,1.0
EUG,IAH,4.0
EUG,FSD,2.0
EUG,STS,2.0
EUG,IDA,2.0
EUG,STL,1.0
AZA,EUG,257.0
EUG,MDT,2.0
EUG,IAD,1.0
EUG,LIT,2.0
EUG,TUL,1.0
ACV,RDD,17344.0
ACV,CIC,1.0
ACV,FAT,13.0
ACV,SMF,18746.0
ACV,SFO,53122.0
ACV,CEC,12289.0
ACV,SCK,85.0
ACV,CHS,1.0
ACV,PDX,10970.0
ACV,MFR,148.0
CEC,EKA,395.0
EKA,SMF,7198.0
ABQ,ACV,2.0
ACV,GUP,2.0
ACV,SEA,3.0
ACV,DRO,4.0
EKA,RDD,19.0
ACV,LAX,3514.0
ACV,GJT,2.0
ACV,LMT,4.0
ACV,EKA,6.0
ACV,SLC,1624.0
ACV,SJC,3.0
HIK,NFL,1.0
DTW,NFL,1.0
MOB,NFL,2.0
NFL,TUS,1.0
MIA,NFL,1.0
LSV,NFL,2.0
FAT,SNA,8358.0
FAT,SMF,9148.0
FAT,LAX,163941.0
FAT,STS,20.0
BFL,FAT,145.0
FAT,SCK,146.0
FAT,SJC,166.0
FAT,LAS,35781.0
CLT,FAT,1.0
FAT,MCE,2589.0
FAT,OXR,2.0
FAT,SFO,69069.0
FAT,SLC,28133.0
FAT,GJT,6.0
FAT,SBA,56.0
COS,FAT,15.0
FAT,SBP,19.0
FAT,RDD,14.0
FAT,OAK,11082.0
FAT,PHX,31474.0
FAT,MOD,354.0
FAT,SAN,14856.0
ELP,FAT,11.0
FAT,JFK,3.0
FAT,FMN,3.0
CVG,FAT,5.0
FAT,PDX,6681.0
ABQ,FAT,22.0
FAT,IAH,6.0
AMA,FAT,4.0
FAT,SEA,16602.0
BFI,FAT,625.0
FAT,MFR,11.0
FAT,ORD,4.0
BGR,FAT,2.0
EWR,FAT,3.0
FAT,HLN,4.0
FAT,TUS,26.0
FAT,MSN,5.0
FAT,VIS,3655.0
FAT,VGT,13.0
FAT,MHR,731.0
CDC,FAT,6.0
BWI,FAT,1.0
ATL,FAT,2.0
FCH,GTF,3.0
FAT,ILN,617.0
FAT,SHV,11.0
FAT,PHL,1.0
FAT,OKC,12.0
BNA,FAT,1.0
FAT,GEG,13.0
FAT,ROW,8.0
FAT,GGG,2.0
FAT,LAR,1.0
FAT,MEM,21.0
FAT,SGU,6.0
FAT,GTF,2.0
FAT,IPL,1.0
FAT,FCA,1.0
FAT,TYS,2.0
FAT,HOU,5.0
FAT,TCM,9.0
FAT,MHK,3.0
FAT,MCO,2.0
FAT,IND,1.0
FAT,MSP,6.0
FAT,SBN,2.0
BIF,FAT,5.0
FAT,MDW,1.0
FAT,TOL,4.0
FAT,LBB,5.0
FAT,MAF,6.0
FAT,LWS,6.0
FAT,LEX,2.0
FAT,PVD,22.0
ALO,FAT,1.0
BLI,FAT,1.0
FAT,PUW,4.0
FAT,HNL,5.0
BDL,FAT,24.0
FAT,RDU,2.0
BIL,FAT,1.0
FAT,SAT,7.0
FAT,TLH,2.0
CID,FAT,1.0
BTR,FAT,3.0
FAT,RAP,3.0
FAT,FSM,1.0
FAT,FWA,1.0
FAT,MHT,1.0
FAT,ICT,2.0
FAT,MLU,4.0
ADS,FAT,1.0
FAT,OMA,1.0
FAT,LAW,3.0
FAT,MSO,2.0
FAT,MCI,2.0
GUP,PHX,4889.0
DRO,GUP,313.0
FMN,GUP,5442.0
GUP,HNL,1.0
ABQ,GUP,4755.0
GUP,SOW,248.0
GTF,HLN,26624.0
BZN,HLN,645.0
GEG,HLN,5179.0
BIL,HLN,29114.0
HLN,MSO,8836.0
FCA,HLN,6850.0
HLN,SLC,38235.0
HLN,PDX,9.0
HLN,PUW,4.0
HLN,LWS,9.0
HLN,ORD,2.0
HLN,SEA,7716.0
GFK,HLN,1.0
CHA,HLN,7.0
HLN,MSY,1.0
HLN,JFK,3.0
HLN,ICT,2.0
HLN,MEM,19.0
HLN,MFR,2.0
HLN,LCH,2.0
HLN,MCI,4.0
FSD,HLN,7.0
HLN,TUS,4.0
FBK,HLN,2.0
FAI,HLN,1.0
GGG,HLN,2.0
HLN,MSP,3751.0
ABQ,HLN,5.0
HLN,STL,4.0
HLN,LAS,7.0
HLN,ILN,3.0
HLN,NBG,1.0
HLN,POB,2.0
HLN,PHX,1.0
HLN,MCO,2.0
HLN,SFB,4.0
HLN,TCM,1.0
HLN,LAW,1.0
HLN,HVR,1.0
HLN,RFD,2.0
DHN,HLN,1.0
BIF,HLN,2.0
BTV,HLN,1.0
FWA,HLN,3.0
HLN,SBA,1.0
HLN,LNK,1.0
ELP,HLN,1.0
HLN,SGF,2.0
EWR,HLN,1.0
1B1,BDL,2.0
ITH,PIT,25808.0
BGM,ITH,3614.0
EWR,ITH,6849.0
ITH,PHL,28617.0
CLT,ITH,2.0
AVP,ITH,6.0
ITH,SYR,53.0
ITH,LGA,19963.0
CMH,ITH,7.0
ITH,ROC,14.0
IPT,ITH,3.0
ITH,TOL,2.0
ITH,LEX,1.0
ITH,YIP,12.0
BUF,ITH,13.0
DCA,ITH,2.0
ABE,ITH,12.0
ITH,MEM,1.0
ITH,RDG,5.0
ITH,JFK,1.0
BWI,ITH,1.0
DTW,ITH,6568.0
IND,ITH,1.0
FSM,ITH,1.0
CVG,ITH,2.0
GRB,ITH,2.0
ITH,SBN,4.0
IAD,ITH,1.0
CLE,ITH,8.0
ITH,RDU,5.0
CHO,ITH,2.0
GSO,ITH,1.0
GRR,ITH,1.0
FSM,JLN,3.0
JLN,STL,46404.0
JLN,SGF,377.0
JLN,MSN,1.0
FYV,JLN,104.0
COU,JLN,40.0
JLN,XNA,19.0
JLN,MEM,259.0
JLN,MCI,6608.0
DAL,JLN,1.0
JLN,POB,1.0
JLN,YIP,9.0
GSP,JLN,1.0
IND,JLN,2.0
AVP,JLN,1.0
HRO,JLN,150.0
GBD,JLN,1.0
GCK,JLN,2.0
JLN,TBN,3.0
JLN,SLN,2.0
JLN,MHK,10.0
JNU,SEA,51270.0
ANC,JNU,49415.0
FAI,JNU,2703.0
JNU,KTN,18540.0
BFI,JNU,19.0
EIL,JNU,2.0
JNU,PDX,18.0
JNU,WFB,22.0
IAH,JNU,3.0
JNU,JSE,267.0
ADQ,JNU,38.0
JNU,MSP,2.0
JNU,ORD,5.0
BOS,JNU,1.0
JNU,OAK,1.0
JNU,SFO,1.0
ADQ,ANC,66061.0
ADQ,FAI,2.0
ADQ,SEA,2.0
ANC,KDK,5.0
ADQ,KDK,4.0
OKK,YIP,191.0
MEM,OKK,5.0
LIT,OKK,10.0
OKK,ROA,2.0
ERI,OKK,1.0
GSP,OKK,1.0
BUF,OKK,1.0
OKK,TUP,1.0
ELP,OKK,9.0
MBS,OKK,1.0
MKE,OKK,1.0
FNT,OKK,1.0
BRO,OKK,2.0
MRC,OKK,1.0
BFM,OKK,1.0
OKK,RFD,2.0
BOS,OKK,2.0
LRD,OKK,1.0
DTW,OKK,1.0
DRT,OKK,1.0
AOO,OKK,1.0
CLE,OKK,1.0
OKK,TOL,4.0
FSM,OKK,1.0
MS1,OKK,1.0
LRD,YIP,1417.0
CRP,LRD,82.0
LRD,SLC,51.0
LRD,MEM,2003.0
ABI,LRD,14.0
CLE,LRD,41.0
BNA,LRD,405.0
LAN,LRD,31.0
BUF,LRD,30.0
ATL,LRD,118.0
ELP,LRD,306.0
IAH,LRD,41894.0
LRD,SBN,12.0
ABQ,LRD,29.0
LRD,MCI,409.0
LRD,SHV,1042.0
IND,LRD,154.0
CLL,LRD,15.0
FWA,LRD,68.0
LRD,NQA,2.0
LRD,MBS,11.0
LRD,SAT,3016.0
LRD,TUS,47.0
LRD,MDW,12.0
BHM,LRD,44.0
CVG,LRD,29.0
EVV,LRD,60.0
LRD,STL,298.0
CMI,LRD,3.0
LRD,VCT,36.0
LRD,OKC,43.0
LRD,TOL,475.0
LIT,LRD,641.0
BRO,LRD,369.0
LRD,MSP,87.0
LRD,TYS,36.0
LRD,MKE,30.0
LAS,LRD,876.0
HSV,LRD,63.0
JAN,LRD,53.0
BRD,LRD,1.0
CAK,LRD,4.0
LRD,YNG,62.0
CID,LRD,6.0
GRR,LRD,12.0
AEX,LRD,107.0
LRD,SUS,28.0
COU,LRD,79.0
CMH,LRD,57.0
LNK,LRD,28.0
LRD,PAH,6.0
LRD,MML,2.0
AGS,LRD,6.0
DCU,LRD,3.0
DRT,LRD,70.0
CLT,LRD,48.0
BWI,LRD,10.0
JBR,LRD,1.0
FSM,LRD,21.0
CHA,LRD,12.0
GNV,LRD,1.0
LRD,MSY,26.0
LAX,LRD,39.0
CAE,LRD,30.0
ICT,LRD,85.0
LCK,LRD,20.0
GRK,LRD,14.0
LRD,ORD,8.0
HOU,LRD,11.0
LRD,SGF,11.0
LRD,MKC,1.0
GSP,LRD,140.0
LRD,MGM,42.0
LEX,LRD,44.0
LRD,RDU,16.0
BWG,LRD,17.0
LRD,PIA,53.0
BGR,LRD,1.0
FOE,LRD,1.0
LRD,XXW,1.0
LRD,RFD,1467.0
BTL,LRD,18.0
CGI,LRD,10.0
CLU,LRD,25.0
AMA,LRD,2.0
GPT,LRD,2.0
FLO,LRD,2.0
LBB,LRD,809.0
CSG,LRD,33.0
DTW,LRD,33.0
LAW,LRD,2.0
LRD,MCE,5.0
JFK,LRD,2.0
GFK,LRD,3.0
BTR,LRD,6.0
LRD,TCL,76.0
FSD,LRD,2.0
LRD,SPS,1.0
EWR,LRD,1.0
BFM,LRD,4.0
LRD,MLU,3.0
HKS,LRD,29.0
LRD,MKL,9.0
LRD,MCO,2.0
DQF,LRD,2.0
DPA,LRD,16.0
GRI,LRD,5.0
BMG,LRD,3.0
AVL,LRD,12.0
IPL,LRD,6.0
LFT,LRD,183.0
LAF,LRD,14.0
ASN,LRD,5.0
GMU,LRD,7.0
EAU,LRD,1.0
GDC,LRD,58.0
GSO,LRD,7.0
LRD,MQT,38.0
LRD,MFD,6.0
LRD,RST,3.0
ANB,LRD,3.0
LRD,PHX,11.0
LRD,SEA,3.0
IRS,LRD,1.0
BFI,LRD,2.0
LRD,MKG,2.0
LRD,OAK,20.0
COS,LRD,3.0
JEF,LRD,2.0
LRD,SRC,1.0
ADM,LRD,3.0
DET,LRD,16.0
GLW,LRD,1.0
LRD,SPA,1.0
ILN,LRD,23.0
LRD,RWI,11.0
LRD,PNS,1.0
GLH,LRD,6.0
LRD,MDT,11.0
AID,LRD,3.0
LRD,RDG,1.0
LRD,PUB,1.0
ALO,LRD,12.0
LRD,TN6,1.0
AZO,LRD,3.0
CEV,LRD,1.0
LRD,SFO,1.0
LRD,MIE,1.0
GTR,LRD,6.0
LRD,MRC,17.0
LRD,PWK,2.0
HKY,LRD,18.0
LRD,ROA,16.0
LRD,MCN,1.0
CPR,LRD,1.0
LRD,SLN,1.0
HUF,LRD,4.0
LUL,MCI,1.0
ICT,LAW,16.0
ABI,LAW,7.0
LAW,SJT,5.0
LAW,SHV,7.0
LAW,SGF,10.0
LAW,SPS,187.0
LAW,LBB,7.0
FSM,LAW,4.0
LAW,OKC,26.0
LAW,ORD,3.0
AMA,LAW,15.0
FYV,LAW,3.0
HOU,LAW,1.0
LAW,LIT,3.0
IAH,LAW,8.0
LAW,LCH,1.0
CID,LAW,9.0
AEX,LAW,3.0
LAW,SLN,1.0
DRO,LAW,1.0
LAW,YIP,14.0
ELP,LAW,2.0
LAW,TCM,9.0
LAW,PHL,4.0
LAW,SLC,8.0
LAW,SVN,3.0
JFK,LAW,1.0
LAW,RDU,1.0
GRK,LAW,2.0
LAW,OAK,6.0
FSD,LAW,6.0
LAW,MCI,4.0
CVG,LAW,3.0
COS,LAW,2.0
ADS,LAW,1.0
LAW,MIA,2.0
LAW,MSP,5.0
BFI,LAW,2.0
LAW,MKE,3.0
LAW,RFD,19.0
BWI,LAW,4.0
LAW,TUS,22.0
CVS,LAW,1.0
LAW,SSC,1.0
DSM,LAW,4.0
LAW,LCK,1.0
CMI,LAW,2.0
JAX,LAW,1.0
LAW,XNA,2.0
GSP,LAW,1.0
FWA,LAW,4.0
LAW,PIA,4.0
LAW,MSN,5.0
LAW,MAF,2.0
CAE,LAW,1.0
GPT,LAW,1.0
ATL,LAW,1347.0
BIF,LAW,12.0
GRR,LAW,1.0
LAW,PNS,2.0
LAW,MOB,1.0
LAW,LAX,3.0
ISO,LAW,1.0
LAW,PHX,2.0
BFD,LAW,2.0
CMH,LAW,1.0
AUS,LAW,1.0
DHN,LAW,1.0
LAW,MDT,3.0
LAW,RKS,8.0
IPT,LAW,6.0
GSP,LOZ,1.0
IND,LOZ,1.0
LOZ,YIP,9.0
CLE,LOZ,5.0
LOZ,OKC,1.0
MAE,OAK,1.0
BHM,MWA,7.0
EVV,MWA,20.0
MWA,STL,37707.0
CGI,MWA,4228.0
MWA,PAH,37.0
BMI,MWA,4.0
CMI,MWA,4.0
MWA,TYS,5.0
MSN,MWA,2.0
JLN,MWA,2.0
MWA,SBN,2.0
FSM,MWA,1.0
LEX,MWA,4.0
CMH,MWA,4.0
MWA,OKC,3.0
ATL,MWA,6.0
BOS,MWA,2.0
JAX,MWA,1.0
MWA,TBN,5.0
MSY,MWA,4.0
FYV,MWA,1.0
GRR,MWA,1.0
MWA,RDU,2.0
BDL,MWA,1.0
LNK,MWA,1.0
HOU,MWA,1.0
MWA,SPI,2.0
FWA,MWA,2.0
DEC,MWA,1023.0
IND,MWA,2.0
FLL,MWA,4.0
CLT,MWA,1.0
MWA,PIT,1.0
MCO,MWA,1.0
LIT,MWA,3.0
DCA,MWA,2.0
MWA,SAT,2.0
DTW,MWA,3.0
DFW,MWA,1.0
CID,MWA,2.0
MWA,YNG,16.0
LGA,MWA,1.0
BNA,MWA,5.0
ALO,MWA,17.0
MWA,YIP,14.0
MWA,SER,1.0
MWA,PHL,2.0
MWA,PIA,4.0
BWI,MWA,8.0
MWA,SEA,2.0
ILG,MWA,3.0
DSM,MWA,3.0
AZO,MWA,6.0
MWA,ORD,4.0
MSP,MWA,10.0
ILN,MWA,1.0
MWA,RFD,1.0
MSO,MWA,2.0
MDW,MWA,11.0
ICT,MWA,4.0
MWA,SGF,7.0
MWA,SJC,2.0
CDC,MWA,2.0
MWA,RIV,1.0
BRL,MWA,1.0
GFK,MWA,2.0
FSD,MWA,3.0
MWA,PHX,1.0
MWA,UIN,5.0
MCI,MWA,1.0
MWA,ROA,1.0
CLE,MWA,1.0
MZZ,YIP,1.0
LIT,MNN,5.0
MNN,YIP,6.0
DPA,MNN,2.0
LRD,MNN,1.0
LYH,MNN,1.0
MCE,SCK,6.0
LAX,MCE,34.0
MCE,SMF,14.0
MCE,SFO,8303.0
MCE,MOD,7.0
BFL,MCE,4.0
MCE,MHR,10.0
LAS,MCE,2623.0
MCE,VGT,5450.0
IAH,MCE,13.0
MCE,SJC,51.0
MCE,OAK,25.0
BFI,MCE,8.0
MCE,RDD,1.0
GEG,MCE,2.0
MCE,PHX,5.0
MCE,MSO,5.0
LNK,MCE,8.0
DTW,MCE,1.0
ELP,MCE,1.0
MCE,RNO,1.0
MCE,SDM,1.0
MCE,PIT,5.0
MCE,SUS,3.0
MCE,MSP,3.0
MCE,MSY,2.0
MCE,SBA,2.0
MCE,SLC,4.0
GJT,MCE,2.0
FAR,MCE,1.0
HLN,MCE,1.0
MCE,MCO,4.0
MCE,PUW,1.0
MCE,MDW,2.0
BUF,MCE,4.0
MCE,PDX,3.0
MCE,TYS,1.0
MCE,MKE,2.0
ABQ,MCE,1.0
MCE,SEA,2.0
MCE,VIS,3458.0
GPT,MCE,2.0
CLL,MCE,1.0
BNA,MCE,5.0
MCE,SAN,3.0
CLE,MCE,1.0
BWI,MCE,1.0
MCE,SLN,1.0
GSO,MCE,1.0
GPT,MOB,1147.0
LGA,MOB,2.0
MEM,MOB,19698.0
MOB,PHX,1.0
JAN,MOB,8410.0
BTR,MOB,17585.0
MOB,SHV,3318.0
DCA,MOB,5.0
MOB,MSY,115.0
MOB,PBI,2.0
FLL,MOB,11.0
MOB,PNS,9195.0
BNA,MOB,10899.0
HSV,MOB,28.0
BHM,MOB,3021.0
IAH,MOB,42653.0
HOU,MOB,9.0
ATL,MOB,106989.0
MOB,ORD,936.0
DTW,MOB,4.0
LIT,MOB,3.0
MOB,RDU,8.0
CLT,MOB,23024.0
JAX,MOB,8.0
MGM,MOB,79.0
IAD,MOB,3.0
MOB,PHL,4.0
BWI,MOB,4.0
CLE,MOB,4.0
LFT,MOB,22.0
EWR,MOB,8.0
EVV,MOB,2.0
MCO,MOB,1549.0
MEI,MOB,5.0
MOB,TPA,9.0
MOB,TLH,7.0
CVG,MOB,3416.0
MOB,SFO,3.0
MLU,MOB,1935.0
BFM,MEM,6520.0
BFM,BTR,2.0
BFM,MSP,1.0
BFM,TLH,309.0
BFM,ELP,2.0
MOB,SAV,5.0
BFM,CVG,1.0
CAE,MOB,13.0
MOB,SAT,9.0
BFM,MSY,340.0
MOB,PFN,1.0
BFM,SHV,7.0
ABE,BFM,1.0
BFM,SYR,1.0
BFM,MOB,3.0
BFM,BHM,435.0
BFM,GSP,2.0
BFI,MOB,1.0
ABE,MOB,2.0
BFM,JAX,11.0
BFM,PHL,3.0
BFM,TCL,1.0
CHS,MOB,10.0
BFM,YIP,19.0
MDW,MOB,2.0
BFM,BUF,1.0
MOB,WRB,1.0
LRD,MOB,2.0
ICT,MOB,5.0
BZN,MOB,4.0
ATL,BFM,12.0
LAS,MOB,7.0
GSO,MOB,7.0
GSP,MOB,13.0
BFM,MCO,4.0
MOB,SFB,6.0
BFM,JAN,5.0
BFM,CAE,5.0
BFM,ROW,1.0
BDL,MOB,2.0
CMH,MOB,6.0
MOB,TOL,9.0
LAX,MOB,1.0
BFM,GFK,1.0
BFM,IAD,1.0
MCI,MOB,2.0
BFM,TYS,236.0
MOB,YIP,3.0
BIF,MOB,1.0
BFM,DTW,2.0
DPA,MOB,1.0
BFM,IAH,2.0
ELP,MOB,4.0
MOB,MYR,3.0
FSM,MOB,3.0
ASN,BFM,1.0
BFM,PIT,2.0
LCK,MOB,1.0
BFM,RDU,5.0
BFM,ROA,1.0
BFM,LFT,5.0
BFM,SAV,1.0
MOB,OPF,3.0
MOB,MSP,26.0
BFM,SUS,1.0
GJT,MOB,2.0
ABY,MOB,1.0
ANC,MOB,1.0
AVL,MOB,5.0
ANC,BFM,1.0
BFM,IND,4.0
BFM,HSV,548.0
GTR,MOB,2.0
BFM,LCK,2.0
BWG,MOB,2.0
BFM,TOL,4.0
MOB,SMF,1.0
BFM,JFK,2.0
ACY,MOB,2.0
BFM,MGM,1.0
MOB,STL,4.0
ATW,MOB,1.0
MOB,OAK,2.0
JFK,MOB,1.0
MOB,POB,1.0
MHK,MOB,2.0
ATL,MLU,29553.0
MLU,PNS,4015.0
MGM,MLU,4152.0
JAN,MLU,5087.0
MLU,SHV,18361.0
GGG,MLU,5.0
ESF,MLU,2345.0
BHM,MLU,1788.0
CRP,MLU,1.0
HSV,MLU,2288.0
IAH,MLU,34604.0
HOU,MLU,13.0
BTR,MLU,3444.0
MLU,MSY,50.0
LIT,MLU,19.0
LFT,MLU,14.0
AEX,MLU,157.0
CVG,MLU,14.0
BOS,MLU,1.0
GTR,MLU,8.0
DAY,MLU,2.0
MEM,MLU,17982.0
GPT,MLU,3.0
CLE,MLU,2.0
MHK,MLU,4.0
BNA,MLU,10.0
IND,MLU,3.0
BWI,MLU,6.0
MLU,SAV,2.0
MLU,SJC,7.0
MLU,TYS,7.0
CLT,MLU,1.0
FLL,MLU,12.0
MLU,SLC,12.0
CHS,MLU,4.0
GSO,MLU,4.0
GSP,MLU,5.0
CYS,MLU,3.0
CAE,MLU,3.0
MLU,YIP,4.0
ELP,MLU,12.0
MLU,OKC,3.0
MLU,TUP,7.0
CMH,MLU,4.0
MLU,RDU,3.0
GLH,MLU,56.0
DCA,MLU,3.0
IAD,MLU,3.0
JFK,MLU,1.0
CMI,MLU,2.0
COU,MLU,8.0
MLU,SFB,3.0
FLO,MLU,1.0
BDL,MLU,2.0
MCO,MLU,5.0
BGD,MLU,1.0
MLU,RFD,1.0
MCI,MLU,3.0
LEX,MLU,5.0
GEG,MLU,2.0
JAX,MLU,2.0
MLU,SYR,4.0
MLU,XNA,3.0
MLU,STL,3.0
BWG,MLU,3.0
MLU,PIB,3.0
MLU,MSP,3.0
AZA,MLU,2.0
LWS,MLU,3.0
BKG,MLU,1.0
MLU,ORD,3.0
BUF,MIE,4.0
GNV,MIE,1.0
MIE,SHV,2.0
CID,MIE,4.0
MGM,MIE,6.0
GSP,MIE,1.0
MIE,TOL,1.0
LIT,MIE,3.0
COU,MIE,4.0
ELP,MIE,2.0
MIE,YIP,16.0
DET,MIE,1.0
FSM,MIE,1.0
MIE,SSC,1.0
FOE,MIE,2.0
ERI,MIE,1.0
MIE,MKC,1.0
IAD,MIE,2.0
MCI,MIE,3.0
MIE,YUM,1.0
MIE,TUS,8.0
MIE,OKC,1.0
BWI,MIE,5.0
DQF,MIE,2.0
LNK,MIE,2.0
ILG,MIE,1.0
MIE,SBN,1.0
MIE,PHL,4.0
ACY,MIE,1.0
MIE,ORD,4.0
APF,MCO,1073.0
APF,TLH,5.0
APF,RDG,1.0
APF,JAX,4.0
APF,EYW,4441.0
APF,FLL,510.0
APF,CHS,3.0
APF,ATL,5015.0
APF,AUS,1.0
APF,COS,1.0
APF,IAD,2.0
APF,SAF,1.0
APF,PBI,1.0
APF,BGR,1.0
BWI,EWR,85453.0
CLT,EWR,157309.0
CMI,EWR,12.0
CLE,EWR,100197.0
AVL,EWR,9379.0
EWR,LAS,72316.0
EWR,TYS,12568.0
EWR,SYR,65644.0
EWR,RIC,61690.0
EWR,PWM,61569.0
AVP,EWR,6782.0
ABE,EWR,1849.0
EWR,IAH,131652.0
DTW,EWR,182246.0
EWR,HOU,2422.0
EWR,ORD,372054.0
ATL,EWR,304979.0
EWR,MDW,51330.0
BUF,EWR,93252.0
EWR,LAX,165996.0
EWR,IAD,119394.0
DCA,EWR,133923.0
EWR,MCI,47528.0
CHA,EWR,4.0
EWR,SHV,64.0
EWR,MSY,46228.0
EWR,MSP,124494.0
EWR,IND,65867.0
EWR,GRR,9526.0
EWR,GSO,66969.0
CVG,EWR,107332.0
EWR,ORH,6023.0
EWR,PIT,157876.0
BTV,EWR,54920.0
EWR,MHT,50553.0
CHS,EWR,23456.0
EWR,FWA,2028.0
EWR,GSP,26522.0
DSM,EWR,3191.0
EVV,EWR,11.0
EWR,MDT,16550.0
EWR,PVD,80439.0
EWR,STL,119066.0
EWR,ROC,75791.0
EWR,MKE,71590.0
BNA,EWR,49385.0
EWR,PIA,11.0
EWR,LGA,676.0
BDL,EWR,63223.0
EWR,JFK,2019.0
EWR,MCO,197510.0
EWR,MEM,74455.0
EWR,PHX,83481.0
CMH,EWR,81691.0
EWR,RDU,118821.0
EWR,SEA,54472.0
CAE,EWR,19635.0
EWR,ICT,55.0
EWR,FLL,145559.0
EWR,PBI,96896.0
COS,EWR,3921.0
EWR,PHL,34739.0
EWR,SFO,117007.0
ACY,EWR,6820.0
EWR,JAX,48996.0
AIY,EWR,1.0
EWR,MYR,13813.0
EWR,OKC,6391.0
EWR,SLC,23503.0
EWR,SAT,13959.0
ANC,EWR,9180.0
EWR,SAV,22998.0
EWR,MSN,4823.0
EWR,HSV,1961.0
BHM,EWR,12844.0
EWR,TUS,1653.0
EWR,SJC,8244.0
EWR,ROA,2894.0
EWR,SAN,29299.0
EWR,RST,48.0
EWR,SNA,22683.0
CRP,EWR,14.0
EWR,HVN,5364.0
BGM,EWR,5270.0
ABQ,EWR,1508.0
EWR,PNS,6.0
CHO,EWR,933.0
AZO,EWR,6.0
EWR,PDX,12931.0
DET,EWR,4336.0
EWR,YIP,191.0
EWR,ILG,6.0
EWR,ILM,11.0
EWR,LEX,4306.0
EWR,MIE,1.0
EWR,MTJ,434.0
AMA,EWR,4.0
EWR,HNL,8320.0
BIS,EWR,3.0
EWR,OAK,5543.0
EWR,SFB,144.0
EWR,LNK,28.0
EWR,GRB,51.0
EWR,LIT,4131.0
EWR,FSD,11.0
CKB,EWR,54.0
AEX,EWR,18.0
EWR,LAN,13.0
EWR,PIB,3.0
EWR,YNG,3.0
BRO,EWR,3.0
EWR,RFD,4955.0
AGS,EWR,2102.0
EWR,LCK,1188.0
BFI,EWR,26.0
EWR,RUT,7.0
CRW,EWR,8.0
EWR,MLU,1.0
BKL,EWR,21.0
ALO,EWR,3.0
BWG,EWR,4.0
EWR,ILN,7713.0
EWR,SBN,54.0
EWR,XNA,6989.0
EWR,GCK,2.0
EWR,GEG,11.0
EWR,LBB,6.0
EWR,JAC,12.0
EWR,TOL,2619.0
EWR,LAF,1.0
EWR,SHD,3.0
EFD,EWR,9.0
EWR,SWO,2.0
EWR,SMF,273.0
EWR,MAF,2.0
EWR,JAN,463.0
BTR,EWR,518.0
EWR,JRA,19.0
EWN,EWR,2.0
EWR,LSF,2.0
EWR,MGM,9.0
EWR,NZY,1.0
EWR,TUP,3.0
EWR,FOE,2.0
EWR,JRB,3121.0
EWR,FAI,4.0
EWR,LFT,28.0
CLL,EWR,6.0
EWR,FLO,1.0
EWR,ISO,1.0
EIL,EWR,2.0
EWR,TSS,3552.0
ELP,EWR,5.0
EWR,RWI,2.0
EWR,MHK,2.0
EWR,LUK,5.0
BDR,EWR,13.0
EWR,GPT,9.0
EWR,MBS,29.0
EWR,PBG,706.0
EWR,LNS,1.0
AZA,EWR,2.0
CSG,EWR,3.0
ATW,EWR,5.0
EWR,SUS,8.0
EWR,PGV,2.0
EWR,SCE,5.0
EWR,MKC,5.0
LAX,OXR,34322.0
OXR,SFO,4763.0
OXR,SBP,2.0
OXR,YUM,1.0
OXR,SBA,2.0
OXR,SAV,1.0
MIA,PIA,10.0
ORD,PIA,112455.0
IAH,PIA,58.0
HOU,PIA,3.0
PIA,STL,75538.0
PIA,SNA,5.0
CHS,PIA,8.0
DSM,PIA,2023.0
PIA,PIT,9.0
PIA,SAT,17.0
MSP,PIA,25904.0
CID,PIA,263.0
PIA,SUX,3.0
MCI,PIA,31.0
IAD,PIA,9.0
DCA,PIA,23.0
CMI,PIA,1060.0
ICT,PIA,38.0
MCO,PIA,18.0
MSN,PIA,2268.0
LGA,PIA,707.0
JFK,PIA,3.0
BDL,PIA,5.0
COS,PIA,123.0
PIA,SLC,125.0
BRL,PIA,2121.0
FWA,PIA,11.0
PIA,SAN,34.0
DEC,PIA,7.0
PIA,SEA,59.0
PIA,ROA,9.0
MBS,PIA,2.0
CMH,PIA,11.0
PHX,PIA,171.0
LAX,PIA,25.0
FSD,PIA,31.0
MSY,PIA,260.0
BFF,PIA,7.0
CLT,PIA,18.0
CLE,PIA,10.0
PIA,RIC,5.0
PIA,SYR,1.0
LAS,PIA,3259.0
PIA,TYS,5.0
AZO,PIA,10.0
BWI,PIA,4.0
PIA,SJC,7.0
CWA,PIA,4.0
ALB,PIA,3.0
OKC,PIA,32.0
PIA,SFO,11.0
BNA,PIA,850.0
PIA,ROC,2.0
MKE,PIA,19.0
PIA,SMF,3.0
CVG,PIA,10.0
MKC,PIA,5.0
BMI,PIA,10484.0
PIA,SPI,266.0
ELP,PIA,20.0
DTW,PIA,6902.0
PIA,RDU,9.0
CAE,PIA,3.0
ATW,PIA,54.0
MEM,PIA,3893.0
LAF,PIA,3.0
BOS,PIA,6.0
PIA,TUS,96.0
MDW,PIA,74.0
LEX,PIA,14.0
IND,PIA,1651.0
ABQ,PIA,9.0
OAK,PIA,7.0
GEG,PIA,2.0
PHL,PIA,11.0
FLL,PIA,103.0
PBI,PIA,2.0
PIA,TPA,7.0
ATL,PIA,15925.0
PIA,SGF,77.0
MDT,PIA,5.0
GRR,PIA,8.0
PIA,SBN,17.0
ALO,PIA,6.0
LBF,PIA,2.0
CAK,PIA,1.0
DBQ,PIA,335.0
CHA,PIA,13.0
PDX,PIA,107.0
LSE,PIA,3.0
BUF,PIA,2.0
PIA,YIP,98.0
BHM,PIA,9.0
PIA,XNA,13.0
PIA,RWI,1.0
PIA,TVC,2.0
HSV,PIA,12.0
GSP,PIA,2.0
PIA,UIN,32.0
LNK,PIA,13.0
LBL,PIA,2.0
COU,PIA,9.0
PIA,SHV,5.0
BRO,PIA,16.0
BTR,PIA,6.0
PIA,SVN,1.0
PIA,SLN,1.0
BWG,PIA,6.0
EAU,PIA,4.0
GSO,PIA,1.0
MDH,PIA,4.0
LIT,PIA,10.0
MSO,PIA,1.0
JAX,PIA,4.0
PIA,SAV,1.0
PIA,PWM,1.0
PIA,PUB,2.0
CRW,PIA,2.0
BTV,PIA,1.0
PIA,PVD,5.0
GFK,PIA,11.0
ILN,PIA,19.0
PIA,SCK,1.0
AMA,PIA,1.0
BIL,PIA,7.0
PIA,SPS,5.0
PIA,RST,12.0
EVV,PIA,14.0
PIA,SFB,363.0
BTL,PIA,1.0
BMG,PIA,1.0
PIA,RFD,551.0
PIA,SUM,1.0
MHT,PIA,1.0
PIA,PNS,3.0
LAN,PIA,18.0
BFI,PIA,7.0
DQF,PIA,38.0
LCK,PIA,2.0
PIA,YUM,1.0
PIA,TOL,1.0
MCW,PIA,5.0
GPT,PIA,2.0
AZA,PIA,424.0
GTF,PIA,1.0
AVP,PIA,1.0
BIL,PIR,2.0
ABR,PIR,9676.0
MSP,PIR,1559.0
ATY,PIR,6704.0
PIR,RAP,3885.0
FSD,PIR,8421.0
PIR,YIP,1.0
LBF,PIR,4.0
CYS,PIR,27.0
BFF,PIR,18.0
MEM,PIR,5.0
JAX,PIR,14.0
HGR,PIR,0.0
PIR,TUS,1.0
GCC,PIR,2.0
BKX,PIR,1059.0
PIR,SGF,1.0
ISN,PIR,1.0
PHX,PIR,2.0
EWR,PUB,6.0
AUS,PUB,5.0
BOS,PUB,6.0
PHX,PUB,1208.0
OAK,PUB,49.0
BIS,PUB,1.0
JFK,PUB,3.0
IAH,PUB,15.0
DTW,PUB,3.0
ORD,PUB,13.0
PDX,PUB,4.0
PUB,SJC,18.0
LAS,PUB,17.0
ABQ,PUB,17.0
PUB,SAT,9.0
FSD,PUB,3.0
OKC,PUB,48.0
COS,PUB,6028.0
PUB,STL,44.0
PUB,TUL,8.0
OMA,PUB,7.0
CLE,PUB,3.0
LGA,PUB,2.0
MCI,PUB,20.0
IND,PUB,10.0
CID,PUB,2.0
BWI,PUB,7.0
MCO,PUB,9.0
PHL,PUB,4.0
PUB,SLC,18.0
LBL,PUB,412.0
GGG,PUB,1.0
PUB,SHV,3.0
FOE,PUB,4.0
ABI,PUB,1.0
MDW,PUB,9.0
BMI,PUB,2.0
PUB,SPI,1.0
MSP,PUB,13.0
FSM,PUB,1.0
EVV,PUB,2.0
FMN,PUB,177.0
BNA,PUB,6.0
ATL,PUB,5.0
PUB,YIP,28.0
CMH,PUB,3.0
PUB,SEA,4.0
BIL,PUB,1.0
PUB,RAP,1.0
DSM,PUB,3.0
MSY,PUB,2.0
LAX,PUB,34.0
IAD,PUB,7.0
MEM,PUB,15.0
FWA,PUB,1.0
LIT,PUB,7.0
FLL,PUB,6.0
MVN,PUB,1.0
MKE,PUB,2.0
PUB,SNA,3.0
FAT,PUB,1.0
CLT,PUB,5.0
LEX,PUB,3.0
GCK,PUB,17.0
HUF,PUB,3.0
BFF,PUB,1.0
IPL,PUB,5.0
PUB,SAF,4.0
LBB,PUB,4.0
AMA,PUB,1.0
CLU,PUB,7.0
ICT,PUB,5.0
ALW,PUB,1.0
ELP,PUB,4.0
BUF,PUB,2.0
BHM,PUB,3.0
PUB,SUS,3.0
CVG,PUB,4.0
PIR,PUB,1.0
DAY,PUB,3.0
PUB,SCK,6.0
MFR,PUB,1.0
MKG,PUB,2.0
BFL,PUB,2.0
PUB,SBA,1.0
PUB,SDM,1.0
PUB,RST,1.0
PUB,SAN,5.0
HSV,PUB,2.0
LUK,PUB,1.0
EUG,PUB,3.0
PUB,RDD,1.0
DPA,PUB,2.0
PUB,SFO,7.0
LBF,PUB,3.0
DIK,PUB,2.0
FLG,PUB,2.0
MSN,PUB,1.0
MTJ,PUB,1.0
PUB,SAC,1.0
GRR,PUB,1.0
DDC,PUB,3.0
PUB,TOL,1.0
PUB,SLN,4.0
GJT,PUB,3.0
PUB,SHR,1.0
PUB,RFD,1.0
HOU,PUB,2.0
EAR,PUB,1.0
LNK,PUB,1.0
MCC,PUB,4.0
PUB,SGF,4.0
PUB,TUS,13.0
PUB,RDU,1.0
BRL,UIN,254.0
STL,UIN,35476.0
CMI,UIN,1.0
ALO,UIN,9.0
MSN,UIN,4.0
SBN,UIN,1.0
SUX,UIN,3.0
MCI,UIN,130.0
SHV,UIN,1.0
ORD,UIN,1329.0
BMI,UIN,3.0
SPI,UIN,1676.0
MKE,UIN,2.0
SLC,UIN,6.0
LNK,UIN,0.0
UIN,YIP,12.0
IRK,UIN,596.0
MDW,UIN,890.0
DEC,UIN,12.0
PHL,UIN,1.0
RAC,RWI,1.0
GCK,RSN,1.0
SLN,STL,24.0
FOE,SLN,103.0
DFW,SLN,3.0
MCI,SLN,3200.0
PHX,SLN,12.0
SLN,YIP,94.0
ELP,SLN,24.0
SFO,SLN,3.0
DTW,SLN,4.0
CLT,SLN,4.0
GSO,SLN,1.0
LEX,SLN,4.0
MHK,SLN,8788.0
SAN,SLN,5.0
SJC,SLN,17.0
AVP,SLN,2.0
SLN,SVN,2.0
OMA,SLN,3.0
SLN,TUS,7.0
ORD,SLN,2.0
BZN,SLN,2.0
BUF,SLN,3.0
GJT,SLN,2.0
SLC,SLN,11.0
RDD,SLN,5.0
CMH,SLN,3.0
LAN,SLN,6.0
OLS,SLN,9.0
LAS,SLN,14.0
GBD,SLN,81.0
DDC,SLN,962.0
HSV,SLN,4.0
CPR,SLN,1.0
EWR,SLN,3.0
LAX,SLN,22.0
GRR,SLN,2.0
IND,SLN,16.0
ABE,SLN,12.0
SLN,SYR,2.0
CLE,SLN,4.0
FCA,SLN,1.0
SLN,TYS,3.0
RFD,SLN,9.0
BWI,SLN,5.0
MEM,SLN,4.0
OAK,SLN,15.0
GEG,SLN,2.0
DQF,SLN,4.0
ROA,SLN,2.0
MDW,SLN,3.0
GCK,SLN,702.0
LIT,SLN,1.0
SAT,SLN,2.0
BTV,SLN,1.0
EVV,SLN,3.0
SDM,SLN,12.0
SLN,TCM,1.0
DPA,SLN,3.0
CLU,SLN,1.0
NZY,SLN,2.0
MKE,SLN,1.0
IAD,SLN,8.0
MTN,SLN,1.0
PWK,SLN,1.0
FWA,SLN,2.0
BNA,SLN,2.0
CHS,SLN,1.0
AFW,SLN,2.0
BMG,SLN,1.0
BFI,SLN,1.0
RDU,SLN,2.0
BDL,SLN,2.0
BIF,SLN,5.0
MCC,SLN,3.0
DCA,SLN,2.0
MSP,SLN,3.0
GRI,SLN,2.0
CID,SLN,1.0
ITH,SLN,1.0
OKK,SLN,1.0
POU,SLN,2.0
PHL,SLN,7.0
LBL,SLN,1.0
ACY,SLN,2.0
MOB,SLN,1.0
MIA,SLN,1.0
ALO,SRC,1.0
MRC,SRC,1.0
IND,NC3,1.0
NC3,YIP,4.0
NC3,OMA,1.0
SSC,TUS,9.0
BAD,SSC,4.0
SUM,YIP,4.0
ICT,SSC,2.0
LUF,SSC,1.0
LSV,SSC,15.0
MSP,SSC,3.0
MIB,SSC,1.0
BUF,SUM,1.0
BWI,SSC,1.0
PFN,SSC,1.0
BHM,SUM,1.0
ORD,SSC,3.0
LRD,SUM,1.0
JFK,SSC,5.0
RFD,SSC,1.0
GSB,SSC,1.0
PAM,SSC,2.0
CVS,SSC,1.0
ABI,SSC,1.0
ANC,SSC,7.0
CAE,SSC,2.0
PHX,SSC,1.0
GRK,SSC,1.0
HNL,TCM,11.0
HIK,TCM,3.0
TCM,VAD,1.0
DFW,TCM,4.0
RIV,TCM,5.0
COS,GRF,1.0
LAX,TCM,12.0
MSP,TCM,7.0
BTL,TCM,1.0
IND,TCM,6.0
GTF,TCM,4.0
LIT,TCM,1.0
SCK,TCM,4.0
KTN,TCM,3.0
FAI,TCM,9.0
EDF,TCM,18.0
HOU,TCM,3.0
TCM,TUS,69.0
COS,TCM,4.0
SLC,TCM,17.0
SEA,TCM,7.0
OAK,TCM,9.0
MFR,TCM,1.0
LSV,TCM,5.0
NZY,TCM,14.0
AEX,TCM,66.0
MHR,TCM,2.0
SMF,TCM,4.0
BHM,TCM,4.0
FOE,TCM,5.0
ORD,TCM,3.0
BIF,TCM,5.0
DTW,TCM,1.0
SAN,TCM,4.0
RAP,TCM,1.0
RFD,TCM,38.0
GRK,TCM,9.0
PHX,TCM,5.0
NBG,TCM,1.0
SUX,TCM,1.0
TCM,XNA,1.0
RCA,TCM,2.0
MKE,TCM,4.0
BWI,TCM,2.0
JFK,TCM,5.0
HUF,TCM,4.0
IAH,TCM,1.0
PDX,TIW,2.0
ANC,TCM,8.0
LKE,TIW,6.0
LCK,TCM,1.0
MCO,TCM,2.0
MSN,TCM,1.0
AZA,TCM,1.0
ROA,TCM,2.0
SKF,TCM,2.0
POB,TCM,3.0
ABQ,TCM,2.0
ACT,TCM,1.0
TIW,TUS,1.0
FBK,TCM,1.0
ATL,TCM,3.0
SKA,TCM,3.0
BFI,TCM,1.0
DSM,TCM,1.0
OKC,TCM,4.0
OMA,TCM,1.0
MIB,TCM,1.0
RIC,TCM,3.0
SJC,TCM,3.0
PDX,TCM,3.0
CLT,TOL,611.0
BWI,TOL,9.0
PHL,TOL,3085.0
ATL,TOL,36368.0
ORD,TOL,66661.0
DTW,TOL,50565.0
GRR,TOL,69.0
PIT,TOL,34925.0
FWA,TOL,9083.0
CVG,TOL,36357.0
LAN,TOL,32.0
JFK,TOL,856.0
MCO,TOL,1017.0
AZO,TOL,18.0
STL,TOL,2898.0
MSN,TOL,10.0
ATW,TOL,3.0
HNL,TOL,530.0
SBN,TOL,57.0
IAD,TOL,42.0
ANC,TOL,410.0
FAI,TOL,15.0
CLE,TOL,25507.0
LAX,TOL,4677.0
GSO,TOL,7.0
ROC,TOL,2896.0
PVD,TOL,6.0
LEX,TOL,25.0
LAS,TOL,437.0
MSP,TOL,2782.0
MCI,TOL,2942.0
RIC,TOL,9.0
MKE,TOL,23.0
TOL,YIP,319.0
CMH,TOL,26.0
BUF,TOL,15.0
ABE,TOL,3.0
CWA,TOL,4.0
ELP,TOL,289.0
IND,TOL,23.0
RFD,TOL,2977.0
MHR,TOL,4.0
MDT,TOL,8.0
EVV,TOL,14.0
BRO,TOL,125.0
LIT,TOL,41.0
TOL,XNA,9.0
BNA,TOL,2891.0
AEX,TOL,25.0
CRW,TOL,6.0
BTV,TOL,3.0
CMI,TOL,8.0
MEM,TOL,2732.0
TOL,TVC,2.0
JAX,TOL,18.0
FLL,TOL,340.0
SNA,TOL,1.0
GSP,TOL,13.0
CHA,TOL,8.0
SHV,TOL,41.0
CAE,TOL,9.0
MAF,TOL,1.0
PDX,TOL,767.0
SJC,TOL,1928.0
SYR,TOL,24.0
BMI,TOL,3.0
OAJ,TOL,2.0
CHS,TOL,6.0
BGM,TOL,3.0
MQT,TOL,2.0
SAN,TOL,112.0
MDW,TOL,9234.0
IAH,TOL,567.0
BDL,TOL,283.0
ROA,TOL,9.0
MBS,TOL,3.0
BFI,TOL,2763.0
RDU,TOL,2922.0
COU,TOL,4.0
PHX,TOL,462.0
ICT,TOL,14.0
SFB,TOL,2108.0
MSO,TOL,2.0
LCK,TOL,22.0
SFO,TOL,6.0
SLC,TOL,13.0
PBI,TOL,5.0
TOL,TYS,19.0
LGA,TOL,9.0
RAP,TOL,3.0
BKL,TOL,3.0
SEA,TOL,155.0
SCE,TOL,4.0
OKC,TOL,23.0
ACY,TOL,57.0
LEX,TDZ,1.0
CID,TOL,9.0
DCA,TOL,5.0
ABY,TDZ,2.0
ABY,TOL,1.0
FTW,TOL,2.0
ELM,TOL,3.0
AUS,TOL,2.0
MRC,TOL,3.0
IRS,TOL,1.0
AVL,TOL,3.0
BQK,TOL,1.0
ABQ,TOL,7.0
SGF,TOL,2.0
MYR,TOL,19.0
HSV,TOL,36.0
HSV,TDZ,1.0
LSV,TOL,2.0
DSM,TOL,6.0
HOU,TOL,4.0
DBQ,TOL,1.0
PWK,TDZ,1.0
FOE,TOL,1.0
MKL,TOL,2.0
LCH,TOL,2.0
CRP,TOL,1.0
NZC,TOL,2.0
TN6,TOL,1.0
LIT,TDZ,1.0
TLH,TOL,4.0
TOL,YNG,5.0
SLN,TOL,1.0
MIB,TOL,1.0
MGM,TOL,3.0
LYH,TOL,3.0
DRT,TOL,4.0
LAF,TOL,4.0
SAV,TOL,2.0
GPT,TOL,21.0
ISO,TOL,1.0
CHO,TOL,1.0
COS,TOL,9.0
SUS,TOL,3.0
MFD,TOL,2.0
ILG,TOL,4.0
MKC,TOL,1.0
RWI,TOL,2.0
SAT,TOL,9.0
SPI,TOL,2.0
PGD,TOL,104.0
TOL,TUS,4.0
APN,TOL,2.0
HIF,TOL,1.0
AGS,TOL,2.0
FDY,TOL,1.0
ILN,TOL,542.0
BIS,TOL,2.0
FOE,IND,5.0
FOE,SLC,54.0
COU,FOE,4.0
FOE,PIA,1.0
FOE,STL,914.0
FOE,OAK,2.0
EVV,FOE,14.0
DEC,FOE,2.0
DTW,FOE,6.0
CMH,FOE,5.0
FOE,SPI,2.0
FOE,MCI,1191.0
CRW,FOE,2.0
CVG,FOE,2.0
BNA,FOE,13.0
CAK,FOE,1.0
FOE,GYY,1.0
FOE,MSP,10.0
FOE,GJT,1.0
ATL,FOE,9.0
DSM,FOE,15.0
FOE,ORD,7.0
FOE,LBL,3.0
FOE,YIP,24.0
CYS,FOE,3.0
DOV,FOE,2.0
FOE,SGF,4.0
FOE,PIT,2.0
FOE,SAN,3.0
FOE,MHK,15.0
FOE,LIT,4.0
FOE,SWO,13.0
FOE,LAX,5.0
FOE,LNK,4.0
FOE,MFR,1.0
FOE,LSE,2.0
FOE,LBB,21.0
FOE,LAN,9.0
FOE,MCO,6.0
FOE,LAR,4.0
CLL,FOE,36.0
FOE,OKC,31.0
FOE,MSY,3.0
FOE,GCK,2.0
ABQ,FOE,3.0
BWI,FOE,3.0
FOE,PHL,7.0
FOE,LAS,289.0
FOE,MKE,62.0
FOE,MAF,1.0
FOE,PHX,9.0
FOE,ICT,4.0
FOE,SHV,5.0
FOE,JFK,1.0
FOE,LEX,7.0
AEX,FOE,1.0
FOE,SCE,2.0
FOE,LBF,1.0
FLL,FOE,4.0
BMG,FOE,3.0
CID,FOE,6.0
FOE,MSN,7.0
FOE,RFD,19.0
CLT,FOE,1.0
CLE,FOE,2.0
FOE,RIV,2.0
FOE,GLH,1.0
FOE,GRK,3.0
FOE,GPT,2.0
FOE,RDU,8.0
AMA,FOE,3.0
CAE,FOE,3.0
BTR,FOE,2.0
ABE,FOE,1.0
FOE,SJC,2.0
AHN,FOE,1.0
FOE,IAH,2.0
FOE,SAT,3.0
FOE,IAD,2.0
FOE,SBN,2.0
FOE,SVN,1.0
ALO,FOE,2.0
FOE,TYS,2.0
FOE,MEM,3.0
ELP,FOE,4.0
ELP,TUS,3582.0
IAH,TUS,43404.0
ORD,TUS,46072.0
LAS,TUS,67650.0
SJC,TUS,4451.0
PIT,TUS,13.0
STL,TUS,4177.0
BNA,TUS,25.0
PHX,TUS,199541.0
MCO,TUS,10.0
LNK,TUS,4.0
SLC,TUS,33433.0
SFO,TUS,4670.0
OKC,TUS,141.0
MSP,TUS,19431.0
LAX,TUS,129946.0
ABQ,TUS,19632.0
MCI,TUS,1192.0
CID,TUS,6.0
IND,TUS,42.0
SAT,TUS,1470.0
PDX,TUS,985.0
CLT,TUS,436.0
BWI,TUS,17.0
ATL,TUS,12541.0
DTW,TUS,58.0
PHL,TUS,19.0
SNA,TUS,1726.0
MKE,TUS,154.0
DSM,TUS,41.0
MEM,TUS,5712.0
MAF,TUS,21.0
SEA,TUS,9117.0
ICT,TUS,101.0
AMA,TUS,25.0
FSD,TUS,12.0
COS,TUS,95.0
LIT,TUS,767.0
OAK,TUS,4253.0
SAN,TUS,32389.0
CVG,TUS,7963.0
JFK,TUS,1179.0
HOU,TUS,19.0
CMH,TUS,9.0
MDW,TUS,4821.0
BSM,TUS,1.0
ABI,TUS,30.0
LCK,TUS,5.0
TUS,YIP,14.0
JAN,TUS,7.0
BDL,TUS,2.0
SMF,TUS,2146.0
PVD,TUS,8.0
MKC,TUS,1.0
MSY,TUS,16.0
GRF,TUS,3.0
TUS,TYR,1.0
ART,TUS,1.0
MGM,TUS,11.0
LSV,TUS,73.0
MSN,TUS,9.0
LWS,TUS,12.0
BRO,TUS,11.0
AVL,TUS,7.0
FCA,TUS,2.0
TUS,TYS,17.0
FAI,TUS,2.0
MHK,TUS,16.0
NZY,TUS,36.0
RCA,TUS,11.0
HMN,TUS,6.0
FSM,TUS,12.0
AEX,TUS,47.0
BHM,TUS,13.0
PVU,TUS,1.0
DMA,TUS,9.0
GFK,TUS,4.0
ILG,TUS,1.0
IAD,TUS,695.0
BTR,TUS,9.0
GTF,TUS,7.0
SJT,TUS,12.0
POB,TUS,9.0
BTL,TUS,1.0
BFI,TUS,9.0
RDU,TUS,18.0
GEG,TUS,482.0
CYS,TUS,5.0
GRK,TUS,79.0
LBB,TUS,176.0
MFR,TUS,4.0
GGG,TUS,28.0
BIF,TUS,87.0
DLF,TUS,14.0
TUS,YKM,2.0
SVN,TUS,42.0
SAF,TUS,3.0
CLE,TUS,8.0
MWH,TUS,6.0
FWA,TUS,3.0
DMA,LSV,5.0
DMA,RST,1.0
RIV,TUS,86.0
LEX,TUS,6.0
LSF,TUS,10.0
OLS,TUS,5.0
PBI,TUS,2.0
GJT,TUS,16.0
OAJ,TUS,4.0
BAD,TUS,11.0
BFL,TUS,11.0
BAD,DMA,4.0
DMA,POB,1.0
SZL,TUS,2.0
SGF,TUS,598.0
NBG,TUS,3.0
ILN,TUS,290.0
HOT,TUS,5.0
SHV,TUS,23.0
BWI,DMA,2.0
AZO,TUS,1.0
LAF,TUS,3.0
RIC,TUS,10.0
EFD,TUS,5.0
DYS,TUS,5.0
MOB,TUS,1.0
HON,TUS,1.0
TIK,TUS,7.0
RAP,TUS,2.0
HSV,TUS,9.0
BTV,TUS,1.0
NKX,TUS,8.0
GPT,TUS,21.0
MSO,TUS,3.0
ABR,TUS,1.0
CAE,TUS,10.0
RDD,TUS,17.0
BIS,TUS,2.0
DQF,TUS,30.0
BIL,TUS,2.0
SKA,TUS,2.0
ROA,TUS,5.0
OGG,TUS,1.0
GNV,TUS,2.0
PIB,TUS,1.0
PAM,TUS,4.0
FLG,TUS,1.0
TUS,VGT,8.0
CDC,TUS,6.0
FLL,TUS,7.0
SBP,TUS,1.0
MUO,TUS,5.0
CLL,TUS,7.0
SKF,TUS,2.0
DMA,SKF,1.0
DCA,TUS,5.0
CHA,TUS,2.0
CMH,DMA,1.0
PUW,TUS,6.0
LAR,TUS,1.0
MCF,TUS,1.0
APC,TUS,1.0
RFD,TUS,92.0
SAV,TUS,1.0
NJK,TUS,8.0
LRU,TUS,1.0
MHT,TUS,2.0
GSP,TUS,1.0
PNS,TUS,4.0
RST,TUS,6.0
MBS,TUS,1.0
AZA,TUS,21.0
COS,DMA,1.0
ANC,TUS,1.0
TUS,VAD,4.0
DMA,RFD,1.0
BUF,TUS,2.0
FOE,TUS,1.0
CWA,TUS,2.0
SBA,TUS,2.0
DMA,HMN,3.0
LUF,TUS,5.0
LAN,TUS,3.0
HNL,TUS,2.0
MCI,TUP,9.0
TUP,YIP,6.0
CSG,TUP,4.0
MEM,TUP,15738.0
GTR,TUP,967.0
ATL,TUP,4189.0
PIB,TUP,4.0
BTR,TUP,12.0
PFN,TUP,6.0
TUP,XNA,14.0
LEX,TUP,11.0
BHM,TUP,5.0
HSV,TUP,8.0
LFT,TUP,6.0
TUL,TUP,1.0
FYV,TUP,10.0
GNV,TUP,24.0
NEW,TUP,2.0
TLH,TUP,3.0
CHA,TUP,4.0
EVV,TUP,2.0
CVG,TUP,1.0
BIF,TUP,1.0
ORD,TUP,1.0
CAE,TUP,10.0
CMH,TUP,2.0
TUP,TYS,9.0
AEX,TUP,1.0
GSP,TUP,3.0
MGM,TUP,4.0
LRD,TUP,1.0
BOS,TUP,4.0
PAH,TUP,3.0
COU,TUP,2.0
BNA,TUP,6.0
GSO,TUP,4.0
GLH,TUP,4.0
DFW,TUP,1.0
AVL,TUP,1.0
PHX,TUP,2.0
LAN,TUP,1.0
SFB,TUP,4.0
DSM,TUP,3.0
CHS,TUP,2.0
MOB,TUP,2.0
OKC,TUP,1.0
DTW,TUP,1.0
JAN,TUP,3.0
GPT,TUP,2.0
CLE,TUP,1.0
CLT,TUP,1.0
TCL,TUP,2.0
CHO,TUP,2.0
PNS,TUP,1.0
RDU,TUP,2.0
SAT,UVA,4.0
RKS,VEL,50.0
SLC,VEL,3499.0
CPR,VEL,1.0
GJT,VEL,4.0
FMN,VEL,85.0
LAR,VEL,15.0
CWA,GRB,3914.0
CWA,OSH,47.0
CWA,MCO,1.0
ATW,CWA,5283.0
CWA,ORD,69409.0
CWA,MQT,3913.0
CWA,SLC,81.0
BFF,CWA,4.0
CWA,LSE,130.0
CWA,MKE,12930.0
CWA,MSN,36.0
CWA,RFD,10.0
CWA,ESC,136.0
CWA,RAP,18.0
AZO,CWA,5.0
CWA,MSP,58937.0
CWA,MSY,11.0
CWA,TVC,5.0
CWA,LBF,2.0
CWA,DTW,32631.0
CWA,MKG,37.0
CWA,EAU,85.0
BJI,CWA,1.0
CWA,DSM,7.0
CWA,RST,2557.0
CWA,YIP,3.0
CWA,MEM,3162.0
CWA,CWI,1.0
CWA,DIK,0.0
BIS,CWA,332.0
CWA,LAS,45.0
CWA,SFB,6.0
CWA,LNK,3.0
CWA,ICT,3.0
ABR,CWA,1.0
CWA,MHT,1.0
ALB,CWA,2.0
CWA,DAY,3.0
CLT,CWA,2.0
CWA,IAD,3.0
CWA,SBN,11.0
CWA,IMT,5.0
CWA,MDW,3.0
CWA,ELP,1.0
RST,STE,2.0
CWA,PIB,1.0
CWA,RDU,2.0
CWA,GYY,1.0
CLE,CWA,7.0
BHM,CWA,2.0
CWA,IND,2.0
ACY,CWA,17.0
CWA,IAH,1.0
CWA,FWA,6.0
BTV,CWA,1.0
BNA,CWA,1.0
CWA,ERI,1.0
CWA,GPT,1.0
CWA,XNA,1.0
CWA,FSM,2.0
CVG,CWA,1.0
ATW,STE,1.0
MEM,STE,1.0
CWA,LAN,4.0
ATL,CWA,1.0
CWA,OKC,1.0
CWA,TUL,1.0
CWA,MCI,3.0
CWA,SGF,3.0
CWA,FSD,2.0
CWA,TYS,1.0
CWA,STL,3.0
CWA,PIT,2.0
CWA,LEX,1.0
LWS,YKM,66.0
GEG,YKM,9489.0
SEA,YKM,124511.0
PUW,YKM,23.0
PDX,YKM,12619.0
FCA,YKM,4.0
CLM,YKM,20.0
PDT,YKM,25.0
BLI,YKM,32.0
EAT,YKM,753.0
DFW,YKM,10.0
ALW,YKM,10518.0
MSP,YKM,6.0
ANC,YKM,13.0
MWH,YKM,770.0
SJC,YKM,4.0
PHX,YKM,8.0
LAX,YKM,6.0
SNA,YKM,3.0
RDD,YKM,1.0
BIL,YKM,14.0
SFO,YKM,5.0
CVG,YKM,2.0
SMF,YKM,6.0
MFR,YKM,9.0
BZN,YKM,6.0
HNL,YKM,2.0
HLN,YKM,1.0
ATL,YKM,2.0
YKM,YUM,1.0
GTF,YKM,4.0
IAH,YKM,2.0
MSO,YKM,5.0
TWF,YKM,1.0
ABQ,YKM,1.0
PIH,YKM,1.0
FAT,YKM,2.0
OAK,YKM,6.0
ELP,YKM,1.0
FWA,YKM,4.0
SAN,YKM,3.0
PIA,YKM,1.0
AMA,YKM,3.0
MCI,YKM,4.0
IDA,YKM,1.0
RAP,YKM,1.0
STL,YKM,3.0
AUS,YKM,1.0
BOS,YKM,1.0
POB,YKM,6.0
GFK,YKM,2.0
GRR,YKM,2.0
NZY,YKM,6.0
ORD,YKM,2.0
SYR,YKM,1.0
JFK,YKM,1.0
SLC,YKM,1493.0
MEM,YKM,1.0
ABI,YKM,2.0
ABI,PDX,13.0
ABI,MAF,81.0
ABI,TPA,9.0
ABI,IND,5.0
ABI,LIT,9.0
ABI,MSY,9.0
ABI,STL,11.0
ABI,SNA,43.0
ABI,FLL,6.0
ABI,PBI,5.0
ABI,ORD,28.0
ABI,ATL,16.0
ABI,TUL,13.0
ABI,SJC,27.0
ABI,BDL,5.0
ABI,COS,14.0
ABI,ABQ,27.0
ABI,BFL,4.0
ABI,HSV,7.0
ABI,DSM,16.0
ABI,CVG,8.0
ABI,SMF,13.0
ABI,ELP,39.0
ABI,MSP,24.0
ABI,SEA,27.0
ABI,ICT,21.0
ABI,OAK,12.0
ABI,SFO,23.0
ABI,OKC,20.0
ABI,BNA,7.0
ABI,ILE,9.0
ABI,EWR,7.0
ABI,SGF,11.0
ABI,SJT,124.0
ABI,SAT,39.0
ABI,LAS,155.0
ABI,CRP,31.0
ABI,SLC,63.0
ABI,FAT,7.0
ABI,SAN,38.0
ABI,GSO,4.0
ABI,AMA,35.0
ABI,PHX,30.0
ABI,BPT,6.0
ABI,LBB,9304.0
ABI,MCO,11.0
ABI,RIC,5.0
ABI,LAX,32.0
ABI,DTW,5.0
ABI,BHM,6.0
ABI,MIA,11.0
ABI,DAY,2.0
ABI,MCI,14.0
ABI,RDU,9.0
ABI,GTR,1.0
ABI,LGA,2.0
ABI,CLT,11.0
ABI,JAX,6.0
ABI,CLL,15.0
ABI,IAH,12016.0
ABI,FSM,1.0
ABI,BOS,4.0
ABI,OMA,7.0
ABI,SHV,5.0
ABI,IAD,3.0
ABI,DCA,7.0
ABI,BWI,5.0
ABI,GJT,10.0
ABI,SPS,20.0
ABI,EAU,1.0
ABI,PIT,6.0
ABI,LFT,8.0
ABI,HOU,17.0
ABI,MGM,3.0
ABI,AEX,3.0
ABI,PHL,7.0
ABI,GRR,4.0
ABI,JAN,7.0
ABI,TYS,8.0
ABI,MDW,6.0
ABI,FWA,3.0
ABI,CMH,4.0
ABI,MSN,4.0
ABI,BTR,2.0
ABI,CID,8.0
ABI,MEM,7.0
ABI,SAV,3.0
DYS,JFK,4.0
ABI,GSP,5.0
ABI,MKE,3.0
ABI,GRK,8.0
DYS,HNL,1.0
ABI,SFB,2.0
ABI,XNA,4.0
ABI,BWD,11.0
BGR,DYS,1.0
ABI,PIA,5.0
DYS,LSV,4.0
ABI,BGS,1.0
ABI,ILN,1.0
ABI,MDT,1.0
ABI,PNS,7.0
ABI,LEX,3.0
COS,DYS,1.0
ABI,MOB,3.0
ABI,MTJ,4.0
ABI,ROW,4.0
ABI,CAE,4.0
ABI,CLE,6.0
ABI,CMI,1.0
ABI,CHS,2.0
DYS,RCA,3.0
ABI,GPT,2.0
ABI,LTS,1.0
ABI,SWW,1.0
ABI,CHA,1.0
ABI,STJ,3.0
ABI,SBA,1.0
ABI,FNT,1.0
DYS,SEA,1.0
DYS,PHX,1.0
ABI,BMI,1.0
AOO,YIP,5.0
AOO,JST,3577.0
AOO,PIT,7365.0
AOO,SCE,39.0
AOO,JHW,1.0
AOO,IAD,6793.0
AWX,HNL,1.0
ADM,YIP,16.0
ADM,ELP,3.0
ADM,STL,1.0
ADM,DFW,4.0
ADM,MCI,3.0
ADM,SAT,1.0
ADM,CLT,2.0
ADM,BWI,1.0
ADM,PDX,1.0
ADM,ILN,12.0
ADM,BOS,1.0
ADM,PHX,1.0
ADM,MCO,2.0
ADM,SFO,1.0
ADM,LEX,1.0
AST,SEA,139.0
AST,PDX,5001.0
AST,BFI,9.0
ATL,SYR,39568.0
ATL,SAV,156691.0
ATL,RIC,114865.0
ABE,ATL,36350.0
ATL,PWM,20147.0
ATL,AVP,19129.0
ATL,PDX,35439.0
ATL,LAS,100620.0
ATL,TYS,117870.0
ATL,BWI,183405.0
ATL,CLT,233436.0
ATL,CLE,143047.0
ATL,AVL,92959.0
ATL,HSV,112093.0
ATL,GSO,147642.0
ATL,CHS,137779.0
ATL,FWA,29559.0
ATL,MGM,105209.0
ATL,CVG,131070.0
ATL,PIT,177848.0
ATL,BHM,131345.0
ATL,MDT,41481.0
ATL,GSP,118563.0
ATL,PVD,54528.0
ATL,STL,185954.0
ATL,LEX,96133.0
ATL,MKE,118930.0
ATL,BNA,138063.0
ATL,ROC,62072.0
ATL,PNS,135981.0
ATL,BUF,93163.0
ATL,ORD,344038.0
AGS,ATL,116649.0
ATL,MDW,132506.0
ATL,IAH,202711.0
ATL,HOU,119488.0
ATL,DTW,217997.0
ATL,ELP,15431.0
ATL,SEA,63196.0
ATL,CAE,130143.0
ATL,CMH,97448.0
ATL,ICT,53193.0
ATL,RDU,209151.0
ATL,ROA,79001.0
ATL,CSG,87947.0
ATL,BDL,86729.0
ATL,HNL,13751.0
ATL,JFK,81436.0
ATL,LGA,291276.0
ATL,MCO,319861.0
ATL,PHX,127963.0
ATL,MEM,233262.0
ATL,JAN,91465.0
ATL,LNK,183.0
ATL,JAX,199531.0
ATL,SLC,108700.0
ATL,PHL,280330.0
ATL,SFO,104386.0
ATL,OKC,47731.0
ATL,CRP,12657.0
ATL,PBI,151117.0
ATL,FLL,236240.0
ATL,COS,18059.0
ATL,MSY,178790.0
ATL,TLH,116430.0
ATL,SAT,95757.0
ATL,MSP,177533.0
ATL,IND,115822.0
ATL,GRR,27668.0
ATL,MCI,143628.0
ATL,LIT,68249.0
ATL,LAX,148806.0
ATL,IAD,236064.0
ATL,DCA,232248.0
ATL,SHV,46759.0
ABQ,ATL,30764.0
ATL,BTR,63785.0
ATL,CHA,108117.0
ATL,GNV,91527.0
ATL,PFN,101837.0
ATL,CID,2564.0
ATL,SAN,61227.0
ANC,ATL,19059.0
ATL,BIF,5.0
AMA,ATL,28.0
ATL,GEG,9.0
ATL,AZO,1503.0
ATL,FSD,1640.0
ATL,MYR,105644.0
ATL,OAJ,27787.0
ATL,FAY,80923.0
ATL,ILM,79458.0
ATL,GTR,53842.0
ATL,MEI,39820.0
ATL,FLO,40607.0
ATL,GPT,101779.0
ATL,VLD,49175.0
ATL,BQK,44679.0
ATL,EVV,57378.0
ATL,CRW,66029.0
ATL,LYH,31794.0
ATL,YIP,291.0
ATL,LBB,13.0
ATL,LFT,13105.0
ATL,RAP,3.0
ATL,SNA,31796.0
ATL,ESF,12.0
AEX,ATL,12629.0
ATL,DSM,22136.0
ATL,GJT,51.0
ATL,SBN,20724.0
ATL,SJC,19062.0
ATL,SMF,19705.0
ATL,MBS,12.0
ATL,BMI,35867.0
ATL,GLH,0.0
ATL,BSM,1.0
ATL,DET,1782.0
PDK,YIP,50.0
ATL,XNA,39308.0
ATL,BRO,60.0
ATL,GTF,6.0
ATL,MHT,18629.0
ATL,CKB,254.0
BUF,PDK,7.0
ATL,CHO,15749.0
BRO,PDK,3.0
ATL,BMG,9.0
ATL,SFB,910.0
ATL,MKG,3.0
LRD,PDK,7.0
LEX,PDK,3.0
ATL,ORH,3359.0
MEM,PDK,3.0
ATL,OAK,10285.0
ATL,MSN,4290.0
ATL,FSM,2294.0
ATL,FTW,1.0
ATL,LCH,25.0
ATL,TVC,204.0
ATL,EFD,27.0
ATL,PDK,3.0
DET,PDK,3.0
ANB,ATL,1.0
ATL,EYW,14050.0
ATL,JAC,954.0
ATL,SVN,7.0
ATL,LSE,13.0
ATL,CMI,453.0
ATL,RWI,2.0
PDK,SBN,2.0
ATL,ILN,6576.0
ATL,ILG,1544.0
ATL,TCL,73.0
ATL,PIB,3.0
ATL,PGV,9.0
ATL,BTV,4312.0
MFD,PDK,1.0
FTY,YIP,3.0
ATL,BFR,1.0
AFW,PDK,3.0
MLU,PDK,1.0
ATL,ITH,1.0
ATL,CLL,14.0
ATL,SCE,653.0
OKC,PDK,1.0
FTY,MCI,3.0
ATL,WGO,2.0
ATL,SGF,8778.0
IND,PDK,3.0
ATL,OGG,352.0
ATL,GRK,4664.0
ATL,ATW,10994.0
MBS,PDK,1.0
ATL,LCK,323.0
ATL,HIK,1.0
ATL,BKL,27.0
ATL,GRB,1628.0
CLE,PDK,2.0
ALO,ATL,1.0
ATL,RFD,1592.0
PDK,RFD,1.0
PDK,ROC,1.0
BNA,PDK,5.0
ATL,SUS,23.0
CVG,PDK,2.0
LUK,PDK,5.0
DTW,PDK,2.0
ATL,NQX,4.0
ATL,COU,6.0
ATL,BFI,7.0
ATL,SPS,5.0
PDK,SPS,1.0
ATL,POB,10.0
ATL,FYV,17.0
ATL,MKC,2.0
PDK,ZZV,5.0
PDK,SHV,3.0
ATL,SUX,1.0
LIT,PDK,1.0
ATL,GDC,3.0
ATY,FTY,2.0
ATY,PDK,1.0
ATL,VAD,1.0
PDK,TOL,1.0
PBI,PDK,1.0
ACY,ATL,2773.0
KY5,PDK,8.0
ATL,KY5,3.0
ATL,NZC,5.0
HOU,PDK,2.0
ATL,FTY,1.0
ATL,BZN,429.0
ATL,DPA,1.0
ATL,HKY,1400.0
ATL,BPT,564.0
ATL,LAN,2184.0
ATL,ISO,2916.0
ISM,PDK,2.0
ATL,TTN,346.0
BRD,PDK,1.0
PDK,RDU,1.0
ATL,MTJ,214.0
ATL,EDF,1.0
ATL,FAI,6.0
ATL,HOT,156.0
FTY,ILG,1.0
ATL,CEV,2.0
ATL,MHK,3.0
ATL,BGM,1470.0
ATL,HLM,1.0
PDK,PNE,1.0
ATL,SWO,7.0
ATL,BAD,1.0
MSY,PDK,1.0
ATL,EWN,4628.0
FTY,JAC,1.0
ATL,CLU,1.0
ATL,CYS,7.0
ATL,DQF,1.0
BFI,PDK,1.0
ATL,LAF,3.0
ATL,FCA,114.0
FTY,RNO,1.0
ATL,OCF,1.0
PDK,PIT,1.0
BTV,PDK,1.0
MDW,PDK,1.0
FTY,PHX,1.0
ATL,NQA,1.0
ACY,FTY,2.0
PDK,SFO,1.0
ATL,WQM,2.0
ATL,YNG,3.0
ATL,MIE,1.0
ATL,SSC,1.0
ATL,SLN,1.0
ATL,BKG,788.0
ATL,BIL,153.0
ATL,LSF,4.0
MTN,PDK,2.0
ATL,SHD,2.0
AGS,MCO,25.0
AGS,JFK,16.0
AGS,CAE,933.0
AGS,RDU,17.0
AGS,CMH,6.0
AGS,GSO,12.0
AGS,CHS,39.0
AGS,GSP,24.0
AGS,PVD,9.0
AGS,DCA,39.0
AGS,IAD,16.0
AGS,RIC,18.0
AGS,SAV,2436.0
AGS,CLT,39292.0
AGS,CLE,28.0
AGS,BWI,23.0
AGS,FLL,22.0
AGS,PHL,176.0
AGS,JAX,77.0
AGS,DAY,7.0
AGS,MOB,7.0
AGS,HOU,2.0
AGS,CSG,6.0
AGS,PNS,9.0
AGS,PBI,16.0
AGS,TYS,3.0
AGS,MEM,19.0
AGS,MLU,3.0
AGS,GNV,15.0
AGS,TLH,17.0
AGS,PIT,17.0
AGS,FLO,15.0
AGS,CRW,2.0
AGS,CVG,444.0
AGS,BUF,7.0
AGS,LIT,2.0
AGS,SAT,10.0
AGS,AVL,4.0
AGS,BGR,2.0
AGS,BDL,10.0
AGS,JAN,4.0
AGS,ROA,3.0
AGS,STL,8.0
AGS,LEX,2.0
AGS,OAJ,9.0
AGS,MYR,24.0
AGS,SLC,2.0
AGS,LAX,5.0
AGS,FAY,14.0
AGS,CHA,6.0
AGS,SYR,3.0
AGS,VLD,3.0
AGS,ILM,22.0
AGS,MGM,2.0
AGS,LGA,247.0
AGS,HSV,4.0
AGS,SNA,6.0
AGS,BQK,3.0
AGS,ORD,10.0
AGS,IAH,1847.0
AGS,DTW,2.0
AGS,FWA,2.0
AGS,COS,1.0
AGS,MSP,8.0
AGS,PWM,4.0
AGS,SJC,4.0
AGS,MEI,1.0
AGS,YIP,21.0
AGS,OKC,1.0
AGS,LYH,1.0
AGS,DHN,2.0
AGS,AMA,1.0
AGS,NQA,2.0
AGS,MHT,4.0
AGS,BHM,6.0
ACY,AGS,169.0
AGS,SFB,103.0
AGS,ELP,1.0
AGS,IND,10.0
AGS,MKE,3.0
AGS,BNA,4.0
AGS,AUS,3.0
AGS,PHX,2.0
AGS,ICT,6.0
AGS,ROC,4.0
AGS,LAS,2.0
AGS,XNA,1.0
AGS,SHV,4.0
AGS,BTR,2.0
AGS,LSE,1.0
AGS,PDX,2.0
ABE,AGS,6.0
AGS,BWG,6.0
AGS,TUL,1.0
AGS,FNT,2.0
AGS,MDW,2.0
AGS,GTR,2.0
AGS,ATW,7.0
AGS,SEA,1.0
AGS,ISO,1.0
AGS,BGM,1.0
AGS,MDT,1.0
AGS,SAN,4.0
AGS,CHO,2.0
AGS,MSY,9.0
AGS,GPT,17.0
AGS,OAK,1.0
AGS,CWA,1.0
AGS,ERI,1.0
AGS,GRR,1.0
AGS,SFO,1.0
AGS,RNO,2.0
AGS,GRK,2.0
AGS,SMF,2.0
AGS,FXE,1.0
AGS,BZN,1.0
AGS,EWN,1.0
AGS,BDR,2.0
AGS,PFN,1.0
AGS,BMI,1.0
AGS,SBN,1.0
AGS,EYW,1.0
AUG,MHT,12.0
AUG,RKD,3071.0
AUG,LGA,1.0
BTV,WVL,1.0
AUG,BDR,2.0
AUG,BGR,3.0
DET,WVL,1.0
BKW,MSP,1.0
BKW,MDW,2.0
BKW,IAD,3409.0
BKW,CRW,6.0
BKW,PIT,2140.0
BKW,YIP,1.0
BKW,IND,15.0
BKW,PKB,5.0
BKW,ILM,1.0
BKW,TPA,1.0
BKW,LGA,2.0
BKW,CMH,237.0
BKW,SHD,1744.0
BFR,YIP,3.0
BJI,MSP,36699.0
BJI,BRD,3052.0
BJI,STC,235.0
BJI,LNK,1.0
ATY,BJI,1.0
GFK,VWL,3394.0
BJI,CID,1.0
BJI,MSN,13.0
BJI,MKE,3.0
AXN,BJI,343.0
BDL,BJI,2.0
BJI,YIP,1.0
BJI,GRB,2.0
BJI,FFM,9.0
JMS,VWL,2.0
BJI,RIC,1.0
BJI,FSD,5.0
BJI,GFK,388.0
BJI,IAD,2.0
BJI,GRR,2.0
BZN,FCA,426.0
BZN,MSP,27086.0
BZN,GTF,10047.0
BIL,BZN,11688.0
BZN,GEG,6856.0
BZN,MSO,8699.0
BZN,SLC,57681.0
BZN,JAC,495.0
BZN,TWF,6.0
BZN,IDA,640.0
BZN,SEA,17508.0
BZN,OMA,1.0
BZN,LWS,24.0
BZN,PUW,3.0
BZN,PDX,32.0
BZN,DTW,487.0
BZN,MOT,1.0
BOS,BZN,1.0
BZN,LAX,129.0
BZN,PHX,11.0
BZN,RAP,3.0
BZN,LCH,3.0
BZN,OKC,2.0
BZN,PRB,1.0
ALO,BZN,4.0
BZN,FAT,2.0
BZN,RNO,1.0
BZN,SMF,15.0
BZN,CVG,2.0
BZN,LAS,260.0
BZN,ILN,4.0
BZN,IND,20.0
BZN,MFR,3.0
BZN,CYS,3.0
BFI,BZN,3.0
BZN,TUS,2.0
BZN,FSD,8.0
BIF,BZN,3.0
BZN,RDU,1.0
AUS,BZN,1.0
BZN,ORD,2386.0
BZN,SHV,1.0
BZN,SWO,2.0
BZN,SNA,2.0
BZN,PIH,8.0
BZN,GSP,2.0
BZN,CDC,2.0
BHM,BZN,2.0
BZN,SBN,1.0
ABQ,BZN,1.0
BZN,ICT,4.0
BZN,CLL,2.0
BZN,SFO,166.0
BZN,CLE,1.0
BZN,MHK,2.0
BZN,LAN,2.0
AZA,BZN,2.0
BKG,OKC,2.0
BKG,TYS,1.0
BKG,RFD,36.0
BKG,MDW,7.0
BKG,YIP,1.0
BKG,MKE,86.0
BKG,SHV,35.0
BKG,XNA,6.0
BKG,SAT,1.0
BKG,MSP,185.0
BKG,ROA,1.0
BKG,GGG,2.0
BKG,IAH,5.0
BKG,MCO,4.0
BKG,GRK,2.0
BUF,CHO,3.0
BUF,FLL,2964.0
BUF,PBI,29.0
BUF,PHL,77901.0
BUF,SFO,31.0
BUF,JAX,51.0
BUF,LGA,106406.0
BUF,JFK,73124.0
BDL,BUF,15001.0
BUF,PHX,6725.0
BUF,RDU,11436.0
BUF,SEA,16.0
BUF,CMH,87.0
BUF,SYR,7558.0
ANC,BUF,1.0
BUF,RIC,98.0
BUF,LAS,8577.0
BUF,CLE,55290.0
BUF,BWI,54670.0
BUF,CLT,41200.0
BUF,MCI,272.0
BUF,DCA,38625.0
BUF,IAD,31534.0
BUF,LAX,26.0
BUF,MSP,12978.0
BUF,IND,1653.0
BUF,GRR,47.0
BUF,ORD,142753.0
BUF,DTW,72484.0
BUF,IAH,52.0
BUF,ROC,13749.0
BUF,STL,51.0
BNA,BUF,93.0
BUF,PVD,162.0
BUF,GSO,77.0
BUF,PIT,50935.0
BUF,CVG,35608.0
BUF,MDT,39.0
BUF,CRW,4.0
BUF,MHT,46.0
BUF,PWM,28.0
BUF,GRB,15.0
ACY,BUF,671.0
BUF,MCO,22295.0
BTV,BUF,23.0
BUF,EVV,7.0
BUF,GSP,54.0
BUF,MKE,53.0
BUF,LEX,12.0
ABE,BUF,57.0
BUF,SBN,5.0
BUF,MDW,14582.0
BUF,HOU,13.0
BUF,MSN,14.0
AZO,BUF,4.0
BUF,MSY,15.0
BUF,CHS,22.0
BUF,HVN,3.0
BUF,TYS,26.0
BUF,SLC,14.0
BUF,YIP,288.0
BUF,ILG,15.0
BUF,SAT,9.0
AVP,BUF,13.0
BUF,PDX,6.0
BUF,ILM,3.0
BUF,PGV,20.0
BUF,FWA,43.0
BUF,SNA,6.0
BUF,HSV,6.0
BUF,ORH,1.0
BUF,GWO,1.0
BUF,OKC,15.0
BUF,JAN,2.0
BUF,CSG,13.0
BUF,WGO,5.0
BUF,CSV,2.0
BUF,SJC,12.0
BUF,LIT,38.0
BUF,ISO,4.0
BUF,MYR,160.0
BUF,CAE,22.0
BUF,MEM,3747.0
BUF,SFB,20.0
BGM,BUF,35.0
BUF,SAN,15.0
AID,BUF,2.0
BUF,FEP,1.0
BUF,FLO,3.0
BUF,OAK,9.0
BUF,TTN,2.0
BUF,DET,5.0
BUF,PWK,3.0
BUF,ILN,2857.0
BUF,YNG,31.0
BTL,BUF,7.0
BUF,GRI,12.0
BUF,TVC,3.0
BUF,JST,1.0
BKL,BUF,5.0
BUF,RFD,11.0
BUF,CID,2.0
BUF,MBS,32.0
BUF,ROA,20.0
BUF,KY1,1.0
BUF,LNK,7.0
BUF,ELP,8.0
BUF,DPA,5.0
BHM,BUF,11.0
BUF,SUS,17.0
BUF,RST,3.0
BUF,SCE,10.0
BUF,COS,6.0
BUF,LBB,2.0
BUF,LAN,4.0
BFI,BUF,2.0
BUF,LCK,51.0
BUF,JHW,2538.0
BUF,FAY,2.0
BUF,FSD,2.0
BUF,PKB,6.0
BUF,FOE,1.0
BUF,FSM,5.0
BUF,LYH,1.0
BUF,GDC,19.0
BUF,GMU,3.0
BUF,MCW,1.0
BUF,CKB,3.0
BUF,LFT,3.0
BUF,GPT,1.0
BUF,MKL,1.0
BUF,MRC,7.0
BUF,DEC,1.0
BUF,GAD,1.0
BUF,HKY,2.0
BUF,SHV,39.0
BUF,GVL,1.0
BUF,RWI,57.0
BUF,LAW,1.0
BUF,CWA,2.0
AOH,BUF,1.0
BUF,CGI,1.0
BUF,SDM,1.0
AVL,BUF,7.0
BTR,BUF,1.0
BUF,XNA,4.0
BUF,ICT,6.0
AEX,BUF,5.0
BUF,HGR,4.0
BUF,LAF,1.0
BUF,GFK,1.0
AFW,BUF,1.0
BUF,MWA,1.0
BUF,PNS,2.0
BUF,DSM,5.0
BUF,POB,1.0
BUF,MLU,1.0
BWI,ORD,152980.0
CLT,ORD,178334.0
CLE,ORD,247029.0
CLE,MDW,158909.0
CMI,ORD,81674.0
ORD,SJC,115742.0
ORD,PDX,107430.0
ORD,RFD,24629.0
ORD,PWM,44746.0
ANC,ORD,88427.0
MDW,RIC,18.0
ORD,RIC,85967.0
MDW,SAV,761.0
ORD,SAV,20063.0
ORD,SYR,115299.0
MDW,SYR,15.0
ABE,ORD,50141.0
LAS,ORD,187358.0
LAS,MDW,87406.0
AZO,ORD,106284.0
ORD,TYS,63038.0
LSE,ORD,47112.0
GRB,ORD,133624.0
LSE,MDW,18.0
MDW,MSP,158090.0
MSP,ORD,467514.0
ORD,SAT,85632.0
MSY,ORD,87428.0
MDW,MSY,6435.0
FSD,ORD,40907.0
GRR,ORD,166211.0
CID,ORD,146327.0
IND,ORD,220136.0
HUF,ORD,35.0
IND,MDW,98023.0
DCA,ORD,315186.0
ABQ,ORD,40888.0
LAX,ORD,366256.0
IAD,ORD,129863.0
DCA,MDW,28022.0
LAX,MDW,59638.0
IDA,ORD,90.0
ORD,SUX,1032.0
LIT,ORD,25923.0
MCI,MDW,209304.0
MCI,ORD,159093.0
BTR,ORD,4921.0
ORD,SBN,140272.0
ORD,YNG,2276.0
MDW,SBN,16572.0
LIT,MDW,10795.0
GTF,ORD,70.0
MDW,PHL,51746.0
ORD,PHL,315444.0
ORD,SFO,254316.0
ORD,SLC,127844.0
JAX,ORD,38966.0
OKC,ORD,84765.0
JAX,MDW,1293.0
ORD,PBI,30841.0
MDW,PBI,2777.0
COS,ORD,42652.0
FLL,MDW,42511.0
FLL,ORD,76723.0
FWA,ORD,119243.0
CRW,ORD,12737.0
DSM,ORD,153552.0
GSO,ORD,52330.0
CVG,ORD,253687.0
MHT,ORD,49625.0
MDW,PIT,49611.0
ORD,PIT,205063.0
MDT,ORD,100888.0
DSM,MDW,25627.0
HSV,ORD,19468.0
CHS,ORD,23396.0
EVV,ORD,59694.0
BTV,ORD,42153.0
BTV,MDW,1.0
EVV,MDW,63.0
BHM,ORD,30715.0
MDW,MKE,32885.0
MKE,ORD,217027.0
MDW,STL,201952.0
ORD,STL,271499.0
ORD,RST,60062.0
ORD,ROC,140087.0
LEX,ORD,46452.0
ORD,SNA,113558.0
MDW,SNA,1953.0
BNA,ORD,141739.0
BNA,MDW,110645.0
ORD,PVD,102828.0
ORD,SMF,62905.0
ORD,RAP,2564.0
MDW,ORD,605.0
DTW,ORD,299256.0
DET,MDW,23026.0
DTW,MDW,203767.0
ELP,ORD,31972.0
IAH,ORD,234789.0
HOU,ORD,8264.0
HOU,MDW,29284.0
ORD,ROA,24051.0
ATW,ORD,79880.0
CMH,ORD,186143.0
CMH,MDW,105359.0
BIL,ORD,887.0
GEG,ORD,20693.0
ORD,SEA,192647.0
BFI,ORD,21.0
CAE,ORD,23508.0
MBS,ORD,51484.0
ORD,RDU,137599.0
ICT,ORD,69401.0
MEM,ORD,144555.0
MDW,MEM,4239.0
ORD,PHX,213622.0
MCO,ORD,152336.0
MDW,PHX,60287.0
JAC,ORD,6552.0
ORD,OSH,1843.0
MCO,MDW,83153.0
MSN,ORD,205146.0
LBB,ORD,13.0
LNK,ORD,49156.0
MDW,MSN,19591.0
LAN,ORD,63319.0
OAK,ORD,49459.0
JAN,ORD,1296.0
LGA,ORD,424272.0
BDL,ORD,156975.0
LGA,MDW,73708.0
HNL,ORD,30878.0
JFK,ORD,88618.0
BDL,MDW,17599.0
MKG,ORD,11469.0
MDW,OKC,179.0
ORD,TVC,70314.0
LAF,ORD,4572.0
CLT,MDW,11437.0
MDW,RFD,706.0
ALO,ORD,1208.0
AVP,ORD,10421.0
BMI,ORD,63523.0
ABQ,MDW,9643.0
IAD,MDW,27296.0
MDW,SPI,10345.0
CGX,SPI,8019.0
ORD,SPI,46438.0
DBQ,ORD,43806.0
DEC,ORD,4642.0
BRL,ORD,67.0
BHM,MDW,20098.0
HVN,ORD,8295.0
MQT,ORD,4878.0
ORD,SAN,140356.0
ORD,PNS,2871.0
ABE,MDW,646.0
AZO,MDW,7.0
FAI,ORD,161.0
AMA,ORD,42.0
ANB,ORD,1.0
CYS,ORD,40.0
MDW,SEA,23202.0
FWA,MDW,1776.0
MCW,ORD,3.0
GRR,MDW,26371.0
CHA,ORD,18120.0
BFF,ORD,10.0
EFD,MDW,3.0
ORD,YIP,90.0
ICT,MDW,1590.0
MDW,RDU,24687.0
LCK,ORD,350.0
AVL,MDW,6.0
BWI,MDW,92102.0
AVL,ORD,55.0
ORD,SGH,3.0
ORD,SGF,40093.0
MDW,STP,1070.0
IMT,ORD,630.0
MDH,ORD,11.0
MDW,SAN,22027.0
GSP,MDW,2569.0
GSO,MDW,3861.0
CVG,MDW,11834.0
CHS,MDW,232.0
GSP,ORD,34273.0
MTJ,ORD,793.0
MDW,SLC,7134.0
MDW,SFO,24746.0
JFK,MDW,4858.0
ORD,TWF,37.0
GFK,ORD,81.0
IAH,MDW,2235.0
BKW,ORD,1.0
FSM,ORD,16.0
EKO,MDW,1.0
BRD,ORD,3.0
COS,MDW,3294.0
MDW,TVC,1.0
MDW,MYR,1374.0
LBF,ORD,4.0
MDW,RST,26.0
MDW,PVD,28583.0
CID,MDW,5150.0
GRI,ORD,2.0
ORD,TLH,16.0
ORD,SHV,2009.0
MDW,YIP,114.0
PWK,YIP,40.0
GEG,MDW,7.0
CMI,MDW,33.0
HUF,MDW,4.0
DPA,YIP,138.0
CAE,MDW,43.0
JAN,MDW,17648.0
LAN,MDW,5718.0
LNK,MDW,237.0
MDW,TYS,18.0
ORD,XNA,45778.0
MDW,SUS,44.0
NZY,ORD,7.0
MDW,MHT,23372.0
MGM,ORD,868.0
MDW,OKK,1.0
GRB,MDW,19.0
DPA,MEM,2.0
MDW,OAK,24907.0
ACY,ORD,210.0
GJT,ORD,76.0
ORD,SPS,31.0
DET,DPA,2.0
AMA,MDW,14.0
MEM,PWK,4.0
BMG,ORD,12.0
MYR,ORD,5267.0
AEX,ORD,37.0
MDT,MDW,21.0
MDW,ROC,3.0
ORD,ORH,1195.0
CDC,ORD,2.0
CKB,ORD,11.0
MDW,OGG,0.0
HNL,MDW,0.0
COU,MDW,6.0
MKC,ORD,10.0
ILG,ORD,0.0
MDW,SAT,5392.0
GFK,MDW,6.0
MDW,SHV,28.0
ILN,ORD,7492.0
ILN,MDW,589.0
DPA,LIT,5.0
BMG,MDW,2.0
MDW,MKC,28.0
MDH,MDW,1.0
LUK,ORD,2.0
LEX,MDW,5076.0
MHK,ORD,4.0
MDW,MIE,2.0
MDW,OGD,1.0
MDW,PDX,5885.0
ORD,SVN,38.0
MDW,SJC,6769.0
CSG,ORD,2.0
COU,ORD,6.0
MSN,PWK,1.0
CHO,ORD,16.0
CLL,MDW,4.0
CLL,ORD,8.0
MDW,SCE,9.0
ORD,SCE,40.0
MHR,ORD,22.0
AGC,MDW,1.0
CPS,ORD,3.0
FOD,ORD,2.0
CVG,DPA,2.0
ABQ,DPA,24.0
MDW,SUX,6.0
II2,LIT,1.0
MCI,PWK,5.0
ORD,PIB,2.0
BMI,DPA,1.0
FYV,ORD,2.0
II2,YIP,2.0
LCK,MDW,7.0
BFI,MDW,24.0
BIS,ORD,435.0
DPA,PHX,16.0
DPA,ICT,6.0
OGG,ORD,3865.0
ORD,SFB,36.0
MDW,PVU,1.0
LAF,MDW,4.0
BKL,ORD,26.0
LFT,MDW,3.0
MDW,XXW,1.0
EDF,ORD,10.0
BKL,MDW,23.0
DPA,IPL,1.0
AVL,DPA,15.0
MDW,XNA,92.0
BYH,ORD,2.0
DPA,SGF,2.0
BFF,DPA,3.0
BWG,DPA,1.0
CHO,MDW,2.0
ORD,PDT,2.0
DPA,RST,3.0
ORD,SBY,2.0
MDW,SMF,5223.0
ORD,RCA,1.0
HSV,MDW,18.0
CHS,DPA,2.0
DPA,DSM,1.0
EVV,PWK,1.0
DPA,GYY,1.0
FOE,MDW,3.0
DPA,TOL,2.0
DPA,JLN,4.0
DPA,IAH,2.0
DPA,DTW,3.0
BIF,MDW,3.0
MDW,SFB,12.0
CMH,DPA,2.0
DPA,DQF,1.0
CLU,DPA,4.0
LSF,MDW,1.0
LAR,ORD,1.0
CMI,DPA,1.0
LFT,ORD,18.0
FSD,MDW,20.0
MDW,NBG,1.0
DPA,SAT,6.0
DPA,IND,3.0
DPA,MCI,8.0
ILM,MDW,3.0
HOT,ORD,2.0
ILG,MDW,6.0
DPA,TCL,2.0
ORD,SWO,1.0
ATL,PWK,1.0
HOU,PWK,1.0
DPA,HOU,1.0
EFD,ORD,32.0
BIF,ORD,4.0
ELP,PWK,2.0
DPA,MDW,1.0
CHS,PWK,2.0
LUK,PWK,4.0
MDW,NKX,1.0
PWK,TOL,1.0
CLE,DPA,1.0
MDW,PWM,3.0
MSO,ORD,684.0
MBS,MDW,10.0
MDW,SCF,3.0
COU,DPA,1.0
CAE,DPA,2.0
ACY,MDW,21.0
FXE,MDW,1.0
ORD,PGV,1.0
LYH,ORD,1.0
BMI,MDW,3.0
LIT,PWK,11.0
DPA,DRT,3.0
DTW,PWK,1.0
DPA,HLM,1.0
DPA,ELP,7.0
ELP,MDW,11.0
DEC,MDW,1019.0
MDW,PWK,1.0
DPA,LAN,2.0
GPT,ORD,483.0
DQF,ORD,5.0
MDW,TTN,2.0
MDW,MOT,1.0
PWK,TUS,1.0
MDW,SSC,1.0
MDW,MGY,1.0
MDW,SAF,14.0
FCA,ORD,438.0
EIL,ORD,4.0
BTR,MDW,7.0
MSP,PWK,1.0
DPA,FSD,1.0
DPA,PNE,1.0
CRP,ORD,22.0
MDW,OAJ,1.0
OAJ,ORD,3.0
MDW,NZY,1.0
DPA,PVD,1.0
GLH,MDW,4.0
DPA,EVV,2.0
DPA,STL,3.0
CKB,MDW,3.0
EAU,MDW,182.0
DPA,MGM,1.0
MCW,MDW,2.0
LAS,PWK,4.0
PVD,PWK,2.0
MDW,RDM,1.0
BTM,MDW,1.0
BZN,MDW,1.0
DBQ,MDW,1.0
MDW,ROA,1.0
ATW,MDW,3.0
JAC,MDW,3.0
MDW,MFR,1.0
LAR,MDW,2.0
PHL,PWK,2.0
BWI,PWK,2.0
MDW,SGF,4.0
FAY,MDW,1.0
CHA,MDW,8.0
ILM,ORD,4.0
CHI,LAX,37.0
DPA,GRR,2.0
MDW,PSF,1.0
MDW,RAP,6.0
BGM,ORD,4.0
LUK,MDW,7.0
DPA,PIA,1.0
CAK,II2,1.0
FLG,MDW,2.0
ANC,CHI,39.0
GPT,MDW,8.0
PHX,PWK,2.0
AZA,MDW,2.0
OSH,PWK,1.0
CWI,RST,1.0
BDR,CWI,2.0
DCU,YIP,28.0
BUF,DCU,5.0
DCU,MEM,2.0
DCU,EWR,1.0
DCU,MBS,9.0
ATL,DCU,1.0
DCU,MCI,1.0
CLE,DCU,3.0
DCU,FWA,1.0
DCU,ORH,1.0
DCU,OCF,1.0
DCU,MKG,1.0
CLT,DCU,1.0
BMI,DCU,1.0
DCU,TVC,5.0
DCU,LEX,1.0
DEC,STL,52979.0
BMI,DEC,2458.0
DEC,SPI,1448.0
CMI,DEC,22.0
DEC,SLC,7.0
DEC,EVV,2.0
DEC,SBN,8.0
DEC,GRR,3.0
DEC,FWA,5.0
DEC,SUX,1.0
DEC,MSN,2.0
BRL,DEC,2.0
DEC,RFD,2105.0
DEC,MSP,3.0
CID,DEC,14.0
DEC,SAT,1.0
DEC,OKC,1.0
DEC,LAN,3.0
DEC,DTW,3.0
DEC,GRI,2.0
DEC,TUL,12.0
DEC,OAK,1.0
DEC,MEM,2.0
DEC,ICT,1.0
DRT,ELP,31.0
DRT,MCI,12.0
DRT,MEM,22.0
DRT,TUP,1.0
CRP,DRT,1.0
DRT,SFO,1.0
DRT,SAT,2949.0
DRT,LIT,101.0
BRO,DRT,8.0
DRT,SHV,94.0
DRT,STL,2.0
BNA,DRT,5.0
ANC,DLF,47.0
DRT,YIP,53.0
DRT,DUC,1.0
DRT,HKS,1.0
DRT,OKC,10.0
DRT,SUS,6.0
DRT,GSP,11.0
DRT,FSM,1.0
BHM,DRT,2.0
DRT,IPL,2.0
DRT,TCL,1.0
DRT,IAH,8376.0
DRT,MKL,1.0
DRT,OAK,5.0
CMH,DRT,13.0
DLF,SKA,2.0
DRT,SBN,1.0
DRT,DTW,2.0
ASN,DRT,1.0
DRT,RFD,1.0
DRT,SJT,5.0
DRT,UVA,4.0
DRT,GSO,1.0
DRT,GDC,1.0
DTW,MSN,66758.0
DTW,LAN,85309.0
DTW,MEM,112285.0
DTW,PHX,103529.0
DTW,MCO,133474.0
DTW,LNK,4186.0
DTW,OAK,1119.0
DTW,MBS,97900.0
CMH,DTW,87978.0
DTW,SEA,57937.0
DTW,RDU,58953.0
CAE,DTW,9397.0
BFI,DTW,8.0
DTW,JFK,60919.0
BDL,DTW,64709.0
DTW,LGA,167982.0
DTW,HOU,21767.0
DET,DTW,27.0
DTW,IAH,94509.0
DTW,YIP,248.0
DET,HOU,3.0
DTW,SYR,56377.0
DTW,SJC,4881.0
DTW,PWM,20795.0
ANC,DTW,4607.0
ABE,DTW,48632.0
DTW,RIC,42225.0
CLE,DTW,153895.0
BWI,DTW,100310.0
CLT,DTW,114273.0
DTW,LAS,88852.0
AZO,DTW,79770.0
DTW,TYS,39614.0
DTW,GRB,63076.0
DTW,IAD,96027.0
DTW,MCI,59999.0
DTW,LAX,83716.0
DCA,DTW,130824.0
DET,LIT,17.0
DET,MCI,55.0
DTW,SBN,75357.0
DTW,MSP,195205.0
DTW,MSY,33017.0
DTW,FSD,257.0
DTW,SAT,10828.0
DET,IND,9635.0
DTW,IND,113762.0
DTW,GRR,106133.0
DTW,SFO,57376.0
DTW,PHL,163164.0
DTW,TVC,67717.0
DTW,SLC,15507.0
DTW,FLL,72658.0
DTW,PBI,37856.0
COS,DTW,1494.0
DTW,PIT,137901.0
CVG,DTW,141404.0
DTW,MDT,51230.0
DTW,FWA,72022.0
DTW,ORH,787.0
BHM,DTW,22896.0
DTW,GSP,39777.0
DTW,HSV,9586.0
DTW,PVD,55189.0
DTW,RAP,13.0
BNA,DTW,121366.0
DTW,STL,179265.0
DTW,MKE,97157.0
DET,STL,9827.0
BNA,DET,1280.0
DTW,ROC,63141.0
MKE,YIP,217.0
DTW,SAN,28792.0
DTW,MHT,31083.0
DSM,DTW,32067.0
DTW,PDX,14399.0
DTW,GEG,20.0
ACY,DTW,9687.0
DTW,LIT,8043.0
LCK,YIP,298.0
DTW,ICT,1994.0
DTW,SNA,15030.0
BTV,DTW,15544.0
CLE,DET,2.0
FAI,YIP,3.0
DTW,OKC,8872.0
DTW,JAX,30752.0
DTW,GSO,30713.0
AUS,DET,1.0
MSN,YIP,82.0
CMI,YIP,54.0
LAF,YIP,40.0
CID,DTW,15051.0
DTW,SHV,4923.0
PHL,YIP,102.0
STL,YIP,538.0
DTW,LFT,17.0
DTW,HNL,793.0
MRC,YIP,85.0
ELP,YIP,676.0
DTW,MYR,13794.0
BFF,DTW,4.0
DTW,TLH,10.0
HUF,YIP,52.0
ABQ,DTW,56.0
YIP,YNG,203.0
MCI,YIP,1524.0
BNA,YIP,285.0
DTW,HVN,2.0
DTW,RST,3943.0
CHS,DTW,15143.0
BWI,YIP,82.0
CLE,YIP,441.0
AVP,DTW,7451.0
DTW,SAV,8682.0
AZO,YIP,84.0
LIT,YIP,528.0
BMI,YIP,49.0
BRO,YIP,123.0
SBN,YIP,135.0
GRR,YIP,230.0
CEV,YIP,9.0
BTL,YIP,85.0
IND,YIP,587.0
DET,YIP,148.0
MVN,YIP,97.0
TVC,YIP,30.0
MOP,YIP,5.0
FLL,YIP,20.0
HSV,YIP,164.0
FWA,YIP,378.0
EVV,YIP,112.0
DTW,SMF,14.0
MKL,YIP,26.0
CMH,YIP,136.0
BJJ,YIP,2.0
DTW,MKG,30120.0
DTW,ESC,1467.0
JXN,YIP,21.0
DET,MCO,224.0
TTN,YIP,11.0
ATW,DTW,33891.0
DTW,ROA,28901.0
AMA,YIP,9.0
DTW,LAF,5715.0
GWO,YIP,5.0
RFD,YIP,251.0
DTW,RFD,13930.0
ANC,YIP,30.0
BWI,DET,4530.0
CMI,DTW,27254.0
BMG,YIP,41.0
DTW,YNG,4423.0
BMI,DTW,24241.0
DET,SHV,5.0
MSP,YIP,218.0
SGH,YIP,1.0
SLC,YIP,8.0
DTW,MQT,32651.0
DTW,LEX,39824.0
LEX,YIP,181.0
DET,MKE,478.0
DTW,OWB,9.0
BGM,DTW,20256.0
DTW,EVV,30140.0
GSP,YIP,148.0
BTV,YIP,31.0
CRW,DTW,27905.0
SUS,YIP,126.0
MFD,YIP,26.0
ROC,YIP,50.0
CRW,YIP,10.0
BHM,YIP,48.0
LUK,YIP,95.0
CVG,YIP,121.0
ELD,YIP,1.0
CLT,YIP,278.0
LSE,YIP,23.0
TYS,YIP,75.0
ICT,YIP,176.0
MBS,YIP,150.0
AMA,DTW,4.0
CSG,YIP,38.0
MEI,YIP,9.0
MKG,YIP,89.0
HNL,YIP,4.0
DET,MEM,3.0
LAN,YIP,231.0
MEM,YIP,277.0
HOU,YIP,10.0
DET,PHL,1879.0
OKC,YIP,374.0
SAT,YIP,76.0
MSY,YIP,20.0
BMG,DTW,16.0
DTW,GTF,15.0
SHV,YIP,699.0
ILG,YIP,109.0
DET,MIA,1.0
DHN,DTW,0.0
GRK,YIP,34.0
LNK,YIP,41.0
JAN,YIP,57.0
AID,YIP,11.0
DET,SEA,86.0
ATW,YIP,4.0
MOR,YIP,7.0
DSM,YIP,19.0
DET,LGA,1509.0
SYR,YIP,105.0
AVL,YIP,56.0
BYH,DTW,0.0
WGO,YIP,35.0
ILN,YIP,30.0
SGF,YIP,12.0
DBQ,DTW,11.0
DTW,ELP,15.0
CGI,YIP,26.0
JAX,YIP,17.0
LBF,YIP,13.0
BWG,YIP,260.0
SAN,YIP,4.0
RST,YIP,31.0
DET,HSV,5.0
MDT,YIP,76.0
CSV,YIP,6.0
AEX,YIP,3.0
DTW,EAU,7.0
EAU,YIP,10.0
PVD,YIP,21.0
MHR,YIP,4.0
ITO,YIP,1.0
BDL,YIP,66.0
SFB,YIP,6.0
RDU,YIP,79.0
PHX,YIP,10.0
ROA,YIP,61.0
CAE,YIP,206.0
COU,YIP,89.0
FDY,YIP,28.0
IAH,YIP,48.0
DTW,LSE,396.0
JFK,YIP,48.0
SIK,YIP,2.0
ALO,YIP,4.0
PDX,YIP,7.0
AVL,DTW,7411.0
CID,YIP,95.0
IAD,YIP,63.0
BYH,YIP,3.0
MKC,YIP,8.0
AXV,YIP,3.0
TCL,YIP,47.0
DTW,SYI,1.0
LAX,YIP,21.0
RWI,YIP,128.0
GFK,YIP,6.0
DTW,GFK,6.0
ABQ,YIP,21.0
ALB,DET,1.0
CHO,DTW,7017.0
PIT,YIP,50.0
AGC,YIP,4.0
HVN,YIP,2.0
DET,SUS,3.0
PGV,YIP,21.0
PWM,YIP,10.0
SEA,YIP,18.0
BIL,YIP,4.0
BFI,YIP,4.0
SER,YIP,62.0
CYS,DTW,8.0
BIS,DTW,4.0
FLO,YIP,39.0
MCO,YIP,10.0
HKY,YIP,11.0
DET,ELP,5.0
DTW,ILN,3358.0
GCK,YIP,5.0
DET,ILG,4.0
XNA,YIP,18.0
GRI,YIP,43.0
BTL,DET,1.0
DTW,LBL,1.0
OAK,YIP,14.0
PAH,YIP,23.0
DMO,YIP,4.0
ANB,YIP,27.0
BFD,YIP,1.0
CLU,YIP,83.0
DET,FEP,1.0
DTW,GPT,39.0
MDH,YIP,1.0
CHS,YIP,37.0
GMU,YIP,11.0
FSM,YIP,21.0
ASN,YIP,40.0
RAP,YIP,30.0
SAW,YIP,1.0
OWB,YIP,8.0
DET,SYR,14.0
FFT,YIP,3.0
JBR,YIP,2.0
JHW,YIP,9.0
AVL,DET,1.0
CLT,DET,3.0
POB,YIP,1.0
DTW,XNA,4341.0
YIP,ZZV,7.0
CHA,DTW,166.0
CHA,YIP,21.0
BRO,DET,3.0
DTW,GNV,2.0
STJ,YIP,4.0
DTW,TCL,2.0
DTW,SGF,4430.0
STP,YIP,8.0
FSD,YIP,10.0
EKI,YIP,10.0
MS1,YIP,29.0
PBI,YIP,10.0
DTW,SCE,13726.0
SCE,YIP,49.0
BWG,DTW,3.0
ACY,YIP,1.0
DET,LUK,8.0
DTW,SUS,41.0
DTW,MGM,10.0
CPS,YIP,1.0
MHT,YIP,15.0
BTV,DET,1.0
FOD,YIP,2.0
ORH,YIP,5.0
CKB,DTW,17.0
DTW,HLN,1.0
DET,FTW,1.0
DNV,YIP,1.0
HKS,YIP,25.0
DTW,JAN,8186.0
DTW,SFB,16.0
OSH,YIP,16.0
LBL,YIP,4.0
AND,YIP,5.0
RDG,YIP,10.0
IRS,YIP,2.0
COU,DTW,4.0
DET,RDU,1.0
BIS,YIP,15.0
SAD,YIP,1.0
DTW,SER,4.0
AID,DTW,1.0
DTW,PUW,2.0
DTW,LCK,43.0
KY1,YIP,4.0
HIK,YIP,1.0
ESC,YIP,6.0
DTW,MKL,6.0
DET,MSN,1.0
HLM,YIP,7.0
DBQ,YIP,3.0
BKL,DTW,10.0
LFT,YIP,5.0
GSB,YIP,2.0
SQI,YIP,1.0
VLD,YIP,2.0
SKY,YIP,10.0
BFF,YIP,8.0
DTW,SPI,8.0
SYI,YIP,8.0
TLH,YIP,3.0
DTW,HUF,3.0
DET,GRR,1.0
CID,DET,2.0
GVL,YIP,3.0
DCA,YIP,2.0
UCY,YIP,2.0
GNV,YIP,2.0
BRO,DTW,5.0
ABY,DTW,1.0
DET,PHT,1.0
IN1,YIP,4.0
DET,ERI,3.0
DET,JLN,1.0
DTW,JLN,3.0
DET,OKK,2.0
TDZ,YIP,2.0
DET,SUM,1.0
EKX,YIP,1.0
SPS,YIP,5.0
DTW,NZY,1.0
DTW,MFD,1.0
TN3,YIP,1.0
PNS,YIP,6.0
LAS,YIP,1.0
MGM,YIP,37.0
PBF,YIP,1.0
BVX,YIP,7.0
AEX,DTW,9.0
DTW,PGV,1.0
GLH,YIP,49.0
DET,GLH,3.0
THA,YIP,3.0
DTW,FSM,5.0
DTW,LUK,2.0
DET,FWA,2.0
DET,GSP,2.0
GDC,YIP,30.0
GSO,YIP,39.0
OH5,YIP,2.0
HGR,YIP,5.0
DTW,GDC,1.0
DTW,PNS,44.0
DET,SBM,1.0
SBM,YIP,4.0
RIC,YIP,10.0
BKL,YIP,28.0
MTN,YIP,3.0
DET,GWO,1.0
DET,TYS,1.0
CLU,DET,11.0
DET,ROA,5.0
AND,DTW,1.0
DET,ICT,2.0
DET,SER,4.0
CAE,DET,1.0
DTW,HIK,1.0
EFD,YIP,3.0
AGS,DET,1.0
KY3,YIP,2.0
CGI,DTW,1.0
DTW,GJT,11.0
BTR,DTW,86.0
GTF,YIP,5.0
BTR,YIP,4.0
ILM,YIP,14.0
OH3,YIP,1.0
DET,XNA,1.0
FYV,YIP,10.0
ATO,YIP,1.0
GGG,YIP,2.0
DTW,OGG,2.0
VWT,YIP,1.0
DTW,VWT,1.0
CLU,DTW,6.0
MQT,YIP,4.0
DTW,TN3,1.0
WV1,YIP,1.0
DTW,JST,1.0
DET,RFD,11.0
TN6,YIP,8.0
DTW,TN6,2.0
DET,TN6,2.0
DVN,YIP,1.0
CGF,YIP,2.0
DET,SBN,3.0
PKB,YIP,3.0
DET,SGF,1.0
DCU,DET,3.0
KY5,YIP,1.0
OH2,YIP,1.0
MYR,YIP,17.0
DET,IPT,1.0
CLL,YIP,4.0
CHO,YIP,5.0
DTW,OAJ,2.0
BWG,DET,3.0
DTW,STC,1.0
SRW,YIP,1.0
DTW,RIV,2.0
DTW,FOD,1.0
DTW,MOR,1.0
DET,MOR,2.0
DTW,GMU,1.0
TYR,YIP,1.0
YIP,YKN,1.0
GTR,YIP,20.0
BIL,DTW,24.0
LAL,YIP,1.0
OTM,YIP,2.0
ISM,YIP,1.0
DET,MKL,2.0
OLS,YIP,3.0
GAD,YIP,1.0
DTW,FDY,789.0
DET,SAT,1.0
DTW,GRI,1.0
GCY,YIP,4.0
DTW,MKC,6.0
DTW,ILM,2.0
MCC,YIP,6.0
DTW,ILG,4.0
BTL,DTW,1.0
DET,MMI,1.0
DTW,MIE,2.0
DTW,IMT,29.0
CRP,YIP,2.0
BRL,YIP,1.0
DET,EVV,1.0
SDM,YIP,4.0
LGA,YIP,3.0
DTW,FCA,1.0
DTW,EFD,4.0
ANB,DTW,1.0
DET,MS1,1.0
PGD,YIP,2.0
HOB,YIP,1.0
GPT,YIP,1.0
MMT,YIP,1.0
GEG,YIP,2.0
LYH,YIP,3.0
BFF,DBQ,3.0
ALO,DBQ,7092.0
DBQ,RAP,2.0
CID,DBQ,63.0
DBQ,RFD,4533.0
DBQ,LSE,1084.0
DBQ,SLC,27.0
DBQ,STL,4.0
DBQ,DSM,17.0
CYS,DBQ,2.0
CWA,DBQ,1.0
DBQ,MSN,5.0
DBQ,MKE,6.0
DBQ,MSP,14144.0
DBQ,LBF,1.0
DBQ,MCW,54.0
DBQ,MEM,2.0
ATW,DBQ,1.0
CMI,DBQ,3.0
DBQ,STC,1.0
DBQ,FSD,1.0
CHA,DBQ,2.0
DBQ,LRD,1.0
ATL,DBQ,1.0
DBQ,RST,3.0
DBQ,OKC,1.0
DBQ,EVV,3.0
DBQ,FLL,4.0
DBQ,GVL,5.0
DBQ,LIT,2.0
DBQ,GSP,1.0
DBQ,PDK,1.0
DBQ,GFK,1.0
DBQ,IAH,1.0
DRO,FMN,7324.0
DRO,GJT,1313.0
DRO,PHX,22993.0
ABQ,DRO,9589.0
COS,DRO,37.0
DRO,MTJ,10.0
DRO,FLG,5.0
DRO,LAX,6.0
DRO,LAS,134.0
DRO,IAH,788.0
DRO,RAP,1.0
DRO,FSD,0.0
ABQ,AMK,12.0
DRO,MAF,1.0
AMK,FMN,7.0
DRO,LMT,1.0
DRO,IND,3.0
DRO,PDX,2.0
DRO,SBA,3.0
ALB,DRO,1.0
DRO,MSP,1.0
DRO,SFO,2.0
DRO,SLC,2552.0
DRO,MSY,1.0
DRO,SMF,2.0
CDC,DRO,1.0
BWI,DRO,1.0
DRO,SGF,1.0
DRO,LRU,1.0
ELP,SFO,4125.0
ELP,SLC,5860.0
ELP,OKC,349.0
ELP,LAS,40691.0
ELP,SJC,80.0
ELP,ICT,694.0
ELP,PHX,187645.0
ELP,MAF,26762.0
ELP,LBB,24643.0
ELP,MEM,6755.0
ELP,SNA,30.0
ELP,SAT,62147.0
ABQ,ELP,75779.0
ELP,LAX,69051.0
ELP,MCI,1094.0
BIF,MCI,1.0
ELP,HOU,52875.0
ELP,IAH,63745.0
ELP,SHV,169.0
ELP,HNL,9.0
ELP,SEA,23.0
ELP,SAN,27525.0
CLE,ELP,15.0
ELP,LIT,368.0
CRP,ELP,40.0
ELP,OAK,179.0
ELP,MCO,17.0
AMA,ELP,21.0
ELP,ROW,28.0
ELP,MSY,77.0
ELP,SMF,12.0
ELP,FLL,39.0
ELP,OLS,34.0
ELP,PAH,1.0
ELP,JAN,38.0
BMC,ELP,2.0
ELP,STL,3875.0
ELP,LEX,16.0
ELP,SUS,35.0
ELP,FSM,4.0
AEX,ELP,48.0
ELP,SGF,8.0
ELP,MSP,1596.0
ELP,STJ,3.0
ELP,IND,31.0
BNA,ELP,491.0
ELP,FWA,2054.0
CVG,ELP,20.0
ELP,LCK,78.0
BRO,ELP,65.0
ELP,GRI,3.0
DSM,ELP,10.0
BVX,ELP,2.0
ELP,MKE,11.0
ELP,JAX,3.0
COS,ELP,20.0
BIF,DAY,1.0
ELP,JLN,1.0
ELP,GEG,6.0
COU,ELP,19.0
BFI,ELP,36.0
CID,ELP,2.0
BIF,JFK,9.0
CLL,ELP,9.0
ELP,GJT,10.0
CNW,ELP,1.0
ELP,SBN,10.0
CAE,ELP,2.0
ELP,LNK,11.0
ELP,GSP,24.0
ELP,EVV,11.0
ELP,MHR,5.0
ELP,SDM,12.0
CGI,ELP,1.0
ELP,PHL,3.0
ELP,PDX,22.0
ELP,LAF,23.0
ELP,LFT,7.0
BIF,EDF,12.0
ANC,ELP,4.0
ELP,IPL,25.0
ELP,JFK,2.0
ELP,RFD,46.0
ELP,GRK,3.0
BIF,CMH,2.0
CMH,ELP,27.0
ELP,LWS,3.0
BIF,PHX,4.0
ELP,LUL,1.0
ELP,HOB,2.0
BIF,IAD,5.0
BTR,ELP,10.0
ELP,GRR,12.0
BIF,LAS,3.0
BIF,LSV,9.0
ELP,HSV,88.0
BIF,SMF,5.0
BWG,ELP,4.0
ELP,MVN,1.0
BIF,SLC,11.0
BIF,BWI,7.0
BIF,BQK,1.0
ELP,SCK,6.0
ELP,RDU,3.0
BIF,GEG,2.0
ELP,HKS,22.0
BIF,GRK,30.0
EAR,ELP,3.0
BIF,MSO,3.0
BIF,LWS,2.0
BIF,STL,1.0
AEX,BIF,69.0
BIF,MDT,3.0
ELP,GSO,3.0
BIF,CHA,2.0
ELP,MKC,6.0
ELP,HOT,20.0
BIF,ILG,1.0
ELP,GFK,1.0
BIF,GTF,1.0
ELP,TCL,51.0
BIF,POB,18.0
ELP,GLW,1.0
BIF,HOU,2.0
ABE,BIF,1.0
BIF,PDX,1.0
CLT,ELP,14.0
BWI,ELP,8.0
ANC,BIF,5.0
BIF,OKC,26.0
ELP,UIN,5.0
ELP,ILN,1038.0
BIF,LIT,2.0
BFL,ELP,10.0
ELP,MKG,4.0
BIF,HIK,1.0
BIF,BIL,3.0
DQF,ELP,21.0
ELP,PUW,4.0
ELP,WV1,2.0
ELP,MHT,1.0
ELP,GDC,11.0
ELP,GMU,6.0
BHM,ELP,14.0
BIF,NZY,4.0
BIF,MKE,2.0
ELP,NZY,2.0
BIF,PIH,3.0
BIF,RAP,1.0
BIF,RCA,1.0
ELP,LRU,4.0
BIF,HSV,2.0
ELP,GLH,5.0
BIF,COS,5.0
BIF,ELP,2.0
ELP,JBR,1.0
BIF,DQF,1.0
BIF,RNO,2.0
ELP,SJT,3.0
BIF,TLH,1.0
BIF,MSP,4.0
ELP,RWI,1.0
ELP,GCK,1.0
ELP,PIB,4.0
ELP,YNG,6.0
ELP,IAD,5.0
BIF,IND,5.0
EFD,ELP,7.0
BIF,IAH,5.0
DRO,ELP,1.0
BIF,FWA,2.0
ELP,MDT,12.0
ELP,PGV,2.0
BIF,RIV,4.0
BIF,NKX,1.0
ELP,PIT,8.0
ELP,RAP,5.0
BIF,FLL,2.0
ELP,PBI,25.0
ELP,OCF,1.0
BIF,SJC,2.0
BIF,CLT,1.0
CSG,ELP,8.0
BIF,MCO,2.0
BIF,NQA,4.0
ELP,ISO,4.0
ELP,LAR,1.0
ELP,RUI,1.0
AZA,ELP,45.0
CNM,ELP,1059.0
BIF,ICT,1.0
ELP,SFB,2.0
ALM,ELP,1119.0
ELP,MGM,29.0
ARA,ELP,2.0
ELP,MCC,7.0
DCA,ELP,1.0
BIF,RFD,10.0
ELP,GRB,1.0
ELP,MWA,1.0
ELP,TYR,1.0
ELP,TCM,1.0
ELP,PUC,1.0
CHA,ELP,2.0
ABQ,BIF,1.0
BIF,MHR,1.0
BIF,LAX,1.0
ELP,NEW,1.0
BIF,SGF,1.0
ELP,LAN,28.0
BIF,LCK,2.0
BIF,SVN,4.0
EKI,LIT,1.0
EKI,OKC,3.0
BTL,EKI,1.0
DAY,FDY,1.0
FDY,LIT,7.0
FDY,SAT,1.0
FDY,SHV,12.0
BNA,FDY,2.0
FDY,FTW,1.0
CLU,FDY,1.0
FDY,MKL,1.0
FDY,LRD,1.0
FDY,MDW,1.0
FET,YIP,1.0
DTW,GAD,2.0
GAD,MCI,1.0
DAY,GAD,1.0
GAD,LRD,3.0
BRO,GAD,1.0
LRD,MS1,2.0
OAK,VWD,13.0
HKY,HOU,1.0
HKY,MEM,7.0
GSO,HKY,14.0
HKY,RIC,4.0
HKY,IAD,13.0
ACY,HKY,5.0
COU,HKY,4.0
HKY,JAN,1.0
HKY,HSV,3.0
HKY,RDU,2.0
HKY,ICT,2.0
BHM,HKY,1.0
GSP,HKY,1.0
HLM,LRD,3.0
HLM,LIT,3.0
DAY,HLM,1.0
HLM,MDT,1.0
GSO,HLM,3.0
GSO,MI2,1.0
AMA,HOU,125.0
IAH,ICT,28870.0
IAH,SEA,64677.0
CMH,IAH,41326.0
HOU,SEA,6.0
IAH,RDU,37156.0
HOU,RDU,30.0
CAE,IAH,15102.0
IAH,MEM,83441.0
IAH,PHX,138979.0
HOU,MEM,19869.0
IAH,MCO,85890.0
HOU,PHX,74952.0
HOU,MCO,18239.0
HOU,MAF,26125.0
HOU,LBB,187.0
HOU,JAN,33717.0
IAH,LGA,112415.0
HNL,IAH,15657.0
IAH,JFK,17098.0
HOU,JFK,13207.0
HOU,LGA,13424.0
BDL,IAH,6537.0
CVG,HOU,28265.0
IAH,PIT,77487.0
BHM,IAH,46428.0
BHM,HOU,20167.0
HOU,HSV,10.0
GSO,IAH,27926.0
CVG,IAH,54056.0
HOU,STL,130712.0
BNA,IAH,61525.0
IAH,STL,76755.0
BNA,HOU,78146.0
IAH,PNS,52215.0
IAH,SNA,56481.0
HOU,SNA,8.0
BTR,IAH,94064.0
IAH,LAX,144449.0
ABQ,HOU,24216.0
IAD,IAH,44643.0
IAH,SHV,64679.0
HOU,MCI,3961.0
IAH,MCI,75358.0
HOU,LAX,19583.0
DCA,HOU,860.0
DCA,IAH,100034.0
ABQ,IAH,69515.0
HOU,SHV,60.0
HOU,LIT,11216.0
IAH,LIT,50368.0
IAH,SAT,155537.0
IAH,MSY,171259.0
HOU,MSY,229318.0
HOU,MSP,18228.0
IAH,MSP,89671.0
HOU,SAT,160276.0
IAH,IND,57447.0
HOU,IND,182.0
IAH,RIC,14245.0
IAH,SAV,13463.0
IAH,SJC,28227.0
CLT,IAH,95467.0
CLE,IAH,88479.0
CLE,HOU,1009.0
BWI,IAH,65111.0
IAH,LFT,94109.0
HOU,LFT,16.0
IAH,LAS,97502.0
HOU,LAS,34236.0
CRP,IAH,118922.0
IAH,SFO,112963.0
CRP,HOU,93722.0
IAH,PHL,102534.0
IAH,OKC,76659.0
IAH,JAX,49062.0
HOU,OKC,53556.0
IAH,SLC,67843.0
HOU,JAX,3176.0
HOU,SFO,24.0
IAH,PBI,32160.0
FLL,IAH,60819.0
HOU,PBI,8.0
FLL,HOU,6109.0
COS,HOU,13.0
HOU,IAH,25644.0
EFD,IAH,45014.0
AMA,IAH,31663.0
HOU,ICT,11.0
BFI,IAH,19.0
BPT,IAH,58799.0
IAH,JAN,39361.0
IAH,SAN,67542.0
HOU,SAN,2821.0
IAH,MKE,27399.0
HSV,IAH,20766.0
HOU,PIT,41.0
HOU,IAD,43.0
BTR,HOU,47.0
IAH,TYS,20484.0
IAH,PDX,26983.0
CLE,EFD,6.0
IAH,MTJ,6136.0
GEG,IAH,33.0
IAH,ROA,4.0
EFD,MSY,19.0
CHA,IAH,3961.0
DCA,EFD,8.0
DSM,IAH,10280.0
IAH,SMF,18291.0
IAH,NKX,3.0
EFD,SFO,5.0
COS,IAH,40171.0
IAH,LCH,58082.0
EFD,LAS,3.0
IAH,MAF,51240.0
IAH,LBB,40258.0
CHS,IAH,17021.0
GSO,HOU,11.0
BRO,IAH,60616.0
HOU,SBN,2.0
HOU,SUX,1.0
AVP,IAH,2.0
GSP,IAH,18375.0
ESF,IAH,3120.0
ESF,HOU,1.0
EFD,ESF,1.0
EVV,IAH,6.0
EFD,STL,29.0
CLL,IAH,62859.0
CLL,HOU,60.0
GJT,IAH,37.0
IAH,LFK,2.0
EFD,SAT,16.0
EFD,SHV,6.0
BRO,EFD,13.0
BTR,EFD,20.0
ABQ,EFD,3.0
CLT,HOU,33.0
EFD,LFT,17.0
IAH,VCT,33685.0
HOU,RIC,8.0
IAH,OAK,15047.0
IAH,ILE,21847.0
HOU,ILE,12.0
GPT,IAH,42343.0
BDL,HOU,5.0
EFD,HOU,4.0
EFD,LRD,4.0
EFD,MLU,4.0
EFD,TYR,1.0
GYY,HOU,1.0
EFD,MIA,3.0
EFD,TUL,1.0
EFD,LIT,9.0
HOU,SJT,5.0
GFK,HOU,1.0
EFD,IAD,7.0
HOU,TLH,5.0
EFD,SNA,3.0
HOU,LEX,7.0
AEX,IAH,42847.0
AEX,EFD,7.0
DSM,HOU,16.0
EFD,LCH,5.0
CLL,EFD,3.0
EFD,PBI,1.0
EFD,LGA,8.0
HOU,VCT,1.0
GWO,HOU,1.0
AND,HOU,1.0
EFD,PHX,9.0
BPT,EFD,2.0
EFD,RDU,6.0
GTR,IAH,10.0
EFD,JAN,9.0
EFD,MCO,14.0
EFD,MEM,10.0
GGG,IAH,3.0
BPT,HOU,16.0
CMH,HOU,20.0
EFD,PNS,11.0
EFD,MOB,7.0
HOU,SGF,13.0
HOU,SLC,195.0
ACY,IAH,10.0
GTR,HOU,4.0
FSM,HOU,2.0
EFD,SAN,9.0
HOU,LCH,2.0
GJT,HOU,8.0
HOU,PHL,6506.0
CRP,EFD,11.0
BWI,HOU,22701.0
EFD,SJC,4.0
HOU,TYS,9.0
HOU,MBS,32.0
BIS,HOU,2.0
GPT,HOU,1958.0
EFD,GPT,7.0
IAH,YUM,7.0
EFD,OMA,4.0
IAH,ROC,6.0
HOU,PVD,625.0
IAH,PVD,1544.0
BHM,EFD,5.0
HOU,MGM,35.0
AEX,HOU,10.0
GSP,HOU,10.0
BZN,HOU,1.0
ANC,IAH,4135.0
HOU,SAV,9.0
IAH,PWM,6.0
HOU,SJC,9.0
HOU,MEI,1.0
IAH,LCK,4.0
EFD,MAF,5.0
EFD,LBB,2.0
CHS,HOU,5.0
FWA,HOU,21.0
CVG,EFD,6.0
HOU,SMF,14.0
DAY,EFD,3.0
EFD,RNO,1.0
BRO,HOU,7.0
IAH,SJT,11862.0
EFD,PIB,2.0
EFD,SJT,1.0
BFL,IAH,5103.0
EFD,RFD,739.0
IAH,RFD,3017.0
EFD,JFK,2.0
EFD,VCT,1.0
FTW,IAH,2.0
IAH,PAH,1.0
IAH,MEI,2.0
BIL,IAH,5.0
BBC,HOU,1.0
CAE,EFD,3.0
BTV,IAH,4.0
CHS,EFD,3.0
IAH,SUS,1.0
IAH,LEX,10737.0
IAH,MHK,15.0
HOU,PGV,7.0
FWA,IAH,117.0
ARA,IAH,2.0
CRW,IAH,7758.0
IAH,SPS,5.0
IAH,ILN,5096.0
GNV,IAH,10.0
IAH,XNA,19851.0
CMI,IAH,3.0
ANC,HOU,2.0
BWI,EFD,5.0
COU,IAH,3.0
CSG,IAH,21.0
HOU,OAK,5646.0
IAH,LNK,3.0
IAH,JAC,361.0
IAH,SFB,24.0
HOU,MMI,3.0
IAH,OCF,17.0
EFD,IND,17.0
IAH,TLH,6416.0
GRR,IAH,9124.0
EFD,MCI,8.0
HOU,PIB,12.0
IAH,PFN,3.0
EFD,GSP,6.0
IAH,MHT,8.0
EFD,LEX,1.0
HOU,NZY,4.0
HOU,ROC,4.0
EFD,MKE,10.0
HOU,MKE,574.0
HOU,MHR,2.0
EFD,PVD,2.0
EFD,FLL,10.0
EFD,JAX,15.0
EFD,TYS,3.0
EFD,SVN,1.0
HOU,PDX,7.0
BKL,HOU,1.0
AVL,IAH,5041.0
AVL,HOU,2.0
IAH,MSO,4.0
EFD,ICT,2.0
IAH,ROW,11.0
BFI,HOU,10.0
CAE,HOU,3.0
HOU,ISO,11.0
IAH,MSN,22.0
HOU,SFB,21.0
IAH,OGG,1507.0
HOU,JAC,1.0
EFD,OAK,3.0
GRK,IAH,23629.0
GGG,HOU,4.0
EFD,HNL,1.0
DQF,IAH,1.0
EFD,PIT,7.0
HOU,MHT,2.0
IAH,LUK,1.0
IAH,MGM,4837.0
IAH,RIV,3.0
BNA,EFD,8.0
HOU,NEW,2.0
EFD,MSP,6.0
FAY,IAH,2.0
EFD,XNA,4.0
GTF,IAH,6.0
HOT,IAH,18.0
IAH,PIB,8.0
CLT,EFD,9.0
EFD,GRB,2.0
IAH,LAF,1.0
EFD,OKC,13.0
EFD,PHL,4.0
COS,EFD,3.0
HKY,IAH,1.0
BGR,EFD,1.0
HOU,MTJ,2.0
HOU,PNS,4.0
IAH,MYR,3.0
IAH,TWF,4.0
IAH,TCL,4.0
EFD,SGF,1.0
IAH,SKF,1.0
CID,IAH,5.0
HOU,XNA,3.0
EFD,SCK,2.0
EFD,RIC,4.0
FCA,IAH,2.0
EFD,SAV,3.0
HOU,PVU,1.0
EFD,GRR,2.0
EFD,SWO,2.0
IAH,RWI,1.0
FSM,IAH,3.0
EFD,MGM,1.0
EFD,GSO,4.0
HOU,MHK,5.0
EFD,MHK,2.0
HOU,SBA,1.0
ACY,HOU,4.0
HOU,SPS,5.0
BWD,IAH,1.0
EFD,GRK,1.0
GRK,HOU,9.0
EFD,SEA,4.0
DOV,IAH,1.0
IAH,TMB,1.0
IAH,MWA,1.0
IAH,SGF,9.0
BYH,IAH,1.0
CHA,HOU,2.0
CHA,EFD,1.0
HOU,SWO,3.0
IAH,SWO,13.0
EFD,LAX,4.0
CID,HOU,4.0
AVL,EFD,1.0
BQK,HOU,2.0
IAH,LSE,5.0
GRB,HOU,2.0
HLN,HOU,1.0
AZA,IAH,6.0
DWH,SCF,1.0
IAH,ISO,5.0
HOU,LAN,12.0
GDC,IAH,3.0
IAH,MDT,9.0
EFD,FSM,5.0
IAH,NZY,2.0
EFD,SLC,1.0
HOU,MYR,1.0
IAH,RKS,1.0
FYV,IAH,3.0
GRR,HOU,5.0
IAH,MKC,12.0
IAH,SBN,3.0
IAH,STP,3.0
IAH,SVC,1.0
FLG,HOU,1.0
EFD,PDX,1.0
IAH,SYR,26.0
IAH,TTN,2.0
IAH,VWH,2.0
IDI,PIT,1.0
FDY,JXN,1.0
JXN,SEM,1.0
JXN,MKE,2.0
CAE,JXN,9.0
JXN,LRD,1.0
JXN,OKK,1.0
GDC,JXN,1.0
CVG,JAN,24933.0
BHM,JAN,18449.0
HSV,JAN,26.0
BNA,JAN,7191.0
BTR,JAN,4018.0
JAN,SHV,6705.0
CHA,JAN,18.0
JAN,LIT,4328.0
JAN,SAT,32.0
JAN,MSY,7525.0
GPT,JAN,857.0
JAN,MEM,29773.0
JAN,JAX,8.0
JAN,OKC,13.0
IND,JAN,28.0
JAN,MGM,33.0
GSP,JAN,22.0
JAN,JFK,3.0
JAN,LGA,14.0
JAN,LAX,15.0
JAN,MAF,6.0
JAN,MEI,10.0
GGG,JAN,13.0
GTR,JAN,8.0
JAN,PIT,7.0
JAN,STL,4193.0
JAN,PNS,967.0
CSG,JAN,11.0
JAN,LCH,53.0
JAN,PBI,4.0
DCA,JAN,3064.0
BPT,JAN,16.0
JAN,RDU,74.0
ESF,JAN,9.0
JAN,MSP,24.0
JAN,TYS,21.0
BWI,JAN,17562.0
AEX,JAN,42.0
JAN,MCO,9507.0
JAN,SEA,2.0
CMH,JAN,6.0
JAN,PHX,27.0
IAD,JAN,14.0
JAN,MCI,9.0
CRP,JAN,11.0
JAN,PHL,4.0
FLL,JAN,9.0
JAN,LAS,17.0
JAN,PVD,3.0
JAN,SLC,6.0
JAN,SAV,16.0
FWA,JAN,9.0
ATW,JAN,1.0
CAE,JAN,9.0
GRR,JAN,4.0
JAN,LFT,3859.0
GSO,JAN,14.0
ILN,JAN,3100.0
CLT,JAN,14280.0
CLE,JAN,40.0
CLU,JAN,1.0
JAN,OAK,4.0
HKS,JXN,2.0
HKS,MKL,3.0
CHS,JAN,19.0
HKS,LEX,5.0
JAN,TOL,2.0
HKS,TOL,3.0
JAN,MMI,1.0
BWG,JAN,2.0
BTL,JAN,2.0
BRO,JAN,7.0
ABQ,JAN,2.0
AZO,JAN,3.0
AZO,HKS,1.0
CLE,HKS,2.0
JAN,RID,1.0
HKS,STL,5.0
DPA,JAN,1.0
HKS,IAH,1.0
HKS,MRC,1.0
JAN,ROA,3.0
JAN,LFK,1.0
ILM,JAN,1.0
BGR,HKS,1.0
DAY,JAN,4.0
DAY,HKS,1.0
JAN,TVC,2.0
JAN,MVN,2.0
FDY,HKS,1.0
BUF,HKS,1.0
JAN,SVN,2.0
HKS,TYS,1.0
FWA,HKS,2.0
BNA,HKS,2.0
JAN,PIA,1.0
FNT,JAN,4.0
FNT,HKS,1.0
JAN,PAH,1.0
CLU,HKS,2.0
CHA,HKS,3.0
JAN,TCL,1.0
CEV,HKS,1.0
JAN,XNA,12.0
JAN,TLH,2.0
GRR,HKS,3.0
HKS,IND,4.0
HKS,SBN,1.0
HKS,SHV,2.0
BRO,HKS,2.0
JAN,SMF,1.0
HKS,SVH,1.0
JAN,RIC,5.0
JAN,SFO,2.0
JAN,SPS,6.0
DPA,HKS,2.0
JAN,SFB,6.0
HKS,LAN,1.0
BDL,JAN,1.0
JAN,LEX,1.0
JAN,SAN,1.0
HKS,TN3,1.0
JAN,SSC,1.0
JAN,SYR,1.0
AVL,JAN,6.0
FOD,HKS,1.0
FSM,JAN,2.0
DSM,JAN,1.0
JAN,SNA,3.0
JAN,LBB,3.0
JAN,LAN,2.0
JAN,PFN,2.0
JAN,SGF,3.0
JAN,RFD,1.0
JAN,MI2,1.0
MKL,PHX,1.0
IND,MKL,6.0
MCI,MKL,2.0
MEM,MKL,29.0
MKL,ORD,1.0
CLE,MKL,2.0
MCO,MKL,1.0
MKL,RDU,1.0
MKL,STL,5537.0
ATL,MKL,2.0
ELP,MKL,1.0
AMA,MKL,2.0
ICT,MKL,2.0
MKL,RFD,1.0
MKL,PHL,1.0
JAX,MKL,1.0
EWR,MKL,1.0
CAK,MKL,1.0
MKL,OSH,2.0
BWG,MKL,3.0
EVV,MKL,1.0
MKL,YNG,2.0
MKL,SHV,6.0
MKL,PUB,1.0
MKL,OKC,1.0
GSO,MKL,2.0
CVG,MKL,120.0
DSM,MKL,1.0
AUS,MKL,2.0
IAH,MKL,1.0
MKL,PIT,1.0
BNA,MKL,800.0
IDA,JAC,3495.0
JAC,SLC,46735.0
JAC,SJC,2.0
BIL,JAC,423.0
GJT,JAC,3.0
JAC,RIW,16.0
CYS,JAC,13.0
JAC,RKS,6.0
FMN,JAC,4.0
JAC,LAR,2.0
GTF,JAC,5.0
JAC,LAX,148.0
JAC,MSP,2526.0
ACT,JAC,1.0
JAC,RAP,2.0
JAC,SEA,2.0
JAC,SCF,7.0
JAC,MEM,2.0
JAC,PIH,13.0
CVG,JAC,122.0
JAC,SFO,5.0
IAD,JAC,1.0
JAC,POB,2.0
EVV,JAC,2.0
JAC,SAN,2.0
JAC,TWF,4.0
JAC,PHX,4.0
JAC,PHL,1.0
JAC,MCI,5.0
JAC,STP,2.0
HNL,OGG,784873.0
OGG,SFO,38466.0
LAX,OGG,67935.0
LAS,OGG,1213.0
OGG,SEA,9052.0
OGG,SAN,5359.0
OAK,OGG,8496.0
OGG,PHX,8125.0
OGG,PDX,3989.0
OGG,SLC,2648.0
OGG,SJC,2603.0
OGG,SMF,2613.0
MSP,OGG,8.0
OGG,STL,2167.0
LGA,OGG,0.0
OGG,SNA,5200.0
OGG,RDU,1.0
BNA,OGG,2.0
CVG,OGG,2.0
BHM,OGG,1.0
OGG,RIC,1.0
FAI,OGG,26.0
BWI,OGG,1.0
ANC,OGG,668.0
GEG,OGG,46.0
MCO,OGG,1.0
IND,OGG,1.0
MCI,OGG,1.0
JFK,OGG,1.0
OGG,TUL,1.0
OGG,PHL,1.0
EUG,OGG,1.0
OGG,TPA,1.0
MKE,OGG,1.0
EAR,GRI,658.0
CRP,EAR,2.0
EAR,LBF,153.0
EAR,OFK,862.0
EAR,SLC,1.0
EAR,PIR,1.0
EAR,SLN,1.0
EAR,MHK,2.0
EAR,GPT,1.0
DTW,GRK,2.0
ILE,MLU,2.0
BPT,ILE,5.0
ILE,SHV,2.0
CRP,ILE,8.0
CLL,ILE,35.0
ESF,ILE,3.0
AMA,ILE,1.0
ILE,LBB,2.0
ILE,LFT,8.0
AEX,ILE,5.0
ILE,SJT,6.0
ILE,VCT,3.0
ICT,ILE,1.0
ILE,TUL,1.0
ILE,LAW,1.0
ILE,LCH,1.0
GRK,MEM,7.0
GRK,ILE,1.0
DCU,GRK,1.0
DAY,GRK,1.0
ILE,LRD,1.0
GRK,LIT,5.0
GRK,JFK,2.0
GRK,LBB,2.0
ILE,OKC,1.0
GRK,UCY,1.0
GRK,SUS,3.0
GRK,STL,2.0
GRK,TOL,3.0
GRK,MSP,8.0
GRK,XNA,1.0
COS,GRK,13.0
GRK,MSO,4.0
GRK,PHX,2.0
FCA,GRK,1.0
FWA,GRK,3.0
GRK,PWK,1.0
EUG,GRK,4.0
FNT,GRK,3.0
DOV,GRK,1.0
EWR,GRK,2.0
GRK,POB,4.0
GRK,GRR,2.0
GRK,IND,3.0
GRK,SVN,8.0
GRK,SYR,4.0
GRK,JAX,1.0
GRK,SEA,6.0
GRK,MCO,3.0
GRK,LAS,185.0
CLL,GRK,9.0
GRK,SLC,13.0
CID,GRK,5.0
GRK,IDA,1.0
GRK,SAT,6.0
FAI,GRK,2.0
GRK,LAF,1.0
GRK,PNS,6.0
GRK,NZY,1.0
GRK,GSO,1.0
GRK,ILG,3.0
GRK,SJT,5.0
ABQ,GRK,4.0
GRK,MXF,3.0
GRK,HSV,2.0
AEX,GRK,4.0
GRK,SAV,2.0
GRK,RFD,51.0
GRK,RIC,1.0
GRK,SJC,1.0
GRK,SCK,1.0
GRK,TYS,3.0
GRK,ORD,2.0
GRK,MOB,3.0
BTR,GRK,4.0
GRK,SPI,2.0
GRK,SGF,2.0
GRK,HUF,5.0
BNA,GRK,1.0
GRK,SNA,1.0
GRK,MKE,1.0
GRK,MGM,2.0
CVG,GRK,2.0
GRK,MSN,7.0
GRK,JAN,4.0
GRK,MAF,2.0
GRK,RDU,7.0
GPT,GRK,6.0
CRP,GRK,3.0
GRK,MUO,3.0
GRK,OKC,1.0
FLL,GRK,1.0
CAK,GRK,1.0
FFO,GRK,1.0
GRK,LGA,2.0
CMH,GRK,1.0
GRK,MFR,2.0
CAE,GRK,2.0
GRK,MSY,3.0
GRK,SKF,1.0
GRK,GSP,4.0
CHS,GRK,6.0
GRK,PIT,7.0
DSM,GRK,2.0
BHM,GRK,6.0
GRK,RIV,4.0
GRK,LEX,1.0
GRK,PDX,2.0
ANC,GRK,3.0
FSD,GRK,5.0
GRK,MCI,3.0
GRK,SHV,1.0
BRO,GRK,2.0
GRK,MEI,1.0
CLT,ISO,3312.0
BWI,ISO,3.0
FAY,ISO,22.0
GSO,ISO,17.0
ISO,OAJ,32.0
ILM,ISO,64.0
ISO,RDU,270.0
ISO,SFB,254.0
ISO,YIP,2.0
BHM,ISO,11.0
ISO,LGA,1.0
ISO,MCN,6.0
ACY,ISO,289.0
ISO,RIC,6.0
ISO,PGV,1.0
BOS,ISO,1.0
ISO,TYS,7.0
ISO,MEM,50.0
ISO,ROA,4.0
ISO,MEI,3.0
GPT,ISO,9.0
EWN,ISO,25.0
CVG,ISO,4.0
CLE,ISO,6.0
ISO,MYR,12.0
ISO,RNO,1.0
ISO,ORD,1.0
ISO,PWM,6.0
ISO,LNK,1.0
HNL,ISO,1.0
CKB,ISO,2.0
GSP,ISO,3.0
ISO,LEX,1.0
ISO,PIB,6.0
CHA,ISO,2.0
ISO,MSY,4.0
ISO,PBI,4.0
ISO,MCO,2.0
ISO,PIT,6.0
HUF,ISO,1.0
ISO,POB,1.0
CHO,ISO,1.0
FLL,ISO,1.0
LCI,YIP,2.0
BWI,LCI,1.0
CLE,LAN,20087.0
AZO,LAN,8366.0
GRB,LAN,10.0
DFW,LAN,4.0
LAN,SBN,31.0
LAN,MCI,31.0
LAN,LAX,5.0
LAN,MSP,10987.0
GRR,LAN,227.0
IAH,LAN,4.0
LAN,MBS,36.0
LAN,PHX,10.0
LAN,LGA,13.0
LAN,TVC,17.0
LAN,PHL,2981.0
LAN,PIT,8098.0
LAN,MKE,3310.0
BNA,LAN,16.0
DCA,LAN,346.0
LAN,LAS,1599.0
FLL,LAN,8.0
LAN,MSN,65.0
LAN,SEA,2.0
BDL,LAN,6.0
LAN,SYR,12.0
ABE,LAN,3.0
LAN,STL,20.0
GSO,LAN,5.0
CVG,LAN,19531.0
LAN,MDT,3.0
IND,LAN,15.0
LAN,PBI,9.0
BMG,LAN,32.0
LAN,MKG,10.0
LAN,MEM,21.0
LAN,SAN,2.0
LAN,SNA,7.0
CLT,LAN,13.0
FWA,LAN,31.0
DSM,LAN,13.0
LAN,ROC,3.0
LAN,MSY,4.0
COS,LAN,7.0
LAN,MCO,19.0
EVV,LAN,2.0
LAN,PVD,4.0
GSP,LAN,8.0
JAX,LAN,3.0
LAN,TYS,8.0
LAN,MOT,1.0
ATW,LAN,3.0
JFK,LAN,7.0
LAN,SUX,1.0
FSD,LAN,5.0
EFD,LAN,2.0
LAN,LCK,150.0
LAN,OAK,6.0
LAN,TCL,2.0
LAN,SJC,3.0
LAN,RFD,3329.0
LAN,PDX,3.0
ACT,LAN,1.0
COU,LAN,4.0
CMH,LAN,33.0
LAN,OAJ,1.0
LAN,PWK,1.0
LAF,LAN,42.0
LAN,LEX,13.0
BHM,LAN,7.0
CID,LAN,42.0
LAN,SAT,40.0
IAD,LAN,3546.0
ILN,LAN,2.0
LAN,SHV,15.0
LAN,YNG,7.0
LAN,LIT,16.0
LAN,SWO,5.0
LAN,WGO,11.0
FYV,LAN,5.0
LAN,SCE,57.0
CGI,LAN,1.0
IPT,LAN,4.0
LAN,UIN,1.0
LAN,LNK,9.0
LAN,RDU,15.0
CAE,LAN,6.0
BVX,LAN,3.0
CMI,LAN,40.0
BWI,LAN,24.0
LAN,PWM,1.0
FAT,LAN,1.0
LAN,PUB,1.0
LAN,SGF,4.0
BRO,LAN,4.0
LAN,MVN,2.0
LAN,PAH,1.0
LAN,MQT,6.0
LAN,ORH,2.0
LAN,THA,1.0
AVP,LAN,2.0
LAN,SFB,1297.0
LAN,MKL,3.0
LAN,OKC,9.0
CHS,LAN,4.0
BTR,LAN,2.0
ICT,LAN,4.0
LAN,MGM,1.0
LAN,PGV,2.0
LAN,LUK,1.0
LAN,MFD,1.0
DCU,LAN,1.0
LAN,RIC,1.0
LAN,TUL,1.0
GFK,LAN,3.0
LAN,MKC,3.0
HUF,LAN,4.0
ACY,LAN,4.0
LAN,PNE,1.0
LAN,OLS,1.0
CSG,LAN,1.0
CLU,LAN,2.0
GPT,LAN,18.0
LAN,SPI,1.0
FFT,LAN,1.0
DAL,LAN,1.0
LAN,MWA,1.0
LAN,RNO,1.0
GEG,LAN,2.0
LAN,MRC,1.0
LAN,SLC,1.0
LAN,LSE,1.0
LAR,RKS,26.0
CYS,LAR,1474.0
LAR,RIW,30.0
BFF,LAR,21.0
COS,LAR,1.0
FMN,LAR,1.0
LAR,RAP,1.0
JAN,LAR,1.0
LAR,SAN,10.0
LAR,SHR,6.0
LAR,SWO,1.0
GRI,LAR,2.0
BIL,LAR,1.0
GCC,LAR,15.0
BZN,LAR,1.0
CLL,LAR,4.0
LAR,SLC,16.0
LAR,PUB,1.0
LAR,MLU,1.0
LAR,LAS,19.0
GSO,LAR,1.0
ABQ,LAR,17.0
LAR,MEM,7.0
LAR,MCE,1.0
DIK,LAR,3.0
LAR,SMF,1.0
GNV,LAR,4.0
LAR,NZY,2.0
LAR,SYR,3.0
LAR,RIC,4.0
LAR,MHK,3.0
LAR,PKB,2.0
LAR,TOL,1.0
LAR,TYS,2.0
LAR,MSO,2.0
LAR,LBF,3.0
FLL,LAR,2.0
LAR,SJC,1.0
LAR,VGT,4.0
FSD,LAR,1.0
LAR,MSP,2.0
CLE,LJY,1.0
LJY,SLC,1.0
LBL,SLC,6.0
GCK,LBL,4788.0
DDC,LBL,4651.0
FMN,LBL,3.0
LBL,OLS,1.0
ICT,LBL,11.0
FSM,LBL,2.0
EVV,LBL,1.0
DSM,LBL,1.0
IND,LBL,2.0
AMA,LBL,10.0
CVG,LBL,1.0
LBL,TUL,1.0
LBL,SPS,1.0
LBL,SPI,1.0
LBL,TUS,2.0
LAS,LBL,3.0
LBL,MCI,2.0
LBL,MHK,1.0
LNK,SUX,6553.0
IAD,LNK,17.0
LNK,MCI,243.0
CID,LNK,23.0
FSD,LNK,1271.0
LNK,PHX,1204.0
LNK,OAK,15.0
LGA,LNK,20.0
DSM,LNK,76.0
LNK,STL,33082.0
LNK,SLC,200.0
COS,LNK,34.0
BWI,LNK,20.0
LAS,LNK,668.0
LNK,SJC,18.0
LAX,LNK,80.0
LNK,SEA,15.0
LNK,SAN,15.0
LNK,SGF,8.0
LNK,SFO,56.0
LNK,PHL,30.0
COU,LNK,43.0
LNK,SMF,12.0
LNK,PDX,15.0
ICT,LNK,10.0
BDL,LNK,6.0
CLE,LNK,14.0
LNK,MSP,38344.0
IND,LNK,20.0
ABQ,LNK,1.0
FLL,LNK,6.0
LNK,MTJ,3.0
LNK,MSN,16.0
BMI,LNK,1.0
LNK,MEM,908.0
LNK,MGM,3.0
LNK,MKE,25.0
CMI,LNK,1.0
BMG,LNK,1.0
CLL,LNK,41.0
LNK,OKC,47.0
LCH,LNK,2.0
BNA,LNK,7.0
LNK,MDT,25.0
HUF,LNK,1.0
LNK,SWO,14.0
LNK,SHV,4.0
LNK,MSY,7.0
LNK,RFD,4.0
LNK,MKG,1.0
LNK,RDU,6.0
LNK,RDG,2.0
CMH,LNK,10.0
LBB,LNK,23.0
GAD,LNK,1.0
AGS,LNK,1.0
LNK,SCE,2.0
GJT,LNK,4.0
LNK,SYR,3.0
ABE,LNK,5.0
LNK,RIC,1.0
CLT,LNK,7.0
LNK,TYS,6.0
CRW,LNK,5.0
CVG,LNK,6.0
GSO,LNK,6.0
LNK,RAP,2.0
LNK,PIT,10.0
LNK,MHR,1.0
LNK,SAT,11.0
FYV,LNK,1.0
GRR,LNK,5.0
LNK,TCL,5.0
LNK,PIB,4.0
CHA,LNK,5.0
LNK,YUM,1.0
LNK,MCO,4.0
ACY,LNK,2.0
LNK,SCK,4.0
GRI,LNK,7.0
LIT,LNK,3.0
BTR,LNK,2.0
DOV,LNK,1.0
FWA,LNK,8.0
LNK,MHK,1.0
GNV,LNK,1.0
CAE,LNK,5.0
ERI,LNK,3.0
LNK,MIA,1.0
BWG,LNK,2.0
BHM,LNK,4.0
AGC,LNK,1.0
LNK,SBN,10.0
LNK,XNA,6.0
LNK,TOL,1.0
FAT,LNK,1.0
GYY,LNK,5.0
ALB,LNK,3.0
LNK,SFB,2.0
LAR,LNK,1.0
EAR,LNK,1.0
LNK,TTN,2.0
LBF,LNK,1.0
ATW,LNK,6.0
AZA,LNK,1.0
LNK,MBS,2.0
JAC,LNK,1.0
LNK,MCC,1.0
CPR,LNK,1.0
LNK,TVC,1.0
JAX,LNK,5.0
BZN,LNK,1.0
LEX,LNK,4.0
ILN,LNK,1.0
LFT,LNK,2.0
JFK,LNK,8.0
LNK,ROA,7.0
ICT,LBB,1100.0
AMA,LBB,5379.0
LBB,SEA,26.0
CMH,LBB,6.0
LBB,PHX,877.0
LBB,MAF,10990.0
LBB,OAK,23.0
HNL,LBB,6.0
LBB,OKC,296.0
LBB,SFO,34.0
LBB,SBA,5.0
LBB,SJC,31.0
CLE,LBB,4.0
LAS,LBB,9957.0
LBB,SNA,22.0
LBB,SMF,15.0
ABQ,LBB,31234.0
LBB,MCI,33.0
LBB,MSP,12.0
LBB,SAT,72.0
LAX,LBB,48.0
LBB,LIT,10.0
IAD,LBB,3.0
IND,LBB,6.0
LBB,MCO,19.0
DTW,LBB,4.0
CVG,LBB,9.0
BHM,LBB,4.0
LBB,SAN,34.0
LBB,PNS,2.0
BNA,LBB,43.0
LBB,SLC,25.0
BFL,LBB,3.0
LBB,STL,13.0
IDA,LBB,1.0
LBB,PHL,4.0
COS,LBB,15.0
LBB,LGA,3.0
LBB,PDX,8.0
LBB,MSY,8.0
DCA,LBB,3.0
FMN,LBB,48.0
LBB,SPS,29.0
LBB,SJT,25.0
FLL,LBB,4.0
BOS,LBB,1.0
DSM,LBB,19.0
BWI,LBB,3.0
BRO,LBB,2.0
LBB,XNA,5.0
DRO,LBB,1.0
LBB,MKE,3.0
JAX,LBB,9.0
CLL,LBB,65.0
LBB,MSN,2.0
LBB,MEM,7398.0
BWD,LBB,12.0
HSV,LBB,4.0
LBB,RDU,4.0
LBB,ROW,4486.0
CNM,LBB,397.0
COU,LBB,19.0
LBB,SHV,47.0
LBB,SWO,26.0
ILN,LBB,2471.0
LBB,MHK,19.0
LBB,NZY,2.0
LBB,LEX,3.0
LBB,SGF,85.0
LBB,TCL,2.0
GTF,LBB,1.0
BTR,LBB,5.0
LBB,MSO,2.0
FWA,LBB,2.0
IPL,LBB,1.0
ANC,LBB,1.0
HUF,LBB,2.0
BIL,LBB,4.0
BPT,LBB,4.0
LBB,MBS,5.0
AEX,LBB,6.0
LBB,RST,1.0
LBB,LCH,4.0
GFK,LBB,3.0
LBB,SDM,1.0
CMI,LBB,2.0
GNV,LBB,1.0
CHA,LBB,1.0
FYV,LBB,2.0
LBB,ROA,1.0
GEG,LBB,4.0
LBB,SFB,4.0
JAC,LBB,1.0
ADS,LBB,1.0
GSO,LBB,1.0
CLT,LBB,1.0
BFI,LBB,2.0
CID,LBB,1.0
FSD,LBB,5.0
MSN,MSP,74894.0
MSN,SUX,1.0
MCI,MSN,917.0
DCA,MSN,3170.0
LAX,MSN,34.0
IND,MSN,1377.0
GRR,MSN,734.0
MKE,MSN,42496.0
MSN,STL,44037.0
MSN,ROC,10.0
MSN,RST,33.0
BNA,MSN,25.0
MHT,MSN,11.0
DSM,MSN,130.0
MSN,PIT,5398.0
FWA,MSN,16.0
MSN,SMF,11.0
MSN,PVD,5.0
MSN,PDX,22.0
MSN,RIC,1.0
ABE,MSN,9.0
LSE,MSN,551.0
GRB,MSN,2062.0
LAS,MSN,1087.0
MSN,PHL,29.0
MSN,SFO,25.0
MSN,OAK,7.0
MEM,MSN,6548.0
MSN,SEA,20.0
MSN,ROA,13.0
ATW,MSN,3036.0
MBS,MSN,8.0
GEG,MSN,11.0
LGA,MSN,3898.0
BDL,MSN,16.0
MSN,PHX,22.0
CID,MSN,47.0
BFF,MSN,11.0
MSN,MSY,17.0
FSD,MSN,25.0
MSN,SLC,134.0
MSN,TVC,12.0
CLT,MSN,14.0
CLE,MSN,14522.0
MSN,SYR,15.0
MSN,SJC,12.0
CVG,MSN,19963.0
MDT,MSN,9.0
GSO,MSN,6.0
MSN,RAP,40.0
MQT,MSN,1618.0
MSN,PWM,4.0
FLL,MSN,11.0
CMH,MSN,62.0
ELP,MSN,3.0
CHS,MSN,8.0
BWI,MSN,14.0
CMI,MSN,39.0
MSN,RFD,29.0
HVN,MSN,1.0
IAD,MSN,16.0
MSN,SBN,1823.0
AZO,MSN,9.0
MCO,MSN,41.0
ICT,MSN,8.0
MSN,SNA,8.0
MSN,SAN,18.0
MSN,RDU,26.0
GTF,MSN,3.0
BMI,MSN,6.0
GRI,MSN,1.0
MSN,SAT,20.0
COS,MSN,29.0
MSN,MSO,8.0
LEX,MSN,11.0
BTL,MSN,2.0
MSN,PBI,1.0
BIS,MSN,1.0
MSN,XNA,3.0
BTR,MSN,2.0
LIT,MSN,6.0
MSN,SPI,9.0
LAF,MSN,36.0
BMG,MSN,25.0
MKT,MSN,2.0
AND,MSN,1.0
BFI,MSN,1.0
GSP,MSN,6.0
CKB,MSN,4.0
MSN,NZY,2.0
MSN,SCE,51.0
BIL,MSN,1.0
LCK,MSN,10.0
ESC,MSN,1.0
ILN,MSN,562.0
MSN,TLH,4.0
GFK,MSN,31.0
MSN,OKC,12.0
IMT,MSN,3.0
MSN,SFB,122.0
HNL,MSN,2.0
COU,MSN,7.0
MSN,SGF,9.0
ILG,MSN,4.0
JAX,MSN,2.0
KTN,MSN,1.0
JFK,MSN,8.0
MSN,SAV,2.0
CHO,MSN,5.0
LWS,MSN,2.0
HKS,MSN,1.0
BZN,MSN,4.0
MSN,SHV,4.0
MHK,MSN,1.0
BTV,MSN,3.0
GMU,MSN,1.0
MSN,TYS,5.0
AVL,MSN,1.0
ACY,MSN,6.0
GPT,MSN,1.0
MSN,TTN,3.0
BHM,MSN,3.0
MSN,RIV,3.0
MFR,MSN,1.0
LUK,MSN,4.0
CRW,MSN,2.0
LAF,MKT,2.0
LAX,MFR,12595.0
ABQ,MFR,2.0
MFR,PDX,154916.0
MFR,SJC,18.0
LMT,MFR,9213.0
MFR,SFO,66943.0
MFR,SEA,24004.0
GEG,MFR,4.0
MFR,SLC,7652.0
MFR,RDD,314.0
ELP,MFR,4.0
MFR,OAK,33.0
MFR,SMF,47.0
MFR,SBA,4.0
DLH,MFR,1.0
MFR,PHX,6710.0
MFR,MSP,2.0
GTF,MFR,5.0
JFK,MFR,0.0
MFR,RBG,220.0
FCA,MFR,4.0
GGG,MFR,10.0
MFR,MSO,10.0
BIL,MFR,4.0
MFR,SAN,1.0
LSV,MFR,1.0
IAH,MFR,1.0
COS,MFR,5.0
LAS,MFR,2862.0
BFM,MFR,3.0
MCO,MFR,1.0
BFL,MFR,1.0
MFR,TOL,1.0
MFR,STS,1.0
AZA,MFR,247.0
FSD,MFR,1.0
MFR,SBP,1.0
EAT,MFR,1.0
CEC,MFR,8.0
MCI,MFR,2.0
MEM,MSP,116652.0
MEM,SAT,51628.0
MEM,MSY,55577.0
IND,MEM,54396.0
MCI,MEM,54615.0
LAX,MEM,63997.0
DCA,MEM,44776.0
LIT,MEM,71093.0
MEM,SHV,28056.0
CHA,MEM,24780.0
BTR,MEM,44736.0
IAD,MEM,15527.0
ABE,MEM,3783.0
CLT,MEM,96716.0
BWI,MEM,20235.0
CLE,MEM,38134.0
MEM,TYS,52475.0
LAS,MEM,24074.0
BHM,MEM,51007.0
MEM,PIT,30578.0
HSV,MEM,32617.0
CVG,MEM,63830.0
GSP,MEM,22620.0
DSM,MEM,24192.0
BNA,MEM,63432.0
MEM,MKE,52887.0
MEM,STL,106567.0
LEX,MEM,12927.0
FLL,MEM,20971.0
MEM,PBI,1359.0
MEM,PHL,53656.0
MEM,OKC,52529.0
MEM,SFO,30364.0
CMH,MEM,18810.0
MEM,SEA,35871.0
ICT,MEM,43497.0
MEM,RDU,30951.0
GEG,MEM,7150.0
MCO,MEM,57760.0
MEM,PHX,33899.0
GPT,MEM,28501.0
LGA,MEM,44375.0
BDL,MEM,8648.0
MEM,PAH,16013.0
MEM,RIC,11705.0
MEM,ROC,9858.0
MEM,SNA,2887.0
MEM,SLC,11655.0
JAX,MEM,33466.0
MEM,SGF,23101.0
BIL,MEM,4449.0
MDT,MEM,4190.0
MEM,SAN,9752.0
JFK,MEM,12118.0
MEM,SYR,3944.0
FSM,MEM,16785.0
GSO,MEM,19448.0
MCO,NQA,2.0
ANC,MEM,12013.0
EVV,MEM,15937.0
MEM,SMF,8781.0
CID,MEM,3746.0
MEM,MWA,2.0
COS,MEM,4899.0
GRR,MEM,16671.0
BRO,MEM,625.0
MEM,YNG,56.0
ABQ,MEM,8772.0
GRB,MEM,21.0
MEM,PDX,8920.0
AVL,MEM,10.0
AEX,MEM,16607.0
CRW,MEM,882.0
MEM,PNS,16417.0
AOO,MEM,2.0
MEM,OAK,12499.0
MEM,ROA,2041.0
MBS,MEM,9.0
AMA,MEM,11.0
CAE,MEM,9368.0
FYV,MEM,4.0
MEM,SUX,3.0
GLH,MEM,10648.0
FWA,MEM,3711.0
MEM,RWI,9.0
MEM,XNA,24039.0
BTL,MEM,4.0
ILG,MEM,10.0
MEM,SFB,75.0
AID,MEM,2.0
MEM,RST,4232.0
MEM,SUS,5.0
CMI,MEM,14.0
HNL,MEM,3100.0
LCK,MEM,9357.0
MEM,MRC,2.0
CSG,MEM,55.0
MEM,TVC,2.0
IPT,MEM,1.0
MEM,MYR,41.0
MEM,SPS,4.0
BWG,MEM,4707.0
ILM,MEM,25.0
MEM,SJT,2.0
MEM,WGO,5.0
BYH,MEM,7.0
MEM,TCL,12.0
MEM,PKB,191.0
FAY,MEM,26.0
LFT,MEM,20977.0
MEM,SAV,4357.0
AVP,MEM,7.0
CHS,MEM,7587.0
MEM,MHT,8171.0
EGP,MEM,1.0
MEM,RAP,5.0
MEM,SBM,1.0
MEM,MGM,16525.0
CGI,MEM,36.0
GJT,MEM,581.0
ADM,MEM,2.0
BKW,MEM,5.0
ATW,MEM,1451.0
BIS,MEM,3.0
MEM,MSO,2.0
HUM,MEM,1.0
GRI,MEM,2.0
MEM,SBN,1871.0
BFF,MEM,4.0
FSD,MEM,8197.0
MEM,PWM,2916.0
MEM,SJC,3751.0
MEM,RFD,687.0
AZO,MEM,7.0
LAF,MEM,4.0
MEM,PVD,2440.0
ART,MEM,2.0
BTV,MEM,85.0
LCH,MEM,29.0
MEM,PFN,15769.0
MEM,SPI,354.0
MEM,TLH,20127.0
BMI,MEM,3.0
GFK,MEM,8390.0
MEM,PIB,10628.0
GNV,MEM,2303.0
ILN,MEM,6632.0
GTF,MEM,7437.0
GTR,MEM,1365.0
COU,MEM,2869.0
LWS,MEM,4.0
ELM,MEM,1.0
MEM,OGD,1.0
MEM,TCM,2.0
ARA,MEM,6.0
MEM,PGV,19.0
CKB,MEM,24.0
ALO,MEM,4.0
ELD,MEM,295.0
CLT,NQA,31.0
MAF,MEM,3.0
HKS,MEM,2.0
BFI,MEM,20.0
CLL,MEM,28.0
MEM,POB,4.0
HOT,MEM,262.0
MEM,MKC,11.0
IAD,NQA,1.0
MEM,XXW,3.0
MEM,VLD,1.0
MCE,MEM,1.0
MEM,PIH,1.0
BNA,NQA,1.0
MEM,ORH,3.0
COS,NQA,1.0
ACY,MEM,72.0
MEM,RDG,4.0
MEM,NQA,7.0
MEI,MEM,4.0
MEM,SWO,2.0
MEM,MOR,5.0
MEM,OAJ,1.0
MEM,SCE,5.0
BFL,MEM,18.0
GVL,MEM,1.0
LFK,MEM,2.0
MEM,SKF,2.0
GGG,MEM,5.0
ASL,MEM,2.0
BPT,MEM,13.0
AOH,MEM,1.0
MEM,MFD,3.0
FAI,MEM,5.0
DQF,MEM,8.0
EWN,MEM,1.0
FLO,MEM,1.0
BWI,NQA,1.0
AHN,MEM,1.0
LUK,MEM,2.0
MEM,NZC,3.0
AZA,MEM,8.0
CMH,NQA,2.0
NQA,PIA,1.0
LAW,MEM,1.0
BOS,NQA,1.0
MIA,NQA,1.0
MEM,NEW,2.0
JBR,MEM,312.0
FLG,MEM,2.0
NQA,STL,1.0
FOD,MEM,1.0
HRO,MEM,308.0
MCN,MEM,1.0
EWR,NQA,1.0
MAF,SNA,13.0
CVG,MAF,1.0
MAF,SMF,5.0
MAF,SJC,6.0
MAF,ORD,14.0
AMA,MAF,39.0
CAE,MAF,1.0
MAF,SEA,5.0
MAF,RDU,1.0
MAF,PHX,1795.0
ABQ,MAF,19642.0
LAX,MAF,31.0
MAF,SAT,116.0
MAF,SHV,4.0
FLL,MAF,3.0
MAF,SLC,20.0
LIT,MAF,8.0
LAS,MAF,9963.0
MAF,OKC,21.0
MAF,SJT,57.0
MAF,PHL,1.0
MAF,MIA,1.0
CRP,MAF,26.0
COS,MAF,9.0
MAF,SAN,20.0
GJT,MAF,4.0
MAF,SFO,8.0
MAF,STL,3.0
BGS,MAF,0.0
ATL,MAF,1.0
BSM,MAF,2.0
MAF,MSY,16.0
MAF,MSP,5.0
MAF,MCI,8.0
MAF,OAK,5.0
CLE,MAF,2.0
MAF,YIP,1.0
MAF,RIV,1.0
IND,MAF,2.0
MAF,MDW,1.0
MAF,MKE,2.0
BNA,MAF,1.0
FTW,MAF,1.0
MAF,PUB,1.0
ANC,MDD,4.0
DRT,MAF,1.0
MAF,ROW,2.0
AFW,VWH,1.0
BWI,MAF,1.0
BPT,MAF,2.0
LRD,MAF,1.0
MAF,PDX,2.0
MAF,SPS,11.0
MAF,PNS,1.0
BHM,MAF,1.0
IAD,MAF,3.0
MAF,SFB,2.0
MAF,RUI,18.0
GSP,MAF,2.0
DSM,MAF,1.0
MAF,XNA,1.0
MAF,MCO,6.0
MOD,SNA,3.0
LAX,MOD,5561.0
MOD,SFO,34359.0
CEC,MOD,1.0
MOD,SCK,7.0
ELP,MOD,1.0
MOD,RDM,1.0
MFR,MOD,1.0
MOD,PUB,1.0
MOD,SMF,1.0
BFL,MOD,4.0
MOD,VGT,8.0
AMA,MOD,2.0
MCI,MOD,1.0
MOD,SBA,2.0
MOD,SJC,1.0
EUG,MOD,1.0
OLS,STL,2.0
OLS,SLC,3.0
LRD,OLS,14.0
MCI,OLS,22.0
LAX,OLS,2.0
BFI,OLS,2.0
ICT,OLS,24.0
BRO,OLS,18.0
DFW,OLS,1.0
OLS,SJC,2.0
IPL,OLS,3.0
OLS,SAT,6.0
MOB,OLS,1.0
HKS,OLS,1.0
OKC,OLS,6.0
AMA,OLS,6.0
OLS,SHV,7.0
FTW,OLS,1.0
LBF,OFK,597.0
GRI,OFK,648.0
LAS,OAK,142429.0
OAK,PDX,145084.0
OAK,SJC,1935.0
OAK,SCK,5.0
OAK,SFO,3758.0
OAK,SLC,99430.0
COS,OAK,1573.0
OAK,SMF,910.0
OAK,SNA,160507.0
CVG,OAK,26.0
OAK,PIT,48.0
LAX,OAK,381677.0
MCI,OAK,16940.0
HNL,OAK,15969.0
JFK,OAK,29877.0
OAK,PHX,146058.0
OAK,SEA,197224.0
GEG,OAK,15274.0
BFI,OAK,201.0
OAK,OXR,1.0
OAK,SBP,11.0
CLT,OAK,33.0
CHS,OAK,2.0
OAK,RAP,7.0
OAK,SAN,183375.0
ABQ,OAK,18298.0
BFL,OAK,42.0
MSP,OAK,4287.0
ANC,OAK,4760.0
BWI,OAK,880.0
OAK,SBA,12.0
HIK,OAK,44.0
AMA,OAK,19.0
OAK,SDM,4.0
IAD,OAK,19156.0
IND,OAK,9512.0
CLE,OAK,50.0
OAK,PHL,8140.0
MSY,OAK,2807.0
BNA,OAK,8929.0
OAK,SAT,99.0
BDL,OAK,3.0
GJT,OAK,280.0
FAI,OAK,4.0
OAK,STL,87.0
OAK,TWF,114.0
BTR,OAK,2.0
MHR,OAK,43.0
DSM,OAK,686.0
MKE,OAK,62.0
MCO,OAK,6.0
LCK,OAK,44.0
CAE,OAK,1497.0
OAK,OKC,78.0
OAK,RFD,2883.0
LWS,OAK,8.0
OAK,VIS,8049.0
OAK,RDD,11.0
GSO,OAK,14.0
BHM,OAK,7.0
MHT,OAK,9.0
ILN,OAK,3201.0
GCK,OAK,3.0
OAK,STS,3687.0
LIT,OAK,4.0
OAK,SHV,8.0
BRO,OAK,2.0
CID,OAK,6.0
EKA,OAK,23.0
OAK,TOL,3.0
FLL,OAK,1446.0
LBF,OAK,4.0
NZY,OAK,9.0
BIL,OAK,519.0
CMH,OAK,526.0
CIC,OAK,6.0
HUF,OAK,1.0
GTF,OAK,910.0
CMI,OAK,5.0
GRB,OAK,3.0
IPL,OAK,2.0
OAK,XXW,1.0
OAK,PIB,4.0
MKC,OAK,9.0
FAY,OAK,2.0
GRI,OAK,5.0
BFF,OAK,12.0
OAK,SFB,1.0
ICT,OAK,12.0
DQF,OAK,25.0
OAK,PUW,10.0
BIF,OAK,1.0
OAK,PVD,4.0
OAK,PKB,1.0
OAK,POB,1.0
OAK,TYS,6.0
KTN,OAK,3.0
LGA,OAK,13.0
MCF,OAK,1.0
HSV,OAK,9.0
EVV,OAK,1.0
ISO,OAK,1.0
MBS,OAK,2.0
BFM,OAK,1.0
JAX,OAK,4.0
OAK,PBI,2.0
AEX,OAK,8.0
GRR,OAK,8.0
AZA,OAK,2.0
ACV,OAK,4.0
OAK,TTN,2.0
GRK,OAK,2.0
BLI,OAK,256.0
LEX,OAK,1.0
BAD,OAK,1.0
MTN,OAK,1.0
GEG,OLM,3773.0
OLM,PDX,327.0
GTF,OLM,5.0
MWH,OLM,20.0
OLM,SEA,9.0
BIL,OLM,2.0
BFI,OLM,4.0
ALB,NY3,1.0
BDR,NY3,1.0
HFD,NY3,5.0
MCO,PHL,187663.0
MCO,SFO,15245.0
JAX,MCO,9839.0
MCO,SLC,28842.0
FLL,MCO,140972.0
MCO,PBI,51487.0
COS,MCO,871.0
MCO,SYR,11945.0
MCO,SAV,534.0
CLT,MCO,111050.0
BWI,MCO,135499.0
CLE,MCO,55011.0
MCO,TYS,9077.0
MCO,MSP,73211.0
MCO,TLH,39537.0
MCO,MSY,72999.0
DCA,MCO,78384.0
IAD,MCO,119168.0
MCI,MCO,41287.0
LAX,MCO,69538.0
LIT,MCO,2292.0
ILM,MCO,7.0
CHA,MCO,295.0
ABQ,MCO,15033.0
GNV,MCO,516.0
IND,MCO,71259.0
MCO,STL,96107.0
MCO,PNS,30620.0
BNA,MCO,77475.0
MCO,MKE,38307.0
MCO,ROC,12958.0
CVG,MCO,64650.0
MCO,PIT,95521.0
CHS,MCO,4205.0
GSO,MCO,29889.0
GSP,MCO,11377.0
BHM,MCO,26251.0
MCO,MGM,14.0
MCO,RDU,79299.0
CMH,MCO,56998.0
ICT,MCO,227.0
CAE,MCO,9197.0
LGA,MCO,148151.0
BDL,MCO,70167.0
JFK,MCO,134088.0
MCO,PHX,26034.0
MCO,OKC,746.0
LEX,MCO,2530.0
MCO,PVD,51044.0
LAS,MCO,19932.0
ACY,MCO,21004.0
MCO,RIC,15930.0
ABE,MCO,5819.0
FAY,MCO,2.0
GRR,MCO,2004.0
HSV,MCO,8741.0
MCO,ORH,80.0
MCO,MDT,2045.0
LFT,MCO,20.0
MCO,MHT,24939.0
MCO,PFN,10178.0
MCO,SAT,14464.0
MCO,SEA,9147.0
AVP,MCO,341.0
BMI,MCO,3974.0
MCO,MYR,254.0
LYH,MCO,1.0
RDU,SFB,10.0
GSB,MCO,1.0
MCO,MGY,1.0
DSM,MCO,737.0
BTV,MCO,1337.0
GPT,SFB,1433.0
MCO,TTN,86.0
SAT,SFB,18.0
MCO,SFB,41.0
GPT,MCO,1585.0
MCO,PDX,705.0
LAS,SFB,102.0
PIT,SFB,529.0
EYW,MCO,23354.0
RFD,SFB,2536.0
SFB,TCL,5.0
SFB,SHV,469.0
SBN,SFB,1097.0
ORH,SFB,1016.0
BWI,SFB,678.0
ABE,SFB,5040.0
SFB,SYR,1258.0
JAX,SFB,139.0
ACY,SFB,131.0
CRP,MCO,15.0
MYR,SFB,165.0
LCH,MCO,5.0
FLL,SFB,401.0
BNA,SFB,114.0
MCO,SAN,108.0
AEX,MCO,8.0
CVG,SFB,824.0
FWA,MCO,691.0
GSO,SFB,865.0
ILN,MCO,5563.0
IAD,SFB,289.0
BRO,ORL,1.0
MCO,SHV,28.0
MCO,SSC,2.0
MCF,MCO,1.0
MCO,ROA,1389.0
CAE,SFB,176.0
BFI,MCO,5.0
PHX,SFB,10.0
LCK,MCO,7.0
JFK,SFB,22.0
MCO,VLD,2.0
CLT,SFB,386.0
CMI,MCO,3.0
LAF,MCO,25.0
AZO,SFB,231.0
SFB,XXW,1.0
MCO,RFD,41.0
CMI,SFB,7.0
IND,SFB,11.0
CID,SFB,858.0
MCO,XNA,266.0
PKB,SFB,2.0
SFB,SGF,1145.0
MCO,PAM,4.0
FSD,MCO,16.0
MCO,SGF,9.0
MCO,YNG,5.0
BAD,MCO,1.0
OKC,SFB,49.0
PHL,SFB,20.0
CKB,SFB,2.0
CHS,SFB,5.0
MHT,SFB,135.0
MCO,MXF,2.0
HSV,ORL,2.0
FSM,MCO,5.0
LUK,MCO,4.0
PVD,SFB,16.0
LCK,SFB,603.0
AMA,SFB,6.0
MCO,RDG,230.0
ROA,SFB,952.0
FFO,MCO,1.0
SCE,SFB,1.0
MCO,SCE,16.0
PBI,SFB,22.0
BKL,MCO,2.0
GRB,MCO,4.0
RIC,SFB,7.0
MCO,PWM,1843.0
AVP,SFB,165.0
MCO,SHD,2.0
MCO,PIB,6.0
GFK,SFB,5.0
BTR,MCO,1024.0
ILG,MCO,2.0
SFB,YNG,804.0
ILM,SFB,322.0
BTL,MCO,16.0
CID,MCO,17.0
SFB,TLH,11.0
GRR,SFB,347.0
BTL,SFB,2.0
MSY,SFB,11.0
SFB,STP,1.0
FAT,SFB,1.0
MDT,SFB,511.0
EVV,MCO,7.0
BHM,SFB,16.0
PGV,SFB,10.0
LEX,SFB,253.0
ABR,MCO,4.0
GTR,MCO,7.0
BDL,SFB,26.0
AMA,MCO,18.0
HNL,SFB,2.0
CLE,SFB,7.0
AVL,MCO,1997.0
LFT,SFB,4.0
CHO,MCO,1.0
CHO,SFB,2.0
CLL,SFB,2.0
MKE,SFB,17.0
SFB,STL,14.0
GSP,SFB,1596.0
DSM,SFB,1420.0
FSD,SFB,744.0
MSP,SFB,6.0
PIB,SFB,5.0
ISM,SHV,1.0
BTR,SFB,6.0
ILG,SFB,4.0
MCI,SFB,4.0
ADS,ISM,1.0
BGR,ORL,1.0
ORL,TPA,1.0
DET,SFB,1.0
LNS,MCO,50.0
ANC,MCO,4.0
FAY,SFB,104.0
FYV,SFB,5.0
FYV,MCO,2.0
ISM,LAX,1.0
MCO,SMF,5.0
CHA,SFB,1240.0
LIT,SFB,6.0
NZC,SFB,1.0
MCO,NZC,5.0
FLL,ORL,6.0
CRW,MCO,169.0
MCO,RAP,1.0
FWA,SFB,645.0
SFB,SUS,10.0
HSV,SFB,177.0
MCO,MHK,2.0
BNA,ISM,1.0
ICT,SFB,220.0
GRK,SFB,1.0
DOV,MCO,1.0
ISM,MDW,1.0
MCO,PWK,1.0
CRP,SFB,1.0
AVL,SFB,1.0
SFB,TYS,1635.0
BMI,SFB,3.0
MCO,SBN,8.0
GNV,SFB,1.0
PBG,SFB,509.0
PNS,SFB,1.0
HGR,SFB,194.0
ATW,SFB,190.0
AZA,SFB,3.0
MCO,SJC,1.0
BQK,MCO,1.0
ISM,LFT,1.0
SFB,SLC,1.0
SFB,SFO,1.0
MCO,SUS,2.0
OWB,SFB,152.0
MHK,SFB,1.0
SFB,XNA,28.0
PGD,SFB,263.0
MCO,PGD,1.0
IAD,ORL,1.0
MCO,TCL,3.0
MCO,MKC,2.0
RNO,SFB,1.0
SAV,SFB,1.0
GRB,OSH,535.0
OSH,SBN,1.0
MKE,OSH,5674.0
ATW,OSH,1710.0
HNL,OSH,1.0
MSN,OSH,2.0
MCO,OSH,1.0
IND,OSH,4.0
ANC,OSH,1.0
LAS,OSH,2.0
CID,OSH,1.0
OSH,RIC,1.0
FTW,OSH,1.0
MCI,OSH,1.0
HKS,OSH,1.0
CLE,OSH,1.0
PAH,STL,32181.0
DEC,PAH,2.0
PAH,SGF,1.0
CMI,PAH,1.0
ALO,PAH,2.0
JLN,PAH,1.0
EVV,PAH,48.0
BHM,PAH,6.0
FWA,PAH,1.0
LEX,PAH,2.0
CGI,PAH,7.0
MSN,PAH,1.0
PAH,SPI,1.0
JXN,PAH,1.0
CHS,PAH,2.0
GSP,PAH,3.0
PAH,XNA,1.0
ATL,PAH,1.0
MIE,PAH,1.0
FSM,PAH,3.0
CVG,PAH,2.0
MCI,PAH,2.0
OSH,PAH,1.0
BDL,PAH,2.0
CMH,PAH,2.0
AZO,PAH,2.0
LNK,PAH,1.0
GPT,PAH,3.0
GLH,PAH,1.0
GSO,PAH,1.0
BOS,PAH,1.0
CHA,PAH,1.0
LAX,PAH,1.0
PAH,PHL,2.0
CHO,PAH,1.0
PAH,TYS,1.0
BWI,PAH,3.0
COU,PAH,4.0
PAH,RDU,1.0
OMA,PAH,1.0
PAH,TPA,1.0
FSD,PAH,1.0
PHX,SNA,153694.0
PHX,STL,155353.0
MKE,PHX,43843.0
BNA,PHX,40509.0
PHX,PIT,48721.0
DSM,PHX,19446.0
CVG,PHX,42940.0
BHM,PHX,7279.0
PHX,SMF,118611.0
OKC,PHX,47371.0
PHX,SLC,230843.0
PHX,SFO,203548.0
PHL,PHX,73065.0
GJT,PHX,20329.0
COS,PHX,54874.0
PHX,SAT,86275.0
MSP,PHX,139921.0
MSY,PHX,18369.0
MCI,PHX,114120.0
IAD,PHX,24995.0
LAX,PHX,515093.0
DCA,PHX,16961.0
PHX,SUX,398.0
ABQ,PHX,259058.0
PHX,SHV,16.0
CID,PHX,1252.0
IND,PHX,46222.0
GRR,PHX,16.0
ICT,PHX,29981.0
PHX,SEA,158376.0
AMA,PHX,185.0
GEG,PHX,17377.0
PHX,ROW,10.0
BFI,PHX,98.0
JFK,PHX,62941.0
HNL,PHX,16324.0
BWI,PHX,64351.0
CLT,PHX,36134.0
CLE,PHX,40435.0
PDX,PHX,118133.0
PHX,SYR,14.0
PHX,SJC,142313.0
LAS,PHX,460104.0
FLG,PHX,57981.0
PHX,SAN,319065.0
DET,PHX,1.0
PHX,SCF,1.0
CMH,PHX,51367.0
PHX,TYS,18.0
HSV,PHX,14.0
LGA,PHX,21.0
CHS,PHX,5.0
LIT,PHX,10849.0
PHX,ROC,7.0
FMN,PHX,10654.0
MTJ,PHX,2718.0
PHX,PRC,16441.0
FLL,PHX,10732.0
HII,PHX,18419.0
JAX,PHX,20.0
PHX,SBA,26527.0
BMI,PHX,1.0
ANC,PHX,4996.0
PHX,ROA,6.0
BRO,PHX,3.0
PHX,PVD,12156.0
BDL,PHX,5808.0
LCK,PHX,78.0
PHX,RDU,17591.0
BYH,PHX,22.0
FSD,PHX,957.0
LWS,PHX,20.0
PHX,RFD,1220.0
CRP,PHX,39.0
MWH,PHX,6.0
PHX,SUS,16.0
MHR,PHX,7.0
DQF,SAN,40.0
FWA,PHX,1445.0
MDT,PHX,29.0
BFL,PHX,18042.0
ILN,PHX,5551.0
DVT,PHX,8.0
BIL,PHX,4841.0
PHX,SCK,1152.0
PHX,SOW,10152.0
DVT,FLG,4.0
PHX,SBP,13260.0
LCH,PHX,3.0
PHX,POB,6.0
PHX,SGF,10.0
GTF,PHX,10.0
NZY,PHX,12.0
MHK,PHX,11.0
PHX,RST,18.0
PHX,PIH,12.0
GSO,PHX,14.0
GRB,PHX,7.0
EIL,LUF,1.0
JBR,PHX,1.0
IPL,PHX,50.0
GGG,PHX,12.0
MSO,PHX,17.0
PHX,RDD,4.0
ADS,DQF,2.0
AEX,PHX,2.0
DQF,DSM,1.0
LUK,PHX,3.0
DVT,VGT,4.0
LAS,SCF,8.0
PHX,PNS,4.0
DQF,OKC,19.0
SBA,SCF,7.0
DVT,HII,2.0
DQF,MCI,3.0
PHX,SBN,7.0
PHX,TCL,2.0
IDA,PHX,7.0
DQF,PHX,8.0
CAE,PHX,15.0
COU,PHX,6.0
DVT,SAD,3.0
PHX,SAD,1.0
BKL,PHX,5.0
DQF,IPL,2.0
FCA,PHX,1162.0
DQF,SJC,1.0
PHX,RIC,32.0
DQF,PDX,2.0
DQF,FLL,1.0
DQF,SLC,6.0
DQF,SFO,1.0
ACT,LUF,1.0
DQF,MOT,1.0
DQF,MIA,2.0
MLU,PHX,1.0
DMA,PHX,1.0
DQF,PUB,1.0
PHX,RIV,1499.0
SCF,VGT,4.0
DQF,LAS,7.0
CDC,PHX,318.0
BTR,PHX,10.0
PHX,TWF,2.0
DQF,MSO,41.0
DQF,MAF,1.0
CSG,DQF,4.0
PUW,SCF,2.0
PHX,PUW,4.0
ICT,SCF,1.0
BFI,DQF,16.0
CMI,PHX,3.0
EDF,LUF,1.0
DQF,SBN,2.0
LRU,PHX,23.0
DQF,STL,5.0
DRT,PHX,1.0
ELP,SCF,1.0
AVL,DQF,1.0
DQF,GRB,27.0
LAF,SCF,1.0
DQF,RFD,30.0
DQF,SCK,39.0
PHX,SAV,2.0
PHX,SAF,1.0
AMA,DQF,1.0
DQF,RDD,1.0
BIL,DQF,28.0
DQF,HNL,6.0
HIK,PHX,1.0
CMH,DQF,5.0
OLS,PHX,1.0
DFW,DQF,1.0
BLI,DQF,59.0
MHT,PHX,1719.0
GSP,PHX,10.0
DQF,LRU,1.0
IRK,SCF,1.0
DQF,MWH,1.0
DSM,SCF,2.0
DQF,FWA,24.0
DQF,RAP,25.0
LEX,PHX,5.0
PHX,SDM,4.0
SCF,SNA,2.0
PBI,PHX,6.0
SCF,SFO,2.0
GNV,PHX,13.0
MKC,PHX,5.0
BMG,PHX,5.0
ABQ,DQF,29.0
CID,DQF,40.0
DQF,SAT,8.0
DQF,FSD,40.0
AZA,SAT,13.0
AZA,FSD,580.0
AZA,SGF,259.0
AZA,MSP,4.0
LAX,SCF,2.0
AZA,MSY,3.0
IAD,SCF,2.0
AZA,GTF,260.0
ABQ,AZA,13.0
AZA,MCI,1.0
CHA,PHX,7.0
AZA,BRO,5.0
AZA,CID,614.0
PHX,XNA,2.0
LBL,PHX,1.0
PHX,RUT,1.0
AZA,PHX,6.0
AZA,RDD,3.0
AZA,BIS,266.0
AZA,BIL,489.0
AZA,BFI,26.0
AZA,HNL,11.0
AZA,MSO,522.0
AZA,RFD,403.0
AZA,JFK,3.0
JFK,LUF,1.0
AZA,SJC,1.0
AZA,SCK,104.0
ANC,AZA,2.0
AZA,CMI,1.0
AZA,GRB,101.0
PHX,TIK,1.0
AZA,IND,3.0
PHX,PNE,2.0
BWG,PHX,2.0
FXE,PHX,1.0
OMA,SCF,1.0
AZA,MWA,1.0
AZA,BOS,2.0
ADS,AZA,1.0
AZA,DFW,2.0
AZA,HLN,1.0
AZA,FAT,1.0
AZA,FOE,1.0
PIA,SCF,1.0
AZA,SAN,19.0
AZA,NZY,1.0
AZA,VGT,1.0
AZA,LEX,9.0
ROC,SCF,1.0
CPS,PHX,4.0
AZA,BLI,544.0
BRL,PHX,1.0
AEX,AZA,4.0
CKB,PHX,4.0
EAU,PHX,1.0
AZA,FWA,104.0
AZA,RAP,455.0
AZA,LAS,15.0
LSV,PHX,2.0
AZA,DSM,3.0
AZA,GRR,46.0
AZA,GRI,45.0
AZA,LAX,1.0
AZA,GFK,28.0
GFK,PHX,3.0
BAD,LUF,2.0
AZA,BFL,2.0
AZA,IAD,2.0
AZA,SMF,3.0
NQX,PHX,1.0
AZA,LWS,1.0
AZA,ICT,27.0
AZA,SLN,1.0
AZA,FTW,2.0
AZA,FLG,2.0
AZA,LAF,1.0
AZA,BWI,1.0
FLL,SCF,2.0
AZA,SFO,8.0
PUW,SEA,43293.0
GEG,PUW,7075.0
LWS,PUW,58752.0
MSO,PUW,10.0
GTF,PUW,10.0
PDX,PUW,9008.0
FCA,PUW,13.0
ALW,PUW,517.0
BTM,PUW,2.0
PUW,TWF,3.0
BIL,PUW,2.0
DFW,PUW,1.0
PUW,SLN,1.0
ATL,PUW,1.0
PUW,SLC,8.0
MGM,PUW,2.0
BNA,PUW,2.0
LAS,PUW,3.0
LAX,PUW,12.0
LAN,PUW,1.0
BFI,PUW,3.0
ABQ,PUW,1.0
LRU,PUW,3.0
MLU,PUW,1.0
PUW,SJC,12.0
PUW,SHV,1.0
PUW,SAN,4.0
MHK,PUW,2.0
CMI,PUW,1.0
OKC,PUW,3.0
PUW,SAT,1.0
FAY,RDU,104.0
IND,RDU,17430.0
IAD,RDU,57600.0
DCA,RDU,123322.0
LIT,RDU,29.0
LAX,RDU,1334.0
MSY,RDU,7531.0
RDU,STL,50340.0
BNA,RDU,51449.0
LYH,RDU,311.0
RDU,ROC,10732.0
CHS,RDU,20277.0
PIT,RDU,59412.0
GSO,RDU,4283.0
CVG,RDU,62712.0
ORH,RDU,7.0
GSP,RDU,12237.0
PVD,RDU,14761.0
BWI,RDU,55612.0
CLT,RDU,119997.0
CLE,RDU,41709.0
AVL,RDU,1285.0
RDU,RIC,6507.0
RDU,SAV,6105.0
RDU,SYR,8360.0
ABE,RDU,239.0
RDU,TYS,642.0
MYR,RDU,6073.0
PHL,RDU,137241.0
JAX,RDU,23560.0
OAJ,RDU,5.0
FLL,RDU,47608.0
PBI,RDU,22207.0
CAE,RDU,8486.0
RDU,ROA,53.0
LGA,RDU,169321.0
JFK,RDU,72657.0
BDL,RDU,47374.0
PNS,RDU,918.0
BTV,RDU,11.0
BHM,RDU,2045.0
RDU,SHV,56.0
CMH,RDU,18427.0
CHO,RDU,101.0
ACY,RDU,723.0
RDU,SFO,5.0
MCI,RDU,7330.0
ILM,RDU,1096.0
MDT,RDU,371.0
HSV,RDU,37.0
MSP,RDU,25382.0
CHA,RDU,28.0
RDU,SBN,21.0
LEX,RDU,49.0
EVV,RDU,11.0
AVP,RDU,14.0
ARA,RDU,1.0
LAS,RDU,9011.0
ILN,RDU,4946.0
MHT,RDU,87.0
PWM,RDU,23.0
RDU,SEA,7.0
BFI,RDU,3.0
DSM,RDU,13.0
MKE,RDU,7220.0
RDU,SGF,17.0
RDU,SNA,3.0
PGV,RDU,14.0
RDU,SLC,2769.0
RDU,SAN,13.0
BGM,RDU,1.0
RDU,SJC,1008.0
ATW,RDU,5.0
LCK,RDU,23.0
FWA,RDU,15.0
RDU,SAT,2321.0
COU,RDU,4.0
AND,RDU,49.0
CSG,RDU,11.0
CMI,RDU,8.0
CID,RDU,4.0
RDU,TLH,156.0
BMI,RDU,4.0
ABQ,RDU,20.0
GNV,RDU,6.0
ILG,RDU,1.0
RDU,SMF,3.0
RDU,SUS,9.0
CRW,RDU,13.0
BQK,RDU,2.0
LAF,RDU,12.0
AZO,RDU,4.0
EWN,RDU,9.0
ICT,RDU,19.0
MBS,RDU,9.0
RDU,SCE,15.0
OKC,RDU,42.0
BRO,RDU,3.0
RDU,RWI,9.0
BMG,RDU,7.0
RDU,YNG,5.0
RDU,XNA,303.0
MCE,RDU,1.0
RDU,SSC,1.0
MGM,RDU,3.0
JST,RDU,1.0
LAR,RDU,1.0
MEI,RDU,8.0
GPT,RDU,28.0
MKG,RDU,1.0
DPA,RDU,2.0
RDU,SBY,5.0
HVN,RDU,3.0
POB,RDU,5.0
PIB,RDU,3.0
RDU,TCL,8.0
BTR,RDU,34.0
RDU,UCA,1.0
RDU,TTN,7.0
RDU,RFD,5.0
CLL,RDU,14.0
GRB,RDU,9.0
APN,RDU,1.0
OAK,RDU,1.0
GTR,RDU,2.0
GRR,RDU,20.0
CKB,RDU,3.0
LUK,RDU,3.0
GLH,RDU,6.0
PDX,RDU,1.0
BKL,RDU,5.0
NIP,RDU,1.0
GEG,RDU,2.0
GGG,RDU,9.0
COS,RDU,8.0
GJT,RDU,2.0
AR1,RDU,1.0
MDT,RDG,6.0
IAD,RDG,180.0
JAX,RDG,4.0
PHL,RDG,11692.0
AVP,RDG,2121.0
LNS,RDG,1411.0
BWI,RDG,6.0
LGA,RDG,6.0
ABE,RDG,1.0
ACY,RDG,6.0
IPT,RDG,2.0
MSY,RDG,1.0
BDL,RDG,7.0
CMH,RDG,3.0
BGR,RDG,4.0
ELM,RDG,1.0
BDR,RDG,5.0
HGR,RDG,6.0
HVN,RDG,9.0
MKE,RDG,26.0
PIT,RDG,3927.0
CVG,RDG,25.0
RDG,SHD,1.0
GSO,RDG,4.0
CLE,RDG,1.0
ART,RDG,1.0
MSP,RDG,1.0
ICT,RDG,3.0
RDG,SYR,2.0
ELP,RDG,1.0
PHX,RDG,1.0
MGM,RDG,1.0
RDD,STS,2.0
RDD,SMF,8794.0
RDD,SFO,47510.0
PDX,RDD,14483.0
LMT,RDD,2303.0
DFW,RDD,1.0
FAI,RDD,1.0
RDD,SEA,267.0
ABQ,RDD,34.0
BFI,RDD,2.0
RDD,SJC,7.0
FBK,RDD,5.0
RDD,SAN,1.0
LAS,RDD,88.0
BFL,RDD,15.0
OKC,RDD,3.0
AUS,RDD,2.0
LAX,RDD,3227.0
MWH,RDD,23.0
FSM,RDD,5.0
RDD,TYS,1.0
ICT,RDD,1.0
HLN,RDD,1.0
CEC,RDD,14.0
RDD,SLC,4.0
MSO,RDD,3.0
RDD,STL,3.0
MOT,RDD,1.0
MCC,RDD,1.0
GTF,RDD,2.0
RDD,SAF,1.0
O85,SMF,1.0
FVS,SLC,11.0
CHO,ROA,954.0
RIC,ROA,5477.0
CLT,ROA,76489.0
BWI,ROA,10056.0
CLE,ROA,25.0
ROA,TYS,23.0
CRW,ROA,4619.0
PIT,ROA,21138.0
GSO,ROA,4197.0
HSV,ROA,32.0
FWA,ROA,82.0
BTV,ROA,5.0
MDT,ROA,19.0
GSP,ROA,218.0
LYH,ROA,107.0
BNA,ROA,8.0
ROA,ROC,7.0
IAD,ROA,25200.0
LGA,ROA,11836.0
PHL,ROA,17520.0
LEX,ROA,358.0
DCA,ROA,22.0
ROA,TLH,25.0
ROA,SYR,176.0
MKE,ROA,8.0
CHS,ROA,5.0
FLL,ROA,19.0
CVG,ROA,18579.0
AUS,ROA,4.0
PBI,ROA,5.0
AVL,ROA,17.0
CAE,ROA,52.0
MSP,ROA,23.0
PWM,ROA,4.0
JAX,ROA,9.0
CKB,ROA,5.0
ABE,ROA,10.0
MVN,ROA,2.0
GRR,ROA,3.0
BDL,ROA,17.0
CMH,ROA,15.0
ORH,ROA,1.0
DSM,ROA,2.0
IND,ROA,58.0
ILN,ROA,1730.0
BTR,ROA,4.0
ROA,SAT,6.0
LAF,ROA,6.0
ACY,ROA,178.0
CSG,ROA,1.0
MSO,ROA,2.0
JFK,ROA,4.0
FCA,ROA,1.0
PVD,ROA,10.0
LIT,ROA,7.0
CLL,ROA,1.0
DAL,ROA,4.0
AEX,ROA,1.0
BHM,ROA,8.0
COU,ROA,2.0
ROA,SCE,8.0
BWG,ROA,2.0
CGI,ROA,2.0
BMG,ROA,1.0
ROA,YNG,7.0
ROA,SBN,16.0
MSY,ROA,20.0
ROA,SGF,3.0
CID,ROA,6.0
AND,ROA,4.0
EWN,ROA,2.0
ROA,SHV,11.0
ROA,SPS,2.0
BKW,ROA,1.0
LFT,ROA,3.0
MHT,ROA,8.0
ROA,STL,10.0
ROA,SBY,8.0
PIB,ROA,2.0
ROA,SAV,3.0
ROA,SHD,1.0
OKC,ROA,5.0
LCK,ROA,17.0
GPT,ROA,6.0
PVU,ROA,1.0
FSM,ROA,3.0
EAU,ROA,1.0
PGV,ROA,2.0
ROA,XNA,2.0
ILM,ROA,5.0
MCI,ROA,2.0
ELP,ROA,1.0
LAS,ROW,7.0
ROW,STL,2.0
EIL,ROW,1.0
ALM,ROW,707.0
ABQ,ROW,20692.0
ROW,SVC,6.0
CNM,ROW,2317.0
LRU,ROW,3.0
ATL,ROW,3.0
ROW,YIP,3.0
ORD,ROW,3.0
MHR,ROW,1.0
JFK,ROW,3.0
BWI,ROW,1.0
MIA,ROW,5.0
LAX,ROW,154.0
IND,ROW,6.0
ROW,TOL,1.0
ROW,SFO,4.0
ROW,SLC,14.0
FMN,ROW,9.0
FWA,ROW,7.0
CDC,ROW,1.0
MCI,ROW,3.0
ROW,RUI,2.0
ROW,SEA,2.0
EWR,ROW,2.0
MSP,ROW,3.0
ROW,TUS,3.0
ROW,SAN,1.0
ILN,ROW,1.0
LCK,ROW,1.0
ANC,ROW,2.0
DOV,ROW,2.0
ROW,XNA,1.0
LBB,RUI,3.0
ALM,RUI,83.0
ABQ,RUI,271.0
BTV,RUT,6.0
BDL,RUT,2.0
RUT,SYR,2.0
CMH,RUT,1.0
CLT,SAD,1.0
CLE,MBS,16710.0
BWI,MBS,2.0
MBS,SYR,2.0
LAS,MBS,8.0
LAX,MBS,11.0
MBS,MSP,15096.0
BOS,MBS,17.0
MBS,PVD,11.0
BDL,MBS,20.0
LGA,MBS,99.0
MBS,MCO,7.0
MBS,PHX,8.0
ICT,MBS,6.0
MBS,SEA,6.0
MBS,PHL,221.0
GRB,MBS,16.0
MBS,PWM,2.0
HVN,MBS,1.0
GRR,MBS,47.0
IAD,MBS,5.0
MBS,SJC,3.0
MBS,MKE,23.0
LEX,MBS,6.0
MBS,SNA,9.0
MBS,SAN,11.0
MBS,MHT,7.0
MBS,SFO,6.0
CMH,MBS,7.0
IND,MBS,8.0
DCA,MBS,9.0
MBS,TVC,28.0
FLL,MBS,3.0
MBS,PBI,4.0
MBS,PIT,5532.0
IAH,MBS,1.0
MBS,SAV,1.0
ABE,MBS,9.0
MBS,ROC,7.0
MBS,MCI,31.0
MBS,MSY,3.0
BNA,MBS,9.0
BTV,MBS,3.0
ATW,MBS,2.0
MBS,RFD,11.0
MBS,PDX,5.0
CLT,MBS,10.0
MBS,RNO,1.0
CWA,MBS,2.0
FWA,MBS,6.0
MBS,STL,5.0
MBS,MQT,7.0
JFK,MBS,17.0
MBS,RIC,2.0
ANC,MBS,2.0
MBS,MIA,2.0
MBS,TUL,1.0
JAX,MBS,3.0
MBS,SBN,4.0
GSO,MBS,2.0
GSP,MBS,3.0
DET,MBS,1.0
DSM,MBS,3.0
MBS,OGD,1.0
MBS,TYR,1.0
AZO,MBS,6.0
MBS,OKC,10.0
CLL,MBS,2.0
LIT,MBS,8.0
ELP,MBS,5.0
AGS,MBS,2.0
MBS,SLC,1.0
AVP,MBS,2.0
MBS,PUB,2.0
CVG,MBS,2.0
MBS,SHV,40.0
FSD,MBS,6.0
CID,MBS,4.0
MBS,TLH,1.0
IMT,MBS,2.0
MBS,MDT,1.0
MBS,PGV,1.0
LCK,MBS,2.0
ITH,MBS,1.0
MBS,SVH,1.0
BMG,MBS,2.0
CAE,MBS,2.0
MBS,SUS,1.0
MBS,PWK,1.0
MBS,SLN,1.0
CRW,MBS,1.0
MBS,XNA,1.0
ELM,MBS,1.0
GRK,MBS,1.0
GRI,MBS,2.0
MBS,SGF,2.0
EVV,MBS,1.0
BGM,MBS,1.0
ERI,MBS,1.0
OAK,SNS,19.0
BFI,YKM,4.0
MOT,SEA,2.0
GEG,SEA,345387.0
BIL,SEA,20067.0
BFI,SEA,230.0
BFI,GEG,3954.0
SEA,SKA,1.0
JFK,SEA,48907.0
LWS,SEA,41515.0
HNL,SEA,45936.0
SEA,SJC,155638.0
PDX,SEA,565707.0
ANC,SEA,293248.0
BFI,PDX,11622.0
BFI,SJC,38.0
EDF,SEA,7.0
ANC,BFI,459.0
FAI,SEA,22132.0
CLE,SEA,6261.0
CLT,SEA,16056.0
LAS,SEA,140068.0
KTN,SEA,62628.0
SEA,SMF,118892.0
PIT,SEA,32797.0
EAT,SEA,91388.0
CVG,SEA,36151.0
HSV,SEA,179.0
DSM,SEA,72.0
MWH,SEA,19148.0
BLI,SEA,146190.0
BFI,BLI,12.0
SEA,STL,54673.0
MKE,SEA,2587.0
SEA,SNA,86904.0
PDT,SEA,464.0
MSP,SEA,101834.0
LAX,SEA,303104.0
MCI,SEA,14747.0
BFI,LAX,288.0
ABQ,SEA,9231.0
IAD,SEA,42183.0
GTF,SEA,15039.0
ALW,SEA,39573.0
CLM,SEA,70830.0
SEA,SLC,121440.0
SEA,SFO,305184.0
BFI,SFO,1088.0
COS,SEA,1954.0
LMT,SEA,23.0
MSO,SEA,26652.0
BFI,MSP,97.0
FSD,SEA,35.0
SEA,SUX,8.0
FCA,SEA,18874.0
BFI,KTN,36.0
SAN,SEA,88197.0
BFI,SNA,45.0
BFI,PIT,4.0
RAP,SEA,183.0
OKC,SEA,76.0
SEA,TWF,935.0
IDA,SEA,1374.0
IND,SEA,1789.0
PHL,SEA,22893.0
BFI,MWH,3.0
BFI,LAS,24.0
LGA,SEA,8.0
BWI,SEA,1600.0
BFI,ILN,5071.0
BDL,SEA,31.0
BIS,SEA,26.0
ILN,SEA,63.0
BFI,CLT,6.0
BFI,SAN,52.0
CYS,SEA,24.0
RST,SEA,13.0
BDL,BFI,7.0
BFI,IAB,17.0
AMA,SEA,33.0
GJT,SEA,14.0
ICT,SEA,222.0
BFI,BIL,33.0
BFI,MFR,4.0
BFI,STL,20.0
BFI,SMF,74.0
BNA,SEA,7628.0
BFI,EKO,2.0
BRO,SEA,2.0
BFI,TWF,3.0
LCK,SEA,55.0
BFI,CLE,17.0
BFI,RFD,3982.0
BFI,DSM,207.0
PIH,SEA,315.0
ROC,SEA,3.0
BFI,NZY,3.0
MHR,SEA,9.0
PVD,SEA,7.0
BYH,SEA,24.0
DCA,SEA,9908.0
LIT,SEA,11.0
BFF,SEA,9.0
BFI,FSD,41.0
BFI,SLC,115.0
BFI,PHL,58.0
BFI,CIC,1.0
SEA,SLN,1.0
BFI,CAE,51.0
BFI,LCK,35.0
BFI,HNL,5.0
GCC,SEA,2.0
LKE,SEA,567.0
LUF,SEA,2.0
BFI,MSO,7.0
MSY,SEA,19.0
SAF,SEA,1.0
SCK,SEA,12.0
RFD,SEA,78.0
BFI,RAP,26.0
BFI,MHR,129.0
ODW,SEA,2115.0
LKE,ODW,883.0
BFI,GSO,2.0
FWA,SEA,1893.0
BFI,TUL,3.0
BFI,FAI,17.0
BFI,LGA,9.0
BFI,BWI,15.0
GGG,SEA,2.0
BFI,LWS,7.0
BFI,GPT,1.0
BFI,ICT,4.0
SAT,SEA,74.0
BFI,SAT,27.0
BFI,MCI,15.0
BFI,GTF,21.0
SBA,SEA,5431.0
BFI,MKE,12.0
BFI,FWA,3.0
BFI,CVG,877.0
AEX,SEA,15.0
BHM,SEA,33.0
MGM,SEA,2.0
BFI,PUB,9.0
ADQ,BFI,1.0
LAW,SEA,3.0
SEA,WRB,1.0
BFI,END,1.0
HIK,SEA,1.0
CMH,SEA,19.0
BFI,EIL,3.0
EIL,SEA,13.0
BFI,BNA,2.0
LSV,SEA,4.0
ABQ,BFI,2.0
BTR,SEA,7.0
SBN,SEA,11.0
BFI,IND,16.0
BFI,MSY,8.0
CLM,LKE,3962.0
BFI,CLM,23883.0
BFI,OKC,33.0
LKE,MVW,82.0
JAX,SEA,7.0
BFI,FLL,2.0
MVW,SEA,3478.0
BFI,LBF,1.0
BFI,GJT,2.0
SEA,SPS,27.0
NIP,SEA,1.0
BFI,CPR,1.0
HON,SEA,1.0
BFI,BIS,6.0
BFI,LKE,57.0
BFI,MTJ,6.0
BFI,IAD,13.0
BFI,SBN,4.0
BFI,SUX,2.0
SEA,XNA,4.0
SEA,SYR,27.0
GBG,SEA,1.0
RCA,SEA,2.0
BLI,LKE,18.0
AEX,BFI,2.0
BFI,EVV,1.0
EVV,SEA,1.0
BFI,HSV,1.0
BFI,BHM,1.0
BFI,RIV,1392.0
RIV,SEA,27.0
BFI,MHK,2.0
NZY,SEA,6.0
BFI,EAT,2.0
BFI,ODW,5913.0
LBF,SEA,1.0
BFI,GRB,5.0
BFI,LNK,2.0
GFK,SEA,12.0
SEA,STS,2263.0
BFI,BFL,3.0
CID,SEA,5.0
BFF,BFI,1.0
LEX,SEA,2.0
BFI,DAY,1.0
DQF,SEA,3.0
BFI,CMH,3.0
BFI,OGG,1.0
LKE,PWT,289.0
GRB,SEA,7.0
SEA,TYS,10.0
BFI,JFK,24.0
LKE,PDX,2.0
BFI,PWT,2.0
BFI,LSV,2.0
SEA,SWO,3.0
BFI,MKC,4.0
BFI,GRR,1.0
BFI,GRI,1.0
FLL,SEA,3.0
BFI,HIK,1.0
LKE,SHN,1.0
AZA,SEA,1.0
SEA,SHV,8.0
MKC,SEA,2.0
BKL,SEA,4.0
ATY,BFI,1.0
BFI,ELN,2.0
DOV,SEA,2.0
SBP,SEA,1.0
BFI,CEC,2.0
LIT,SER,10.0
ORH,SER,1.0
LRD,SER,12.0
SER,YNG,1.0
PNE,SER,1.0
MMI,SER,1.0
MEM,SER,1.0
CRW,SER,1.0
MCI,SER,2.0
SER,SHV,2.0
BFM,SER,1.0
SNL,TUL,1.0
JFK,SHN,2.0
MIA,SKA,1.0
GEG,GTF,25366.0
GEG,LAX,7719.0
GEG,MSP,36415.0
GEG,PDX,156664.0
GEG,SJC,42.0
ANC,GEG,63.0
GEG,KTN,5.0
FCA,GEG,33632.0
CLE,GEG,3.0
GEG,MWH,5526.0
EAT,GEG,7225.0
GEG,PIT,4.0
GEG,STL,11.0
GEG,PIH,17.0
GEG,SMF,3772.0
GEG,RAP,10.0
GEG,SFO,29214.0
GEG,SLC,65688.0
CLM,GEG,2.0
GEG,JAC,3.0
GEG,LWS,10703.0
GEG,MSO,27870.0
GEG,JFK,4.0
GEG,HNL,19.0
BIL,GEG,13856.0
BIS,GEG,25.0
FSD,GEG,16.0
GEG,TWF,42.0
GEG,SAN,2443.0
GEG,SNA,8.0
GEG,MKE,8.0
BLI,GEG,14.0
GEG,SKA,3.0
GEG,MOT,1.0
GEG,JNU,1.0
CLT,GEG,10.0
CVG,GEG,23.0
GEG,IDA,19.0
GEG,LAS,9741.0
FAI,GEG,1.0
GEG,MIA,4.0
GEG,SAT,5.0
BNA,GEG,7.0
GEG,IAD,11.0
GEG,PHL,12.0
DSM,GEG,2650.0
GEG,MCI,13.0
GEG,IND,45.0
GEG,LGD,2350.0
GEG,LGA,5.0
EAT,SKA,1.0
FWA,GEG,3.0
GEG,PDT,7152.0
SFF,YKM,38.0
BWI,GEG,5.0
LGD,SFF,22.0
GEG,ILN,50.0
GEG,SBN,4.0
GEG,GJT,10.0
GEG,SFF,3.0
LWS,SFF,47.0
PDT,SFF,18.0
EAT,SFF,18.0
MWH,SFF,25.0
ABQ,GEG,6.0
ORD,SKA,1.0
GEG,GRB,2.0
COS,GEG,19.0
CLL,GEG,1.0
DCA,GEG,5.0
GEG,GRI,2.0
GEG,MSY,3.0
ALO,GEG,2.0
GEG,NKX,1.0
GEG,STC,2.0
ATY,GEG,4.0
GEG,LNK,1.0
EDF,SKA,1.0
GEG,LCH,2.0
FYV,GEG,1.0
FBK,GEG,1.0
GEG,MCO,1.0
GEG,MHR,110.0
GEG,SGF,1.0
BFF,GEG,4.0
GEG,OKC,3.0
GEG,RFD,10.0
GEG,OGD,1.0
GEG,LGU,1.0
AMA,GEG,1.0
IRS,RIC,1.0
IRS,MCI,1.0
PIT,TTN,3508.0
PHL,TTN,51.0
GSO,TTN,7514.0
RIC,TTN,621.0
PVD,TTN,293.0
IAD,TTN,247.0
LGA,TTN,134.0
FLL,TTN,2.0
BNA,TTN,6.0
TTN,TYS,1.0
BKL,TTN,4.0
MEM,TTN,1.0
MDT,TTN,4.0
SYR,TTN,1.0
DET,TTN,1.0
PNE,TTN,1.0
AUS,TTN,1.0
ALB,TTN,2.0
CLE,TTN,4.0
BWI,TTN,60.0
MHK,TTN,2.0
JLN,TTN,1.0
CHO,TTN,3.0
SCE,TTN,1.0
ILM,TTN,4.0
GNV,TTN,2.0
PDX,TTN,2.0
ABE,TTN,1.0
SAV,TTN,1.0
MKE,TTN,4.0
HVN,TTN,5.0
GLH,TTN,1.0
CKB,TTN,2.0
SBN,TTN,2.0
BFM,TTN,1.0
ORD,TTN,1.0
MSP,TTN,1.0
HOU,TTN,1.0
BDL,TTN,1.0
AZA,TTN,1.0
BOS,TKF,1.0
SMF,VIS,3.0
SJC,VIS,3.0
VIS,VWD,1.0
VGT,VIS,1093.0
LAS,VIS,1195.0
BFL,VIS,3.0
MAE,VIS,1.0
ICT,MCI,9280.0
DCA,ICT,1153.0
ABQ,ICT,172.0
ICT,IND,358.0
ICT,MSP,12303.0
ICT,SGF,5624.0
ICT,STL,61954.0
ICT,SNA,41.0
DSM,ICT,87.0
ICT,PIT,635.0
ICT,LGA,48.0
BWI,ICT,119.0
CLE,ICT,58.0
CLT,ICT,29.0
ICT,LAS,7119.0
COS,ICT,1633.0
ICT,OKC,3123.0
ICT,SLC,899.0
ICT,PHL,36.0
CVG,ICT,7036.0
ICT,SAN,64.0
ICT,LAX,1226.0
IAD,ICT,34.0
CID,ICT,14.0
ICT,SJC,10.0
ICT,JFK,35.0
ICT,SFO,20.0
BMI,ICT,24.0
ICT,MKE,35.0
BNA,ICT,36.0
CMH,ICT,41.0
BGR,ICT,25.0
ICT,LIT,145.0
FYV,ICT,4.0
ICT,MAF,2.0
FMN,ICT,2.0
FLL,ICT,6.0
ICT,SUS,2.0
ICT,SMF,5.0
GJT,ICT,5.0
ICT,TWF,2.0
ICT,LSE,3.0
ICT,SAT,28.0
GRR,ICT,13.0
FWA,ICT,14.0
ICT,JAN,1.0
ICT,LCK,8.0
ICT,RFD,32.0
ICT,PDX,6.0
ICT,TYS,24.0
ICT,XNA,21.0
ICT,RWI,5.0
ICT,MSY,62.0
FSD,ICT,82.0
ICT,ILN,2323.0
ICT,SHV,134.0
GCK,ICT,5279.0
GTF,ICT,137.0
ICT,SBN,7.0
IAB,YIP,1.0
AMA,ICT,10.0
BDL,ICT,7.0
ICT,LAF,1.0
AEX,ICT,4.0
DDC,ICT,17.0
ICT,MHR,10.0
ICT,NZY,3.0
ICT,MHK,4.0
FSM,ICT,3.0
GSO,ICT,23.0
BHM,ICT,17.0
GGG,ICT,2.0
CAE,ICT,19.0
DQF,ICT,3.0
BIS,ICT,2.0
ICT,MKC,3.0
BRO,ICT,13.0
ICT,PWK,2.0
ICT,JAX,5.0
IAB,XXW,1.0
ICT,SYR,5.0
ICT,RIC,8.0
ALB,ICT,1.0
CPR,ICT,2.0
GFK,ICT,6.0
CHA,ICT,28.0
ICT,YNG,2.0
CHS,ICT,5.0
CRW,ICT,2.0
EVV,ICT,7.0
ICT,SDM,56.0
ICT,RST,1.0
ICT,LEX,10.0
BIL,ICT,47.0
ICT,ROA,5.0
ICT,SKY,3.0
AVP,ICT,3.0
ICT,SCK,3.0
ICT,XXW,2.0
ICT,IPL,53.0
CLL,ICT,23.0
BWG,ICT,4.0
ICT,ROC,5.0
ICT,MGM,4.0
HUT,ICT,3.0
ICT,MKG,2.0
AVL,ICT,4.0
ABE,ICT,9.0
ICT,PVD,3.0
IAB,RDU,1.0
ICT,MKT,1.0
ICT,ISO,2.0
ICT,YKM,1.0
DBQ,ICT,1.0
ICT,LFT,1.0
ICT,SLN,5.0
IAB,MIB,1.0
ICT,ILM,1.0
BTR,ICT,6.0
CHS,IAB,50.0
ICT,ULS,1.0
CSG,ICT,4.0
GPT,ICT,15.0
ANC,IAB,14.0
CMI,ICT,4.0
IAB,PDX,12.0
ALO,ICT,5.0
CRP,ICT,13.0
ICT,MYR,1.0
BTV,ICT,2.0
ICT,MHT,2.0
HSV,ICT,14.0
ICT,MDT,4.0
ACT,IAB,1.0
ICT,TLH,2.0
ICT,TTN,1.0
BJJ,LRD,1.0
ICT,YKN,1.0
ABR,MSP,33702.0
ABR,GRB,1.0
ABR,ATY,7978.0
ABR,STC,1444.0
ABR,FSD,5830.0
ABR,RAP,6.0
ABR,JMS,3146.0
ABR,LAW,1.0
ABR,ROC,1.0
ABR,BKX,1.0
ABR,BRD,2.0
ABR,ANC,2.0
ABR,AUS,1.0
ABR,IAD,3.0
AMA,PDX,17.0
AMA,SJC,15.0
AMA,IND,15.0
ABQ,AMA,26767.0
AMA,STL,73.0
AMA,SFO,28.0
AMA,SLC,67.0
AMA,OKC,83.0
AMA,COS,54.0
AMA,CLT,4.0
AMA,JAN,4.0
AMA,MCI,57.0
AMA,SAT,51.0
AMA,PHL,3.0
AMA,FLL,2.0
AMA,LAS,10011.0
AMA,SAN,30.0
AMA,SNA,6.0
AMA,SMF,14.0
AMA,LAX,63.0
AMA,MIA,13.0
AMA,BNA,92.0
AMA,DCA,3.0
AMA,MSY,14.0
AMA,CMH,7.0
AMA,SPS,53.0
AMA,LGA,2.0
AMA,BWI,20.0
AMA,AZO,1.0
AMA,PIT,15.0
AMA,CVG,9.0
AMA,GJT,5.0
ADS,AMA,1.0
AMA,LEX,4.0
AMA,MSP,15.0
AMA,SJT,5.0
AMA,LSE,1.0
AMA,GSO,2.0
AMA,HSV,2.0
AMA,LNK,1.0
AMA,BDL,1.0
AMA,LIT,15.0
AMA,SHV,16.0
AMA,EVV,2.0
AMA,RAP,3.0
AMA,MTJ,1.0
AMA,CRP,23.0
AMA,TYS,6.0
AMA,BOS,2.0
AMA,DSM,3.0
AMA,DRO,1.0
AMA,OGD,1.0
AMA,CLE,13.0
AMA,LSV,4.0
AMA,SGF,173.0
AMA,MOB,3.0
AMA,RIV,3.0
AMA,SDM,4.0
AMA,BHM,5.0
AMA,CHS,1.0
AMA,DRT,1.0
AMA,CID,3.0
AMA,BTR,3.0
AMA,RDU,8.0
AMA,LSF,1.0
AMA,CAE,2.0
AMA,LCH,2.0
AMA,JAX,3.0
AMA,SBA,2.0
AFW,AMA,3.0
AFW,TDW,1.0
AMA,JLN,1.0
AMA,PVD,1.0
AMA,JAC,3.0
AMA,ILN,2.0
AMA,ANC,1.0
AMA,DPA,1.0
AMA,SUS,11.0
AMA,FSM,2.0
AMA,MWH,2.0
AMA,PNS,3.0
AMA,GPT,3.0
AMA,GRK,1.0
AMA,MSN,1.0
AMA,TCL,1.0
AMA,STJ,2.0
AMA,BUF,2.0
AMA,GRI,2.0
AMA,MYR,1.0
AMA,MCN,2.0
AMA,FNT,1.0
AMA,MKE,5.0
AMA,ROW,1.0
AMA,XNA,2.0
AID,AVL,7.0
AID,MDT,1.0
AID,MDW,3.0
AID,MIA,1.0
AID,BOS,1.0
AND,ELP,1.0
AND,CAE,3.0
AND,CVG,1.0
AND,BHM,1.0
AND,BWI,12.0
AND,TLH,16.0
AND,TCL,8.0
AND,CHO,16.0
AND,LUK,2.0
AND,LEX,1.0
AND,MDW,1.0
AND,LRD,4.0
AND,OKK,2.0
AND,IAD,2.0
AND,FWA,1.0
AND,ATL,2.0
AND,CLT,4.0
AND,GRR,1.0
AND,PWK,1.0
AND,PHL,1.0
AND,TPA,1.0
AND,GTR,2.0
AND,PGV,6.0
AND,GSP,1.0
AND,CLL,1.0
AND,LYH,2.0
AND,CLE,2.0
AND,CMI,2.0
ANB,BDL,1.0
ANB,LNK,1.0
ANB,LCH,4.0
AEX,ANB,2.0
ANB,BHM,1.0
ANB,CLT,75.0
ANB,WFB,6.0
ANB,SHV,4.0
ANB,CMI,3.0
ANB,CGI,1.0
ANB,PUW,1.0
ANB,LCK,1.0
ANB,BWI,1.0
ANB,TYS,2.0
ANB,MIA,1.0
ATW,CMI,3.0
ATW,GRB,7720.0
ATW,IAD,7.0
ATW,MSP,42013.0
ATW,MKE,45793.0
ATW,LEX,10.0
ATW,LSE,4.0
ATW,SBN,1067.0
ATW,GRR,9.0
ATW,FWA,250.0
ATW,ESC,658.0
ATW,MCO,2.0
ATW,MYR,1.0
ATW,CVG,23855.0
ATW,BHM,3.0
ATW,BDL,2.0
ATW,BGR,0.0
ATW,FSD,1.0
ATW,MCI,5.0
ATW,IND,709.0
ATW,DFW,5.0
ATW,CKB,0.0
ATW,BIS,2.0
ATW,AZO,1.0
ATW,LAX,2.0
ATW,ILN,1586.0
ATW,MKC,1.0
ATW,CLT,8.0
ATW,LAS,375.0
ATW,BNA,6.0
ATW,PHL,14.0
ATW,SFO,2.0
ATW,AUS,1.0
ATW,MIA,3.0
ALB,ATW,1.0
ATW,SYR,4.0
ATW,MSY,2.0
ATW,DCA,2.0
ATW,JAX,2.0
ATW,TVC,18.0
ATW,RST,19.0
ATW,STL,2.0
ATW,MHT,1.0
ATW,DSM,8.0
ATW,BUF,2.0
ATW,CLE,6.0
ATW,SAN,3.0
ATW,PIT,1.0
ATW,PVD,2.0
ATW,SAT,1.0
ABQ,ATW,2.0
ATW,LGA,2.0
ATW,JFK,2.0
ABE,ATW,2.0
ATW,NZC,1.0
ATW,IMT,6.0
ATW,FLL,1.0
ATW,XNA,3.0
ATW,SPI,3.0
ATW,SGF,120.0
ATW,SWO,3.0
ATW,PHX,2.0
ATW,SEA,4.0
ATW,OAK,1.0
ATW,MQT,13.0
ATW,MDT,1.0
ATW,BTV,1.0
ATW,EAU,6.0
ATW,MGM,2.0
ATW,CID,413.0
ATW,HOU,1.0
ATW,IAH,1.0
ATW,BWI,3.0
ATW,PDX,2.0
ATW,SJC,1.0
BBC,GMU,1.0
BPT,LFT,42.0
BPT,LCH,1039.0
BPT,CLE,5.0
BPT,SHV,21.0
BPT,DCA,6.0
BPT,CLL,11.0
BPT,ESF,5.0
BPT,EWR,3.0
BPT,MOB,23.0
BPT,LRD,4.0
BPT,BTR,34.0
BPT,LIT,222.0
BPT,MSY,3465.0
BPT,GPT,22.0
BPT,MLU,14.0
AEX,BPT,16.0
BPT,PNS,18.0
BPT,STL,17.0
BPT,MIA,4.0
BPT,GTR,2.0
BPT,CMH,6.0
BPT,OKC,5.0
BPT,LAX,1.0
BPT,IND,15.0
BPT,LAS,5.0
BPT,CVG,14.0
BPT,JAX,18.0
BPT,CRP,6.0
BPT,GSO,18.0
BPT,LGA,6.0
BOS,BPT,5.0
BPT,OMA,3.0
BHM,BPT,25.0
BPT,CAE,9.0
BPT,ICT,6.0
BPT,FLL,2.0
BPT,DAY,8.0
BPT,CLT,31.0
BPT,SAV,7.0
BPT,VCT,2.0
BPT,DTW,5.0
BPT,CHS,16.0
BPT,LEX,5.0
BPT,IAD,7.0
BPT,SAT,2.0
AMA,BPT,1.0
BPT,RDU,18.0
BPT,SLC,16.0
BPT,MKE,13.0
BPT,GSP,9.0
BPT,ORD,9.0
AGS,BPT,2.0
BPT,TUS,3.0
BPT,BWI,5.0
BPT,HSV,3.0
BPT,CRW,2.0
BPT,PIT,11.0
BNA,BPT,15.0
BPT,MCI,6.0
BPT,TLH,5.0
BPT,TUL,3.0
BPT,RIC,8.0
BPT,SJC,1.0
BPT,TYS,3.0
BPT,GRR,1.0
BPT,BRO,3.0
BPT,MCO,2.0
BPT,PBI,9.0
BPT,COS,3.0
ATY,BPT,5.0
BPT,JFK,2.0
BPT,DQF,1.0
BPT,CHA,2.0
BPT,XNA,1.0
BPT,TPA,3.0
BPT,SAN,1.0
BPT,MSP,1.0
BPT,OGG,1.0
BPT,TOL,1.0
BPT,PDX,1.0
BPT,GRK,1.0
BPT,SFO,1.0
BLI,BPT,1.0
BPT,MDW,1.0
BIL,CLE,5.0
BIL,FCA,2985.0
BIL,LAS,2294.0
BIL,GTF,15829.0
BIL,MSP,41345.0
BIL,MSO,12012.0
BIL,SLC,58249.0
BIL,RAP,18.0
BIL,LWS,13.0
BIL,CVG,732.0
BIL,PHL,5.0
BIL,PDX,4325.0
BIL,IDA,19.0
ABR,BIL,1.0
BIL,BIS,28.0
ANC,BIL,7.0
BIL,BRL,1.0
BIL,PIT,2.0
BIL,ELP,1.0
BIL,LAX,131.0
BIL,HNL,2.0
BIL,MWH,16.0
BIL,MSY,3.0
BIL,LCK,3.0
BIL,FSD,61.0
BIL,CID,37.0
BIL,IND,39.0
BIL,GFK,18.0
BIL,MCI,17.0
BIL,TYS,2.0
BIL,CIC,1.0
ATW,BIL,1.0
BIL,GCC,1375.0
BIL,ISN,156.0
BIL,RST,16.0
BIL,SNA,4.0
BIL,TWF,5.0
BIL,ILN,1964.0
BFF,BIL,2.0
ABQ,BIL,8.0
BIL,GGG,8.0
BIL,EWR,3.0
BIL,HSV,3.0
BIL,MKE,16.0
BIL,PIH,7.0
BIL,SYR,1.0
BIL,RFD,4.0
BIL,IAD,6.0
BIL,CHA,4.0
BIL,FLL,1.0
BIL,STL,14.0
BIL,DSM,40.0
BIL,SGF,625.0
BIL,SHR,2209.0
BIL,SLN,1.0
BIL,BTR,1.0
BIL,CYS,10.0
BIL,SBA,2.0
BIL,SFO,29.0
BHM,BIL,3.0
BIL,CLT,1.0
BIL,BOS,2.0
BIL,DCA,1.0
BIL,RDD,1.0
BIL,MDW,1.0
BIL,OKC,7.0
BIL,PDT,1.0
BIL,MKC,2.0
BIL,KTN,2.0
BIL,FNT,1.0
BIL,MGY,1.0
BIL,GJT,14.0
BIL,COS,48.0
BIL,JFK,3.0
BIS,GTF,9.0
BIS,FSD,1936.0
BIS,MSP,69487.0
BIS,SLC,2305.0
BIS,RAP,28.0
BIS,BZN,6.0
BIS,RNO,2.0
BIS,PDX,7.0
BIS,MSO,10.0
BIS,JFK,1.0
BIS,GFK,5727.0
BIS,MBS,1.0
ABQ,BIS,1.0
ABR,BIS,2.0
BIS,MCO,1.0
BIS,DSM,4.0
BIS,MDW,2.0
BIS,BTV,1.0
BIS,MTJ,0.0
BIS,GRR,1.0
BIS,DIK,414.0
BIS,FCA,4.0
BIS,ISN,1385.0
BIS,STL,2.0
BIS,BNA,0.0
BIS,LAS,1938.0
BIS,MIA,1.0
BIS,MCI,1.0
BIS,IND,6.0
BIS,MSY,8.0
BIS,LAX,2.0
BIS,RIC,2.0
BIS,IMT,1.0
BIS,SUS,1.0
BIS,GSP,1.0
BIS,CVG,2.0
ATL,BIS,1.0
BIS,BUF,6.0
BIS,SFO,2.0
BIS,COS,12.0
BIS,PIA,1.0
BIS,LWS,1.0
BIS,JMS,2.0
BIS,IDA,2.0
BIS,HLN,5.0
BIS,SYR,1.0
BIS,IAD,4.0
BIS,SBN,1.0
BIS,TCM,1.0
AFW,BIS,1.0
BIS,LNK,1.0
BIS,PVD,2.0
BFD,PIT,12675.0
BFD,JHW,6863.0
BFD,LBL,27.0
BFD,RDG,1.0
BFD,CKB,1.0
BFD,SCE,1.0
BFD,CLE,1504.0
BFD,IAD,860.0
APF,BFD,1.0
BRD,GCC,1.0
BRD,MSP,28611.0
BRD,FSD,2.0
BRD,SUX,1.0
BRD,STC,4325.0
BRD,PIR,1.0
BRD,TVC,2.0
BRD,MCW,1.0
BRD,DBQ,1.0
ATW,BRD,3.0
BRD,LNK,1.0
BRD,ESC,1.0
BRD,GFK,13.0
BRD,PIA,1.0
AUS,BRD,1.0
BRD,CWA,1.0
BRD,MQT,1.0
BRD,EAU,1.0
BIS,BRD,1.0
BRD,JMS,2170.0
BRD,SBN,1.0
BRD,RWI,1.0
BRD,RST,798.0
BRD,SAT,1.0
CAD,YIP,4.0
CAD,IAD,1.0
CAD,GRR,737.0
CAD,TVC,4.0
ABQ,CNM,13134.0
CNM,SVC,6.0
CNM,FMN,9.0
CNM,LRU,2.0
ALM,CNM,582.0
CNM,RUI,1.0
CNM,SSI,1.0
CYS,PHL,14.0
BOS,CYS,11.0
CYS,EWR,13.0
CYS,EUG,5.0
CYS,GEG,6.0
CYS,LAX,7.0
CYS,MSP,34.0
CYS,ELP,4.0
CYS,HOU,1.0
CLE,CYS,3.0
CYS,LGA,18.0
CYS,MSY,4.0
CYS,IAD,9.0
CYS,LNK,5.0
CYS,PHX,6.0
CYS,MCO,6.0
CYS,SLC,31.0
CYS,SFO,19.0
CYS,MKE,11.0
CYS,IAH,5.0
BFF,CYS,137.0
CYS,SMF,8.0
CYS,OKC,2.0
CYS,PDX,15.0
CYS,MCI,9.0
BDL,CYS,1.0
CYS,MDW,10.0
CYS,DSM,5.0
CYS,STL,12.0
BWI,CYS,11.0
CYS,SJC,5.0
CYS,SAT,2.0
CYS,SAN,9.0
CYS,SNA,5.0
CYS,ICT,2.0
CYS,SBA,2.0
COS,CYS,10.0
CYS,LAS,23.0
CYS,RAP,16.0
CYS,FSD,9.0
BIS,CYS,16.0
CYS,GRI,2.0
CYS,RKS,78.0
CYS,JAN,3.0
CYS,LAN,1.0
CYS,MIA,2.0
CYS,FAR,6.0
AUS,CYS,3.0
CYS,PIA,2.0
CID,CYS,6.0
CYS,SGF,3.0
CYS,GSP,1.0
CYS,MSN,6.0
CYS,OAK,7.0
CMH,CYS,3.0
CYS,MTJ,1.0
CLL,CYS,1.0
CYS,GJT,8.0
CYS,LBF,9.0
CHS,CYS,2.0
CYS,ISN,7.0
BNA,CYS,5.0
CYS,VEL,2.0
CYS,SAF,4.0
CYS,SHR,41.0
CYS,RIW,74.0
CYS,DIK,54.0
CYS,GCC,48.0
CYS,EAR,8.0
CYS,LBL,4.0
CYS,GCK,4.0
CLT,CYS,1.0
CYS,HYS,1.0
CYS,YIP,1.0
AMA,CYS,4.0
CVG,CYS,3.0
CYS,IND,7.0
ABQ,CYS,4.0
CYS,DCA,1.0
ANC,CYS,1.0
CYS,MFR,1.0
CYS,FMN,3.0
CYS,MHT,1.0
CYS,PIT,3.0
CYS,XNA,1.0
CYS,IDA,2.0
CHO,CYS,1.0
CYS,PIB,1.0
CYS,LIT,1.0
CYS,LCK,1.0
CYS,HLN,1.0
CYS,HIF,1.0
CYS,GRR,1.0
CYS,RIC,4.0
CYS,MSO,1.0
CYS,MEM,1.0
COU,MCI,3349.0
COU,MSY,7.0
COU,FSM,4.0
COU,STL,70173.0
COU,SGF,117.0
COU,SPI,5.0
COU,IAD,8.0
COU,SUX,4.0
CID,COU,302.0
CMI,COU,7.0
BRL,COU,5.0
COU,FYV,11.0
COU,SBN,3.0
BMI,COU,4.0
COU,JFK,4.0
COU,TBN,6.0
CGI,COU,3.0
COU,DEC,2.0
COU,LEX,5.0
COU,SAN,3.0
COU,HRO,1.0
BDL,COU,5.0
COU,SLC,2.0
COU,LIT,10.0
COU,LAX,2.0
BWI,COU,1.0
COU,TYS,2.0
COU,SNA,5.0
COU,DCA,2.0
ABQ,COU,751.0
COU,ICT,14.0
COU,FWA,80.0
COU,LAS,13.0
ALO,COU,4.0
CLT,COU,3.0
COU,SAT,20.0
COU,GRR,2.0
COU,EWR,3.0
COU,PIT,4.0
COU,MKE,4.0
COU,SEA,4.0
COU,MWA,3.0
BHM,COU,2.0
COU,CVG,1.0
COU,LGA,3.0
COU,OKC,223.0
COU,MSP,8.0
COU,HOU,4.0
CLE,COU,2.0
BOS,COU,1.0
COU,FLL,1.0
CHS,COU,2.0
ATW,COU,2.0
COU,GYY,2.0
COU,XNA,8.0
BRO,COU,2.0
COU,FSD,65.0
COU,EVV,1.0
AND,COU,1.0
COU,MCO,2.0
COU,SFB,0.0
COU,DET,3.0
CLL,COU,31.0
COS,COU,1372.0
COU,SWO,17.0
COU,ILN,2967.0
AHN,COU,1.0
AOH,COU,1.0
COU,RFD,3.0
COU,MHK,27.0
COU,MGM,5.0
COU,SUS,2.0
COU,DSM,44.0
COU,STC,2.0
COU,SMF,1.0
COU,JAX,2.0
COU,PWK,1.0
BUF,COU,2.0
AZO,COU,1.0
COU,SHV,15.0
COU,IND,4.0
BIL,COU,1.0
COU,GEG,5.0
CAE,COU,1.0
COU,MDT,1.0
BNA,COU,3.0
COU,PHL,4.0
COU,MKC,2.0
COU,SYR,3.0
COU,TUS,2.0
COU,FAR,1.0
BTL,COU,2.0
COU,SCE,3.0
COU,LAF,3.0
COU,LFT,1.0
COU,MFD,2.0
COU,IRK,7.0
COU,GTF,2.0
COU,PIB,1.0
COU,GSP,3.0
CAE,PNS,12.0
BNA,CAE,74.0
CAE,STL,17.0
CAE,CHS,7131.0
CAE,GSO,1791.0
CAE,PIT,2368.0
CAE,MDT,14.0
CAE,CVG,33739.0
BHM,CAE,173.0
CAE,GSP,1572.0
CAE,SAV,3531.0
ABE,CAE,26.0
CAE,RIC,107.0
CAE,CLT,87703.0
BWI,CAE,1828.0
CAE,CLE,49.0
CAE,LGA,16681.0
BDL,CAE,42.0
CAE,UCA,1.0
CAE,FLL,481.0
CAE,PBI,1685.0
CAE,MYR,10712.0
CAE,PHL,22792.0
CAE,DCA,13655.0
CAE,GNV,68.0
CAE,IAD,30030.0
CAE,SHV,28.0
CAE,IND,1292.0
CAE,CHA,38.0
CAE,MSY,41.0
CAE,TLH,27.0
CAE,PVD,53.0
CAE,JAX,3718.0
CAE,OAJ,13.0
CAE,CMH,23.0
CAE,FAY,27.0
CAE,JFK,787.0
CAE,LAS,8.0
CAE,HSV,12.0
CAE,ILM,34.0
CAE,SAN,6.0
CAE,TYS,267.0
AVL,CAE,8.0
CAE,SFO,3.0
CAE,SAT,39.0
CAE,MCI,18.0
BTR,CAE,54.0
CAE,LIT,27.0
CAE,CRW,12.0
CAE,OKC,9.0
CAE,ROC,7.0
CAE,LAX,28.0
CAE,SEA,5.0
CAE,PWM,11.0
CAE,PDX,36.0
CAE,POB,2.0
CAE,SNA,12.0
CAE,GPT,69.0
CAE,SLC,3.0
CAE,ILG,7.0
CAE,MHT,11.0
ACY,CAE,219.0
CAE,EWN,7.0
CAE,FLO,9.0
CAE,CSG,12.0
CAE,GTR,23.0
CAE,FTW,1.0
CAE,LEX,74.0
CAE,MHR,56.0
CAE,XNA,23.0
CAE,ILN,2827.0
CAE,TCL,31.0
CAE,MEI,6.0
CAE,LFT,14.0
CAE,CHO,12.0
BMI,CAE,2.0
CAE,GFK,2.0
CAE,NEW,2.0
CAE,DSM,5.0
CAE,PGV,1.0
AEX,CAE,8.0
CAE,CPS,1.0
CAE,SUS,1.0
CAE,EVV,2.0
CAE,MKE,11.0
CAE,JHW,1.0
CAE,LSF,1.0
CAE,HKS,1.0
CAE,COS,3.0
CAE,FYV,22.0
CAE,MKC,3.0
CAE,SBN,10.0
CAE,MSP,4.0
CAE,DEC,1.0
ART,CAE,1.0
CAE,FWA,13.0
CAE,SYR,8.0
CAE,RIV,2.0
BTV,CAE,3.0
BIL,CAE,1.0
CAE,OSH,3.0
CAE,RFD,8.0
BWG,CAE,3.0
CAE,SCE,5.0
CAE,MGM,4.0
CAE,GRR,4.0
CAE,RWI,2.0
CAE,PFN,1.0
CAE,NZY,2.0
CAE,MFD,1.0
CAE,SKY,10.0
CAE,GRB,2.0
CAE,CMI,1.0
CAE,MSN,1.0
CAE,HIF,1.0
CAE,SBY,1.0
DTW,MRC,4.0
CLE,MRC,10.0
BNA,MRC,3.0
ERI,MRC,1.0
IND,MRC,3.0
GRR,MRC,2.0
FSM,MRC,2.0
MRC,SAT,3.0
MRC,SHV,7.0
JAN,MRC,1.0
MBS,MRC,4.0
DRT,MRC,1.0
ELP,MRC,4.0
FWA,MRC,1.0
GYY,MRC,1.0
CLT,MRC,1.0
DAL,MRC,2.0
DFW,MRC,1.0
MRC,TUS,1.0
CVG,MRC,1.0
DET,MRC,1.0
DPA,MRC,1.0
MRC,ROA,1.0
MRC,TUL,1.0
MCI,MRC,5.0
MRC,SKY,1.0
MRC,STL,3.0
LIT,MRC,1.0
CSG,SYR,2.0
CLE,CSG,3.0
CSG,STL,6.0
CHA,CSG,8.0
CSG,TLH,10.0
CSG,MSY,9.0
CSG,PFN,29.0
CSG,GNV,21.0
LSF,PHL,2.0
CSG,MOB,17.0
CSG,MCO,1.0
BNA,CSG,17.0
CSG,SAV,5.0
BQK,CSG,3.0
CSG,FLO,7.0
CSG,PNS,9.0
CSG,MYR,5.0
CSG,DTW,2.0
CSG,HOU,5.0
CSG,MLU,6.0
CSG,VLD,7.0
CSG,ILM,5.0
CSG,FAY,10.0
CSG,JAX,2.0
CSG,GPT,17.0
CSG,GTR,22.0
CSG,LYH,1.0
CSG,EVV,6.0
BTR,CSG,21.0
CRW,CSG,7.0
CSG,SAT,37.0
CSG,OMA,3.0
CSG,MEI,13.0
BWI,CSG,6.0
CSG,PBI,1.0
CSG,GSO,2.0
CSG,MCI,6.0
CSG,MSP,1.0
CSG,IND,6.0
CSG,MGM,23.0
CSG,CVG,2.0
CRP,CSG,4.0
BDL,LSF,2.0
JFK,LSF,4.0
CSG,TYS,18.0
CLT,CSG,724.0
ABQ,CSG,2.0
CSG,OKC,6.0
BWI,LSF,6.0
CSG,RIC,2.0
LSF,PIT,2.0
CSG,IAD,4.0
CSG,XNA,17.0
CSG,TOL,2.0
CHO,CSG,7.0
CMI,CSG,3.0
CSG,FYV,5.0
CSG,NEW,2.0
CSG,LIT,11.0
CSG,LEX,16.0
AUS,CSG,9.0
AND,CSG,1.0
CSG,TTN,1.0
LSF,MEM,1.0
AEX,LSF,25.0
BTV,CSG,2.0
CSG,GSP,4.0
CHS,CSG,4.0
LSF,MSP,3.0
CSG,FLL,2.0
CSG,PHL,1.0
BIF,LSF,1.0
CSG,MDW,3.0
ABE,CSG,2.0
AVL,CSG,3.0
CSG,ISO,1.0
CSG,EYW,15.0
CSG,PHX,1.0
AEX,CSG,18.0
CSG,DSM,2.0
CSG,MDT,3.0
CSG,SNA,1.0
LSF,RIV,1.0
CSG,PIT,5.0
BWG,CSG,1.0
CSG,SHV,5.0
APF,CSG,5.0
CSG,FOE,1.0
CSG,TUS,3.0
BOS,LSF,1.0
AFW,CSG,1.0
CSG,FNT,1.0
LSF,RFD,1.0
CSG,LFT,4.0
CSG,LAX,4.0
CSG,SAN,2.0
CLL,CSG,3.0
ACY,CSG,2.0
IAH,LSF,1.0
ATW,CSG,1.0
CSG,SEA,1.0
LSF,RDU,1.0
CSG,MSN,1.0
CSG,LAS,2.0
LSF,PNS,1.0
CSG,HSV,1.0
CSG,LGA,1.0
CSG,SBN,1.0
LSF,POB,5.0
LSF,PAM,1.0
CSG,OAJ,3.0
CSG,SJC,2.0
CSG,GRK,2.0
LCK,LSF,1.0
BHM,CSG,12.0
CKB,CSG,5.0
CSG,LUK,2.0
CSG,PVD,2.0
LAS,LSF,4.0
CSG,MHT,1.0
CSG,SLC,1.0
AHN,CSG,1.0
CSG,EWN,1.0
LSF,RIC,1.0
CLU,PWK,1.0
CLT,CLU,2.0
BWI,CLU,2.0
CLU,LIT,4.0
CLU,SHV,3.0
CLU,IND,5.0
CLU,RWI,124.0
CLU,FSD,1.0
CLU,LUK,2.0
CLU,GSO,1.0
BNA,CLU,1.0
CLU,PNE,1.0
CLU,RDU,1.0
CLU,OLS,1.0
CHS,CLU,7.0
CLU,ELP,4.0
CAE,CLU,1.0
CLU,SAT,1.0
CLU,LCK,1.0
CLU,MIA,1.0
CLU,MHT,1.0
CLU,FWA,2.0
CLU,STL,3.0
CLU,RFD,6.0
CLU,TOL,1.0
DSM,GTR,2.0
GTR,ORD,1.0
GTR,MEI,25.0
ESF,GTR,1962.0
EVV,GTR,3.0
GTR,LFT,22.0
AEX,GTR,17013.0
GTR,HLN,1.0
ATL,UBS,1.0
GTR,ICT,1.0
GTR,UBS,1.0
GTR,XNA,11.0
GTR,TYS,33.0
GTR,MGM,11.0
GTR,LEX,39.0
GTR,TLH,4.0
FYV,GTR,19.0
ABQ,GTR,2.0
BTR,GTR,25.0
GNV,GTR,32.0
GTR,NEW,2.0
GTR,MSY,14.0
BNA,GTR,28.0
CBM,PAM,4.0
CBM,PFN,2.0
BGR,GTR,1.0
GTR,MDW,2.0
BUF,GTR,1.0
ATL,CBM,1.0
CBM,GTR,1.0
GTR,LIT,9.0
GTR,SHV,7.0
CLT,GTR,2.0
CVG,GTR,2.0
BHM,GTR,6.0
CKB,GTR,3.0
GPT,GTR,1.0
EWR,GTR,8.0
ACT,GTR,1.0
GTR,HSV,4.0
GTR,MKE,1.0
GTR,MCC,2.0
GTR,MIE,1.0
GTR,PUB,1.0
GTR,PDX,3.0
GTR,RIC,1.0
GTR,PHX,1.0
GTR,OKC,2.0
CLL,GTR,2.0
GTR,MKC,1.0
GTR,LAX,1.0
CMH,GTR,2.0
OLU,OMA,1.0
CMH,MSP,47182.0
CMH,MSY,60.0
CMH,DCA,77176.0
CMH,LAX,11162.0
CMH,IAD,35912.0
CMH,LIT,65.0
CMH,SHV,25.0
CMH,MCI,1985.0
CMH,IND,13456.0
CMH,GRR,189.0
CMH,STL,91004.0
BNA,CMH,19306.0
CMH,MKE,27696.0
CMH,PIT,58596.0
CMH,CVG,81376.0
CMH,GSO,712.0
CMH,MDT,62.0
CMH,CRW,43.0
CMH,LAS,44558.0
CMH,GRB,14.0
CMH,RIC,653.0
ANC,CMH,223.0
ANC,LCK,3429.0
CLE,CMH,46998.0
BWI,CMH,42374.0
CLT,CMH,68532.0
CMH,FLL,7963.0
CMH,PBI,338.0
CMH,PHL,76892.0
CMH,SFO,22.0
CMH,JAX,49.0
CMH,JFK,19097.0
CMH,LGA,113230.0
BDL,CMH,6878.0
CMH,EVV,17.0
BTV,CMH,15.0
CMH,FWA,49.0
ACY,CMH,193.0
CMH,CMI,52.0
AZO,CMH,8.0
CMH,SYR,78.0
CMH,ROC,52.0
CMH,SAN,478.0
CHS,CMH,13.0
CMH,DSM,21.0
CMH,PWM,14.0
CMH,SJC,14.0
FAI,LCK,68.0
CMH,FAI,1.0
CMH,TYS,40.0
CMH,TVC,3.0
ABQ,CMH,48.0
BRO,CMH,8.0
CMH,LEX,24.0
CMH,SNA,13.0
CMH,PVD,58.0
JFK,LCK,3206.0
EDF,LCK,5.0
AVP,CMH,39.0
ABE,CMH,82.0
CMH,GSP,48.0
CMH,TLH,8.0
CID,CMH,41.0
CMH,SLC,2655.0
BFF,CMH,2.0
LCK,MSP,3580.0
CEV,CMH,1.0
CMH,FAY,3.0
CMH,OGD,1.0
CMH,SBN,24.0
CMH,LCK,6.0
CMH,SUX,2.0
LCK,SFO,21.0
BDL,LCK,317.0
BHM,CMH,34.0
CMH,MHT,53.0
LCK,PDX,40.0
LAX,LCK,94.0
LCK,PHL,191.0
CMH,OKC,38.0
CMH,MYR,105.0
LCK,OKC,4.0
GEG,LCK,1.0
LCK,TUL,32.0
IND,LCK,3199.0
LCK,SAT,84.0
CMH,SAT,56.0
LCK,MCI,21.0
BYH,LCK,1.0
CMH,GCY,1.0
LCK,MDT,23.0
FWA,LCK,6.0
CVG,LCK,23.0
BNA,LCK,12.0
CLE,LCK,113.0
LCK,SJC,37.0
CMH,SAV,8.0
LCK,SYR,10.0
LCK,RFD,333.0
LCK,MHR,21.0
LCK,PIT,385.0
DSM,LCK,23.0
CMH,HSV,10.0
CMH,TCL,1.0
BMI,CMH,9.0
IAD,LCK,20.0
BMG,CMH,17.0
GNV,LCK,2.0
CMH,XNA,57.0
CHO,CMH,14.0
CMH,LAF,25.0
LCK,PWM,24.0
ADS,LCK,1.0
CAE,LCK,13.0
CMH,GEG,1.0
HNL,LCK,6.0
CMH,FSM,4.0
LCK,MKE,18.0
LCK,LEX,1.0
LCK,SAN,1.0
LCK,ROC,46.0
LCK,PVD,101.0
GSO,LCK,7.0
BGM,CMH,7.0
GSP,LCK,3.0
CMH,SUS,30.0
LAS,LCK,359.0
CMH,LSV,1.0
BWI,LCK,17.0
AVL,CMH,9.0
CMH,LFT,7.0
ABE,LCK,359.0
CID,LCK,10.0
FSD,LCK,2.0
LCK,PKB,922.0
CMH,SGF,12.0
CMH,GFK,8.0
CMH,YNG,12.0
BMG,LCK,3.0
CMH,SCE,60.0
LCK,SCE,12.0
BWG,CMH,4.0
LCK,MYR,676.0
FLL,LCK,8.0
LBB,LCK,1.0
CMH,FLO,1.0
FNT,LCK,1.0
CMH,MKC,3.0
GFK,LCK,4.0
LCK,LIT,10.0
LCK,YNG,3.0
GRR,LCK,1.0
CMH,MFD,2.0
CMH,HVN,2.0
HSV,LCK,2.0
EVV,LCK,2.0
LCK,STL,5.0
LCK,RIC,27.0
LCK,SAV,1.0
CMH,JST,1.0
LCK,TYS,5.0
LAF,LCK,9.0
CMH,LSE,4.0
DLH,LCK,3.0
CMH,HNL,2.0
CMH,SFB,1.0
LCK,RDG,5.0
CMH,CSG,2.0
GPT,LCK,4.0
LCK,LNK,1.0
CRW,LCK,2826.0
LCK,MHT,3.0
BKW,LCK,1.0
CMH,RWI,1.0
CMH,ILM,2.0
CMH,SMF,4.0
BTR,CMH,7.0
LCK,WQM,1.0
CMH,COS,26.0
CMI,LCK,10.0
CMH,UCA,1.0
CMH,GYY,2.0
CMH,DET,1.0
OSU,YIP,1.0
BIL,CMH,1.0
ATW,LCK,2.0
CVG,OSU,2.0
BKL,CMH,4.0
GSB,LCK,1.0
CMH,PDX,1.0
CMH,RFD,7.0
BTL,LCK,1.0
BTL,CMH,2.0
CMH,PKB,2.0
LCK,SBN,3.0
CMH,GNV,6.0
CMH,ILN,3.0
CMH,GPT,183.0
AND,CMH,1.0
DQF,LCK,4.0
CMH,HLM,1.0
CHA,CMH,178.0
CMH,PGD,438.0
LCK,RWI,1.0
CMH,MHK,1.0
OSU,PIT,1.0
CMH,RAP,4.0
CMH,GLH,2.0
BLI,CMH,441.0
CKB,CMH,3.0
CLT,LCK,12.0
LCK,LFT,1.0
ALO,CMH,2.0
CLL,CMH,16.0
AMA,LCK,1.0
CMH,LUK,2.0
CMH,STP,1.0
LCK,MSY,22.0
LCK,SHV,3.0
CMH,FSD,7.0
BRO,LCK,1.0
CAK,LCK,2.0
AFW,CMH,1.0
AEX,CMH,12.0
DNV,ORD,1.0
ESC,TVC,8.0
ESC,MQT,136.0
ESC,MSP,539.0
EAU,ESC,1359.0
APN,ESC,2.0
ESC,GRB,4.0
ESC,MKE,12311.0
ESC,IMT,3816.0
ESC,IND,8.0
FLO,MYR,31.0
FAY,FLO,42.0
FLO,ILM,23.0
FLO,OAJ,54.0
FLO,LYH,2.0
FLO,TOL,1.0
FLO,STP,1.0
EWN,FLO,18.0
CLT,FLO,24361.0
FLO,HKS,1.0
FLO,MSP,1.0
FLO,MCI,11.0
CHS,FLO,5.0
CVG,FLO,1.0
FLO,STL,1.0
BGM,FLO,1.0
ASN,FLO,1.0
BTV,FLO,7.0
FLO,OSH,1.0
FLO,MKG,1.0
BNA,FLO,1.0
CHA,FLO,4.0
FLO,PGV,1.0
FLO,GSP,2.0
FLO,ROA,1.0
FEP,IND,1.0
GCC,SHR,7002.0
GCC,RIW,4.0
GCC,RAP,274.0
GCC,IND,2.0
BFF,GCC,7.0
DIK,GCC,26.0
GCC,GTF,1.0
GCC,MSP,2.0
GCC,RKS,804.0
GCC,GCK,1.0
GCC,STL,1.0
GCC,ISN,601.0
GCC,SLC,1308.0
GPT,SAT,24.0
GPT,MSY,65.0
BTR,GPT,83.0
GPT,LCH,377.0
BNA,GPT,629.0
GPT,LFT,18.0
GPT,ILM,21.0
GPT,MEI,7.0
GPT,PNS,33.0
GPT,MGM,27.0
GPT,PFN,6.0
GPT,TLH,2.0
FLL,GPT,6535.0
AEX,GPT,10.0
CHS,GPT,35.0
GPT,TYS,52.0
GPT,SAV,16.0
CLT,GPT,3170.0
BWI,GPT,4.0
GPT,JAX,272.0
FAY,GPT,16.0
GPT,MSP,92.0
GPT,GSO,127.0
GPT,OKC,14.0
BHM,GPT,13.0
GPT,LGA,2.0
GPT,IND,27.0
CHA,GPT,30.0
GPT,SHV,8.0
GPT,MYR,12.0
GPT,PBI,112.0
GPT,GSP,47.0
GPT,MDT,10.0
GPT,IAD,14.0
ABQ,GPT,3.0
GPT,LAX,6.0
ELP,GPT,2.0
ACY,GPT,7.0
GPT,JFK,6.0
BTV,GPT,2.0
GPT,OPF,8.0
CDC,GPT,5.0
GPT,NKX,6.0
GPT,MKE,12.0
GPT,LAS,112.0
GPT,PIT,7.0
GPT,RFD,18.0
AVP,GPT,1.0
GPT,SGF,11.0
GPT,POB,1.0
GPT,PHX,1.0
GPT,MFR,1.0
GPT,OAK,1.0
GPT,LNK,2.0
GPT,PDX,4.0
GPT,GRB,2.0
GPT,LBF,1.0
GPT,PVD,1.0
DSM,GPT,1.0
CRW,GPT,4.0
CVG,GPT,14.0
GPT,MIB,1.0
GNV,GPT,10.0
FSD,GPT,2.0
GPT,PHL,11.0
CHO,GPT,2.0
GPT,IAB,1.0
GPT,RIC,8.0
AVL,GPT,6.0
CLE,GPT,21.0
ABE,GPT,2.0
DCA,GPT,1.0
GPT,LIT,9.0
GPT,SBN,12.0
GPT,MCI,12.0
GPT,STL,24.0
GLH,GPT,1.0
FWA,GPT,9.0
BIF,GPT,1.0
GPT,SFO,1.0
CRP,GPT,4.0
COS,GPT,1.0
GPT,SRW,1.0
GPT,HSV,12.0
GPT,XNA,4.0
AHN,GPT,1.0
GPT,YUM,1.0
GPT,TCM,1.0
HRO,STL,1.0
HOT,HRO,7859.0
HRO,LIT,19.0
HRO,JBR,47.0
HRO,MCI,1752.0
ELD,HRO,28.0
BDL,BNA,14885.0
BDL,STL,47457.0
BDL,MKE,15279.0
BDL,ROC,11140.0
BDL,PIT,62340.0
BDL,BTV,43.0
BDL,CVG,52192.0
BDL,MDT,386.0
BDL,CHS,30.0
BDL,MHT,320.0
BDL,GSO,468.0
BDL,PVD,6904.0
BDL,DCA,59839.0
BDL,LAX,2810.0
BDL,IAD,59106.0
BDL,IND,9928.0
BDL,MSP,39094.0
BDL,JFK,35436.0
BDL,LGA,10934.0
BDL,PBI,22269.0
BDL,FLL,24217.0
BDL,PHL,96540.0
BDL,SFO,2773.0
BDL,SLC,509.0
BDL,GRB,42.0
BDL,SYR,11116.0
BDL,RIC,61.0
BDL,PWM,1164.0
BDL,BWI,82200.0
BDL,CLT,58003.0
BDL,CLE,51708.0
ABE,BDL,37.0
BDL,SAN,15.0
BDL,ORH,345.0
BDL,MSY,22.0
BDL,ILM,4.0
BDL,GRR,52.0
BDL,MCI,47.0
BDL,BDR,2547.0
BDL,HSV,107.0
AZO,BDL,4.0
BDL,LAS,5983.0
BDL,HVN,15.0
BDL,JAX,69.0
BDL,FAI,1.0
BDL,SJC,6.0
BDL,SAT,24.0
BDL,ILN,3568.0
BDL,PDX,48.0
BDL,PNS,4.0
BDL,LEX,11.0
BDL,GSP,19.0
BDL,MYR,97.0
BDL,TYS,49.0
BDL,MOT,1.0
BDL,ILG,2.0
BDL,LIT,23.0
BDL,RFD,3610.0
ANC,BDL,11.0
BDL,DSM,203.0
BDL,CHO,12.0
ABQ,BDL,4.0
BDL,SAV,12.0
BDL,LAF,1.0
BDL,BTL,2.0
BDL,XNA,4.0
BDL,SBN,49.0
BDL,BMG,8.0
BDL,TCL,3.0
BDL,CKB,31.0
BDL,FWA,66.0
BDL,OKC,21.0
BDL,GEG,1.0
BDL,NEW,3.0
BDL,LCH,1.0
AVL,BDL,2.0
BDL,RKD,1.0
AUG,BDL,2.0
BDL,SDM,2.0
BDL,TLH,8.0
BDL,SPI,11.0
BDL,HFD,1.0
BDL,MSO,1.0
BDL,HNL,3.0
BDL,HLN,1.0
BDL,ITH,2.0
BOS,HFD,1.0
AVP,BDL,6.0
BDL,GFL,2.0
BDL,CHA,3.0
HFD,IAD,2.0
BDL,RAP,2.0
BDL,SCE,3.0
BDL,CMI,4.0
BDL,ORL,1.0
APF,BDL,1.0
BDL,LUK,5.0
BDL,OGS,1.0
AEX,BDL,4.0
BDL,ELP,2.0
BDL,YNG,2.0
BDL,BTR,7.0
BDL,POB,2.0
BDL,FYV,1.0
BDL,CID,3.0
BDL,IPT,3.0
BDL,BHM,6.0
BDL,CRW,1.0
ACY,BDL,5.0
BDL,PKB,2.0
BDL,GNV,3.0
BDL,SHV,24.0
BDL,FOE,1.0
BDL,SHD,3.0
HSI,LBF,2.0
HSI,OMA,1.0
HNL,SFO,136978.0
HNL,LAX,276821.0
HNL,MSP,10474.0
HNL,STL,9025.0
FFO,HNL,4.0
HNL,SJC,6955.0
HNL,PDX,13974.0
ANC,HNL,2984.0
HNL,LAS,19526.0
HNL,SAN,9789.0
HNL,JFK,430.0
HNL,MKE,13.0
HNL,MCI,19.0
BFL,HNL,2.0
HNL,RDD,1.0
HNL,SLC,6156.0
HNL,LEX,1.0
HNL,SAT,19.0
FAI,HIK,2.0
AMA,HNL,0.0
HNL,IAD,3.0
HNL,MHR,4.0
BOS,HNL,0.0
HNL,SNA,5377.0
HNL,PHL,1.0
HNL,MSY,13.0
HNL,MFR,2.0
HNL,SKA,1.0
HNL,JAX,2.0
HNL,SMF,5842.0
HNL,NZY,6.0
HNL,NKX,5.0
HIK,NKX,3.0
HIK,SAN,1.0
HIK,NZY,2.0
CVG,HNL,2344.0
BAD,HNL,11.0
HNL,IND,23.0
HNL,OKC,7.0
COS,HNL,5.0
HIK,RIV,4.0
BWI,HNL,7.0
HIK,TOL,1.0
HNL,MIB,4.0
HNL,SZL,8.0
HIK,LAX,6.0
ABQ,HNL,9.0
HNL,LWS,2.0
CLE,HNL,6.0
HIK,JFK,3.0
HIK,ORD,1.0
DAL,HNL,1.0
HIK,OGG,1.0
HNL,PIT,2.0
HNL,SBA,4.0
HNL,MUO,6.0
HNL,ILN,18.0
BAD,HIK,2.0
HIK,SFO,2.0
CLT,HNL,25.0
IKK,YIP,1.0
EYW,GNV,39.0
EYW,FLL,49774.0
EYW,JAX,154.0
DFW,NQX,2.0
BOS,NQX,1.0
MSY,NQX,2.0
NQX,ORD,1.0
IAH,NQX,1.0
MCO,NQX,1.0
EYW,OPF,1.0
EWR,NQX,1.0
JFK,NQX,1.0
EYW,TLH,61.0
EYW,MEM,1.0
CLT,EYW,1103.0
EYW,PBI,1705.0
IAD,NQX,2.0
EYW,ILM,2.0
EYW,MDW,1.0
EYW,PNS,33.0
EYW,IAD,2.0
MCI,NQX,1.0
LAL,RFD,1.0
ABQ,LAL,1.0
ATL,LAL,1.0
CHS,LAL,1.0
LWC,MSP,2.0
LWC,OKC,2.0
LWC,MKE,4.0
CLL,LWC,2.0
LWS,MSO,24.0
LWS,TWF,53.0
LWS,PDX,3138.0
FCA,LWS,23.0
IDA,LWS,32.0
GTF,LWS,23.0
LWS,PIH,30.0
ALW,LWS,35.0
CLM,LWS,2.0
LWS,SLC,6723.0
LWS,OKC,1.0
LWS,SJC,14.0
CMH,LWS,1.0
LWS,PDT,10.0
BNA,LWS,2.0
LWS,MWH,4.0
ABQ,LWS,4.0
LAX,LWS,12.0
LAR,LWS,1.0
LFT,LWS,1.0
FSM,LWS,2.0
LEX,LWS,2.0
LWS,SAN,1.0
LWS,STL,2.0
LWS,OMA,1.0
LWS,SHV,3.0
LWS,SMF,2.0
LWS,RFD,2.0
CLT,LWS,2.0
BLI,LWS,2.0
JAN,LWS,1.0
JFK,LEW,1.0
BOS,GGG,5.0
GGG,LFT,6.0
ESF,GGG,5.0
FSM,GGG,5.0
CLL,GGG,6.0
GGG,SGF,6.0
GGG,SHV,41.0
GGG,MCO,2.0
GGG,LCH,4.0
CRP,GGG,1.0
GGG,SLC,17.0
GGG,SPS,5.0
GGG,ORD,8.0
BDL,GGG,4.0
FYV,GGG,1.0
GGG,TPA,2.0
EWR,GGG,7.0
BHM,GGG,3.0
GGG,LGA,7.0
DCA,GGG,8.0
GGG,MCI,5.0
GGG,HSV,3.0
GGG,MIA,6.0
BPT,GGG,1.0
GGG,PHL,3.0
GGG,LRD,5.0
BTR,GGG,6.0
GGG,XNA,4.0
ATL,GGG,8.0
GGG,MGM,2.0
GGG,IAD,2.0
GGG,TUL,5.0
BWI,GGG,1.0
GGG,SAV,8.0
CLT,GGG,3.0
FLL,GGG,2.0
AUS,GGG,2.0
GGG,LIT,4.0
ANC,GGG,6.0
ABI,GGG,1.0
GGG,GSP,4.0
GGG,MKE,2.0
GGG,PDX,5.0
CMH,GGG,2.0
GGG,MOT,1.0
GGG,MSO,5.0
GGG,MKG,1.0
GGG,OKC,4.0
GGG,IPT,2.0
AVL,GGG,5.0
ALO,GGG,2.0
ABQ,GGG,26.0
GGG,GTF,8.0
GGG,MSP,8.0
GGG,PFN,1.0
GGG,LAS,1.0
GGG,GSO,8.0
GGG,MWH,4.0
GGG,RAP,11.0
FWA,GGG,2.0
CID,GGG,1.0
GGG,TYS,4.0
DAY,GGG,3.0
GGG,PNS,4.0
GGG,PIT,4.0
CHA,GGG,1.0
GGG,LEX,2.0
GGG,RIC,1.0
CLE,GGG,2.0
GGG,GPT,2.0
GGG,JAX,1.0
GGG,SYR,1.0
GGG,SJC,1.0
GGG,SAT,2.0
GGG,LAX,1.0
GGG,IND,5.0
GGG,SAN,1.0
CHS,GGG,2.0
CVG,GGG,3.0
GGG,STL,2.0
AEX,GGG,2.0
GGG,OMA,2.0
CAE,GGG,3.0
DSM,GGG,1.0
DTW,GGG,1.0
BRO,GGG,1.0
GGG,PBI,1.0
GGG,MOB,1.0
MHL,MSY,2.0
LFT,MEI,18885.0
ESF,MEI,5.0
AEX,MEI,37.0
MCI,MEI,1.0
MEI,SUS,2.0
MEI,MGM,12.0
CLT,MEI,9.0
BTR,MEI,8.0
GSP,MEI,9.0
MCO,MEI,1.0
MEI,SFB,1.0
JAX,MEI,4.0
CVG,MEI,2.0
MEI,SHV,2.0
MEI,PNS,2.0
LEX,MEI,1.0
LGA,MEI,1.0
MSO,SLC,51000.0
MSO,PDX,1304.0
FCA,MSO,23371.0
GTF,MSO,24112.0
MSO,MSP,17182.0
BLI,MSO,1.0
IDA,MSO,14.0
GRR,MSO,2.0
MSO,MSY,2.0
GFK,MSO,4.0
MDT,MSO,5.0
MSO,STL,5.0
MOT,MSO,2.0
MSO,TYS,8.0
ALO,MSO,2.0
MSO,RAP,4.0
MSO,SMF,19.0
FCH,MSO,3.0
MSO,OAK,2.0
FBK,MSO,9.0
MHR,MSO,1.0
FSM,MSO,10.0
LAS,MSO,1515.0
BFL,MSO,3.0
ABQ,MSO,17.0
LMT,MSO,5.0
GJT,MSO,10.0
MSO,TCM,2.0
MSO,RDM,2.0
MSO,RNO,1.0
HVR,MSO,1.0
FAI,MSO,3.0
AEX,MSO,2.0
MSO,MWH,8.0
MSO,SHV,4.0
CHA,MSO,15.0
LNK,MSO,1.0
DAL,MSO,1.0
FSD,MSO,10.0
LCH,MSO,2.0
ICT,MSO,1.0
CID,MSO,3.0
MSO,SFO,28.0
GSP,MSO,2.0
CDC,MSO,4.0
MKE,MSO,2.0
MSO,SAN,2.0
IAD,MSO,1.0
ALW,MSO,7.0
ELP,MSO,1.0
LAX,MSO,140.0
MSO,PIH,2.0
GSO,MSO,2.0
GJT,MTJ,242.0
LAX,MTJ,486.0
FMN,MTJ,425.0
LAS,MTJ,34.0
COS,MTJ,27.0
CLE,MTJ,38.0
MTJ,RAP,4.0
MSP,MTJ,1.0
FSD,MTJ,2.0
BZN,MTJ,1.0
BNA,MTJ,3.0
MSY,MTJ,8.0
IND,MTJ,2.0
FLG,MTJ,2.0
JFK,MTJ,1.0
ELP,MTJ,3.0
MTJ,SLC,1404.0
MTJ,SBA,1.0
MTJ,SFO,6.0
MKE,MTJ,1.0
MTJ,SGF,1.0
BTR,MTJ,2.0
FAT,MTJ,1.0
MEM,MTJ,1.0
ABQ,MTJ,2.0
MTJ,OKC,4.0
GCC,MTJ,1.0
BIL,MTJ,1.0
MTJ,TUS,1.0
MTJ,RKS,2.0
MCI,MTJ,3.0
MKG,TOL,3.0
MKG,MQT,8.0
MKG,TVC,24.0
CMI,MKG,3.0
AZO,MKG,14.0
MKG,SBN,3.0
GRR,MKG,56.0
MKG,PIA,2.0
ATW,MKG,3.0
MKG,RFD,138.0
MEM,MKG,2.0
MKG,SHV,6.0
MKG,MSP,5.0
IND,MKG,4.0
BTL,MKG,2.0
MBS,MKG,1.0
MKE,MKG,10571.0
MKG,ROC,31.0
MKG,SUS,1.0
GYY,MKG,2.0
LAS,MKG,2.0
MKG,MSY,1.0
BRO,MKG,2.0
MCI,MKG,7.0
LSE,MKG,1.0
BGR,MKG,2.0
ESC,MKG,2.0
CLE,MKG,4.0
IMT,MKG,1.0
CHO,MKG,1.0
MKC,MKG,1.0
CMH,MKG,2.0
EWN,IAD,845.0
EWN,PGV,1877.0
EWN,GSO,6132.0
EWN,ILM,27.0
CLT,EWN,36987.0
ACY,EWN,12.0
EWN,OAJ,23.0
EWN,FAY,4.0
EWN,RWI,2.0
EWN,YUM,2.0
EWN,PHL,600.0
EWN,SFB,1.0
EWN,GSP,5.0
EWN,RIC,1.0
DCA,EWN,1.0
EWN,MDT,1.0
EWN,LGA,2.0
IND,LGA,73835.0
IND,JFK,15744.0
GRR,LGA,4943.0
LGA,MSP,98590.0
JFK,MSP,27116.0
JFK,MSY,21218.0
LGA,MSY,23429.0
JFK,LAX,333413.0
IAD,JFK,84068.0
LGA,MCI,46288.0
IAD,LGA,83380.0
DCA,LGA,439107.0
LAX,LGA,86.0
DCA,JFK,136442.0
JFK,MCI,2502.0
ILM,LGA,12274.0
LGA,SUX,1.0
JFK,LGA,799.0
CVG,LGA,86173.0
LGA,PIT,122754.0
BTV,LGA,45118.0
CRW,LGA,809.0
GSO,LGA,77973.0
CVG,JFK,40642.0
LGA,MDT,2817.0
JFK,PIT,76511.0
JFK,MDT,141.0
FWA,LGA,18.0
CHS,LGA,38675.0
FWA,JFK,363.0
GSP,LGA,29423.0
EVV,LGA,34.0
DSM,LGA,3496.0
DSM,JFK,119.0
JFK,PVD,17705.0
LGA,PVD,57146.0
JFK,STL,41995.0
LGA,STL,81070.0
LGA,MKE,64761.0
BNA,LGA,51359.0
BNA,JFK,13023.0
JFK,ROC,58081.0
LGA,ROC,77750.0
ANC,JFK,82389.0
LGA,SYR,70235.0
JFK,SJC,14355.0
JFK,SYR,44335.0
JFK,RIC,29703.0
LGA,RIC,82585.0
ABE,LGA,787.0
LGA,PWM,64693.0
ABE,JFK,270.0
AVP,LGA,87.0
LGA,SAV,20887.0
JFK,LAS,95629.0
LAS,LGA,79.0
AZO,LGA,4.0
LGA,TYS,7799.0
CLT,LGA,154328.0
CLT,JFK,26243.0
BWI,LGA,65917.0
BWI,JFK,65434.0
CMI,LGA,14.0
CLE,LGA,130963.0
CLE,JFK,49042.0
JFK,SFO,217204.0
JFK,PHL,58564.0
LGA,PHL,59686.0
JAX,LGA,37185.0
ACY,JFK,83.0
JFK,SLC,41877.0
LGA,SLC,281.0
ACY,LGA,690.0
LGA,MYR,19388.0
LGA,SFO,90.0
JAX,JFK,12404.0
LGA,PBI,107719.0
FLL,LGA,168699.0
FLL,JFK,127084.0
COS,LGA,67.0
JFK,PBI,55051.0
CHO,LGA,13768.0
JFK,SNA,3377.0
JFK,SAN,36229.0
CHS,JFK,3060.0
GSO,JFK,3223.0
ABQ,JFK,44.0
JFK,TIK,8.0
JFK,SAV,2752.0
FAI,JFK,127.0
AVL,LGA,1290.0
JFK,PWM,18731.0
EDF,JFK,6.0
JFK,PDX,10916.0
JFK,MKE,544.0
LGA,MHT,52815.0
JFK,MYR,1942.0
LGA,PDX,2.0
JFK,SAT,342.0
ABQ,LGA,6.0
LGA,LIT,139.0
LEX,LGA,4514.0
LGA,SAN,16.0
HVN,LGA,8.0
AVP,JFK,55.0
BHM,JFK,217.0
JFK,LIT,29.0
LGA,TLH,9.0
LGA,OKC,102.0
LGA,MGM,3.0
GSP,JFK,1237.0
JFK,MHT,2638.0
JFK,LBB,1.0
IPT,JFK,2.0
JFK,OKC,32.0
JFK,POB,43.0
JFK,RIV,36.0
COS,JFK,27.0
LGA,SAT,30.0
BHM,LGA,14945.0
AMA,JFK,1.0
LGA,TVC,617.0
LGA,SHV,124.0
LGA,XNA,10408.0
BRD,JFK,1.0
AEX,JFK,79.0
JFK,ORH,1927.0
HSV,JFK,122.0
BTV,JFK,29140.0
JFK,MHR,3.0
JFK,RAP,34.0
FFO,JFK,1.0
JFK,RFD,3643.0
JFK,SVN,35.0
JFK,MGM,2.0
JFK,XNA,13.0
CID,JFK,1.0
JFK,TSS,4026.0
JRB,TSS,688.0
JFK,JRB,7288.0
JFK,JRA,492.0
JRA,JRB,197.0
TSS,WTC,13.0
GRR,JFK,19.0
FSD,JFK,8.0
ILN,JFK,10414.0
GNV,LGA,3.0
FSM,JFK,2.0
JFK,RST,9.0
JFK,NZY,4.0
JFK,NKX,4.0
JFK,LSV,4.0
LGA,SNA,9.0
JFK,NPA,4.0
LGA,SUS,4.0
HSV,LGA,828.0
BGM,LGA,12.0
BGM,JFK,448.0
ADQ,JFK,1.0
FAR,JFK,1.0
LGA,RNO,2.0
LGA,SCE,8.0
JFK,SCE,4.0
LGA,SJC,1.0
CHA,LGA,1132.0
JFK,MKC,3.0
ILM,JFK,5.0
JFK,TLH,1141.0
LGA,SBN,24.0
HNL,LGA,1.0
JFK,SMF,4068.0
LGA,LYH,20.0
LGA,SBY,10.0
BKL,LGA,10.0
GJT,JFK,8.0
CRW,JFK,7.0
JFK,PNS,1159.0
JFK,LEX,17.0
JFK,SBN,5.0
BTR,LGA,270.0
JFK,PIB,1.0
DQF,JFK,1.0
JFK,JLN,1.0
LGA,SHD,8.0
GRB,JFK,33.0
GFL,LGA,2.0
BYH,JFK,1.0
JFK,SKF,2.0
BDR,JRB,235.0
LGA,ORH,1.0
JFK,ORL,1.0
JFK,TVC,6.0
JFK,PWA,1.0
JFK,NIP,3.0
JFK,NZC,3.0
GRB,LGA,35.0
JFK,TCL,1.0
BAD,JFK,2.0
ILG,JFK,2.0
LGA,POB,2.0
JFK,TTN,2.0
BDR,JFK,87.0
CKB,LGA,17.0
JFK,OPF,1.0
JFK,TYS,36.0
JRA,TSS,2.0
LGA,SBA,2.0
FXE,LGA,1.0
CKB,JFK,10.0
CID,LGA,300.0
JFK,SGF,4.0
FSD,LGA,4.0
CHA,JFK,8.0
BMG,JFK,2.0
CHO,JFK,2.0
JFK,RKD,1.0
GTF,JFK,5.0
LGA,MKC,9.0
JFK,SZL,4.0
LGA,SGF,8.0
LGA,LUK,1.0
BRD,OWA,1.0
PIT,PWM,22425.0
CVG,PWM,28514.0
MHT,PWM,2176.0
BTV,PWM,863.0
PWM,SYR,45.0
PHL,PWM,57229.0
PBI,PWM,3.0
IAD,PWM,30002.0
DCA,PWM,18632.0
PVD,PWM,1247.0
PWM,TPA,2.0
PWM,ROC,349.0
ACY,PWM,143.0
FLL,PWM,9.0
ORH,PWM,14.0
BWI,PWM,5026.0
CLT,PWM,4596.0
CLE,PWM,5229.0
PWM,SLC,1.0
ABE,PWM,767.0
GSO,PWM,16.0
HVN,PWM,3.0
MDT,PWM,923.0
IND,PWM,63.0
BGM,PWM,1.0
PWM,RIC,24.0
AVP,PWM,7.0
PWM,SFB,1.0
MSP,PWM,2445.0
JAX,PWM,5.0
BNA,PWM,9.0
DAL,PWM,1.0
ILN,PWM,858.0
ILM,PWM,2.0
LAF,PWM,1.0
HSV,PWM,49.0
PWM,YNG,4.0
CRW,PWM,1.0
PWM,SEA,1.0
PWM,SAV,2.0
EVV,PWM,1.0
FWA,PWM,35.0
PWM,RIV,1.0
PWM,SVN,1.0
GRR,PWM,22.0
BDR,PWM,5.0
PWM,TOL,1.0
MSP,PDX,56994.0
ALW,PDX,1382.0
LAX,PDX,171663.0
IAD,PDX,10729.0
GTF,PDX,49.0
PDX,SFO,196736.0
GJT,PDX,17.0
PDX,SLC,99323.0
LMT,PDX,52852.0
CLM,PDX,62.0
COS,PDX,890.0
PDX,SJC,143371.0
ANC,PDX,20925.0
CLT,PDX,646.0
LAS,PDX,87405.0
KTN,PDX,7.0
PDX,SMF,117707.0
PDX,RAP,36.0
PDX,STL,20004.0
PDX,SNA,35172.0
PDX,PIH,27.0
PDT,PDX,29433.0
BLI,PDX,143.0
CVG,PDX,30952.0
PDX,PIT,940.0
EAT,PDX,95.0
MWH,PDX,1915.0
PDX,SAN,42088.0
MKE,PDX,212.0
IDA,PDX,11.0
PDX,TWF,59.0
FCA,PDX,59.0
FAI,PDX,10.0
MCI,PDX,8610.0
CLE,PDX,99.0
IND,PDX,3792.0
FSD,PDX,33.0
PDX,RST,7.0
DSM,PDX,1000.0
PDX,SBA,3276.0
PDX,PHL,2118.0
MHR,PDX,955.0
BNA,PDX,7.0
PDX,RFD,558.0
ABQ,PDX,6402.0
OKC,PDX,43.0
ALO,PDX,6.0
PDX,RBG,3381.0
ILN,PDX,4213.0
FWA,PDX,163.0
PDX,SAT,43.0
MSY,PDX,12.0
GFK,PDX,5.0
BTR,PDX,2.0
DCA,PDX,1.0
FOE,PDX,1.0
CMI,PDX,3.0
PDX,RIV,977.0
PDX,SUX,2.0
LBF,PDX,2.0
PDX,SCK,8.0
PDX,SLN,2.0
PDX,RIC,7.0
LSV,PDX,8.0
FMN,PDX,2.0
PDX,PFN,1.0
PDX,STS,1569.0
AZA,PDX,3.0
BKW,PDX,1.0
PDX,SYR,7.0
CHS,PDX,12.0
PDX,SBP,3.0
LAF,PDX,1.0
BFL,PDX,1.0
LIT,PDX,5.0
BFF,PDX,3.0
GSP,PDX,2.0
HII,PRC,5.0
FLG,PRC,907.0
PRC,YUM,1.0
PRC,STL,1.0
FMN,PRC,520.0
PRC,VGT,5.0
PRC,VIS,4.0
LAS,PRC,10.0
LAX,PRC,897.0
PRC,SOW,2.0
RID,YNG,1.0
LRD,UXJ,1.0
IAD,RIC,32052.0
DCA,RIC,511.0
IND,RIC,2960.0
MSY,RIC,91.0
GSO,RIC,2677.0
PIT,RIC,58935.0
CVG,RIC,50393.0
CHS,RIC,58.0
BTV,RIC,13.0
GSP,RIC,82.0
BGM,RIC,4.0
PVD,RIC,57.0
RIC,ROC,72.0
BNA,RIC,6633.0
CHO,RIC,2810.0
FLL,RIC,3446.0
PBI,RIC,60.0
MYR,RIC,188.0
PHL,RIC,75705.0
RIC,SFO,24.0
JAX,RIC,65.0
BWI,RIC,24444.0
CLT,RIC,97361.0
CLE,RIC,28899.0
RIC,SYR,70.0
ABE,RIC,45.0
ILM,RIC,10.0
LIT,RIC,8.0
ORH,RIC,7.0
BHM,RIC,45.0
HSV,RIC,44.0
RIC,SAV,46.0
LAX,RIC,47.0
CHA,RIC,11.0
RIC,STL,13882.0
MSP,RIC,8563.0
MHT,RIC,36.0
MKE,RIC,31.0
LAS,RIC,10.0
MCI,RIC,31.0
MDT,RIC,93.0
GRR,RIC,10.0
RIC,SBN,18.0
RIC,TYS,58.0
RIC,SMF,2.0
RIC,SAN,24.0
RIC,SEA,5.0
LAW,RIC,2.0
RIC,XNA,7.0
RIC,SNA,3.0
ILN,RIC,3074.0
AND,RIC,1.0
ACY,RIC,159.0
RIC,SCE,8.0
RIC,SJC,1.0
PNS,RIC,3.0
RIC,SBY,28.0
FSM,RIC,2.0
RIC,SLN,1.0
FAY,RIC,7.0
RIC,RWI,20.0
ABQ,RIC,11.0
RIC,TLH,8.0
RIC,SGF,5.0
CRW,RIC,12.0
OKC,RIC,17.0
AVP,RIC,5.0
OAK,RIC,1.0
RIC,SLC,8.0
RIC,SHV,26.0
LEX,RIC,11.0
LAF,RIC,2.0
ABY,RIC,1.0
MCE,RIC,1.0
RIC,SAT,13.0
AVL,RIC,6.0
LUK,RIC,3.0
ALO,RIC,3.0
DYS,RIC,1.0
IDA,RIC,4.0
BTR,RIC,9.0
ILG,RIC,1.0
POB,RIC,4.0
CPS,RIC,80.0
NKX,RIC,2.0
RIC,SUS,1.0
CKB,RIC,1.0
RIC,SHD,2.0
RIW,RKS,78.0
RIW,SHR,44.0
BFF,RIW,1.0
DIK,RIW,6.0
OKC,RFD,11.0
LAX,RFD,150.0
RFD,SMF,42.0
DSM,RFD,3288.0
RFD,SJC,2447.0
LAS,RFD,2170.0
RFD,SFO,42.0
RFD,SLC,133.0
BMI,RFD,1111.0
CID,RFD,31.0
BFF,RFD,8.0
MSP,RFD,6176.0
RFD,SPI,12.0
MSY,RFD,17.0
GRB,RFD,7.0
LGA,RFD,18.0
BWI,RFD,753.0
RAP,RFD,15.0
DCA,RFD,18.0
RFD,SNA,23.0
RFD,STL,3436.0
CMI,RFD,7.0
LSE,RFD,2.0
RFD,TVC,2.0
MKE,RFD,40.0
RFD,SAN,42.0
CVG,RFD,9.0
RFD,SBN,16.0
CLT,RFD,24.0
RFD,TYS,12.0
PHL,RFD,1367.0
COS,RFD,39.0
PIR,RFD,1.0
IND,RFD,42.0
CLE,RFD,3323.0
FLL,RFD,104.0
MCI,RFD,3107.0
RFD,ROA,1.0
PVD,RFD,54.0
BNA,RFD,21.0
RFD,RST,21.0
PIT,RFD,6.0
RFD,SAT,3407.0
HNL,RFD,2.0
AZO,RFD,71.0
ANC,RFD,2559.0
JAX,RFD,3.0
LBF,RFD,2.0
MGM,RFD,5.0
GRR,RFD,13.0
PWM,RFD,1.0
FWA,RFD,411.0
HSV,RFD,25.0
MHR,RFD,3582.0
IAD,RFD,9.0
FSD,RFD,561.0
RFD,SGF,1019.0
GSP,RFD,2.0
MDT,RFD,27.0
PGV,RFD,6.0
ABQ,RFD,10.0
ILN,RFD,1056.0
LIT,RFD,4.0
OLS,RFD,11.0
BHM,RFD,5.0
OGD,RFD,1.0
RFD,SYR,21.0
RFD,ROC,3.0
MHT,RFD,3.0
PMH,RFD,1.0
LSV,RFD,7.0
NKX,RFD,10.0
RFD,RIV,68.0
AEX,RFD,23.0
RFD,YUM,2.0
MYR,RFD,112.0
PBI,RFD,1.0
FAY,RFD,1.0
BRO,RFD,6.0
ILG,RFD,1.0
ISO,RFD,1.0
EDF,RFD,5.0
EIL,RFD,4.0
ABE,RFD,2.0
RFD,RIC,2.0
RFD,SAV,1.0
ALO,RFD,2.0
OH2,RFD,1.0
LUK,RFD,3.0
RFD,SUS,4.0
CHS,RFD,3.0
NZY,RFD,7.0
MHK,RFD,4.0
ERI,RFD,1.0
BZN,RFD,1.0
GTF,RFD,1.0
RFD,SWO,1.0
POB,RFD,7.0
HUF,RFD,7.0
RFD,XNA,3.0
BTL,RFD,7.0
MFR,RFD,3.0
JXN,RFD,3.0
PAH,RFD,8.0
ATW,RFD,2.0
CAD,RFD,13.0
IRS,RFD,3.0
AID,RFD,1.0
AMA,RFD,1.0
HIK,RFD,1.0
MSO,RFD,1.0
LBL,RFD,2.0
JAC,RFD,1.0
LEX,RFD,5.0
GDC,RFD,1.0
EVV,RFD,2.0
ILM,RFD,1.0
GVL,RFD,1.0
RFD,SHV,10.0
RFD,YNG,3.0
MGY,RFD,1.0
MIE,RFD,2.0
HLM,RFD,1.0
FDY,RFD,2.0
DVN,RFD,2.0
FAI,RFD,1.0
CDC,RFD,1.0
CRW,RFD,25.0
NIP,RFD,6.0
MUO,RFD,4.0
RFD,SKF,3.0
PAM,RFD,1.0
PGD,RFD,101.0
BTR,RFD,1.0
PKB,RFD,2.0
CSG,RFD,2.0
CYS,RFD,1.0
DYS,RFD,2.0
HKY,RFD,1.0
RFD,SVN,3.0
ILG,RKD,4.0
EWR,RKD,1.0
PHX,RKD,1.0
RKD,SHR,1.0
IAD,RKD,1.0
LMT,RBG,4.0
SCK,SJC,4.0
ANC,SJC,5.0
CLE,SJC,37.0
LAS,SJC,139298.0
SFO,SJC,6646.0
SJC,SLC,62606.0
SBA,SJC,20753.0
GJT,SJC,14.0
SBP,SJC,674.0
LAX,SJC,331508.0
BFL,SJC,13.0
ABQ,SJC,72.0
IAD,SJC,9264.0
MSP,SJC,33192.0
SJC,SNA,187703.0
SJC,STL,23193.0
SJC,SMF,5233.0
PIT,SJC,799.0
CVG,SJC,1032.0
MSY,SJC,17.0
MCI,SJC,2342.0
PHL,SJC,388.0
FMN,SJC,1.0
SAN,SJC,186527.0
MKE,SJC,42.0
BNA,SJC,30.0
COS,SJC,839.0
CLT,SJC,7.0
BWI,SJC,1462.0
IND,SJC,2809.0
CVS,SJC,1.0
DSM,SJC,452.0
DBQ,SJC,1.0
SJC,TWF,6.0
FSD,SJC,17.0
BHM,SJC,10.0
MHR,SJC,220.0
LBF,SJC,1.0
HSV,SJC,22.0
CAE,SJC,1337.0
SJC,SZL,1.0
OKC,SJC,42.0
FWA,SJC,179.0
SHV,SJC,9.0
ILN,SJC,2818.0
BFF,SJC,3.0
FLL,SJC,3.0
SJC,SUS,16.0
SJC,SYR,4.0
SBN,SJC,5.0
DHN,SJC,1.0
SDM,SJC,3.0
SCF,SJC,1.0
CMI,SJC,3.0
PVD,SJC,2.0
APC,SJC,1.0
GYY,SJC,1.0
SAT,SJC,49.0
SJC,YIP,2.0
DRT,SJC,1.0
GSP,SJC,2.0
PIH,SJC,9.0
SJC,TLH,2.0
PDK,SJC,1.0
COU,SJC,1.0
SJC,STS,1.0
CLL,SJC,3.0
CEC,SJC,2.0
LMT,SJC,1.0
SJC,VGT,2.0
GSO,SJC,4.0
GRB,SJC,1.0
SJC,TYS,5.0
CID,SJC,9.0
RWI,SKY,1.0
OKC,SKY,3.0
SKY,TUL,1.0
LIT,SKY,3.0
EAU,SKY,1.0
MSP,SAF,1.0
ABQ,SAF,385.0
ELP,SAF,1.0
FMN,SAF,14.0
COS,SAF,2.0
PDX,SAF,1.0
SAF,YUM,1.0
SAF,STL,1.0
LAS,SAF,1.0
ORD,SAF,1.0
DRO,SAF,1.0
LGA,SAF,1.0
MCI,SAF,1.0
IDA,SAF,1.0
ROA,SAF,1.0
LAX,SAF,84.0
LFT,SAF,2.0
RNO,SAF,1.0
SAV,TLH,15.0
GNV,SAV,6.0
IAD,SAV,25426.0
MCI,SAV,2.0
GSP,SAV,342.0
CHS,SAV,7956.0
PIT,SAV,457.0
BHM,SAV,7.0
BNA,SAV,7.0
SAV,STL,8.0
PVD,SAV,5.0
JAX,SAV,7325.0
PHL,SAV,4301.0
FLL,SAV,40.0
PBI,SAV,32.0
CLT,SAV,83387.0
BWI,SAV,438.0
CLE,SAV,886.0
OPF,SAV,1.0
FAY,SAV,10.0
DCA,SAV,1627.0
ISO,SAV,1.0
MYR,SAV,545.0
CVG,SAV,21832.0
GSO,SAV,20.0
SAV,SNA,2.0
SAV,TYS,4.0
IND,SAV,24.0
SAV,SYR,2.0
MGM,SAV,2.0
AEX,SVN,254.0
PNS,SAV,2.0
LCH,SAV,15.0
SAT,SAV,5.0
LAX,SAV,1.0
ABE,SAV,57.0
BWG,SAV,2.0
ACY,SAV,28.0
SAV,YIP,1.0
RST,SAV,1.0
LAS,SAV,1.0
SAN,SAV,2.0
DSM,SAV,1.0
JAX,SVN,1.0
OAK,SAV,1.0
PDX,SAV,1.0
MSP,SAV,383.0
SAV,SUX,1.0
BMI,SAV,3.0
MCO,SVN,1.0
LSF,SVN,2.0
MHT,SAV,2.0
MDT,SAV,7.0
BNA,SVN,1.0
OKC,SVN,30.0
PHL,SVN,1.0
SAV,YUM,1.0
SVN,TUL,3.0
SSC,SVN,1.0
BWI,SVN,4.0
AVL,SVN,1.0
SAV,SVN,2.0
ILN,SAV,20.0
CHA,SAV,5.0
IND,SVN,6.0
FSD,SAV,8.0
MSY,SAV,7.0
MSP,SVN,2.0
HSV,SVN,1.0
BUF,SAV,7.0
CMI,SVN,2.0
SAV,SFO,2.0
NZC,SAV,1.0
SAV,SLC,3.0
FWH,SVN,1.0
AUS,SVN,1.0
ELP,SAV,1.0
LIT,SAV,3.0
LEX,SAV,10.0
SAN,SVN,4.0
SLC,SVN,2.0
BTR,SAV,10.0
SAT,SVN,3.0
SVN,YUM,1.0
GPT,SVN,3.0
COU,SAV,1.0
PHX,SVN,1.0
OKC,SAV,4.0
COS,SAV,7.0
LRD,SAV,1.0
BQK,SAV,9.0
ILM,SAV,6.0
POB,SVN,3.0
CKB,SAV,1.0
EWN,SAV,1.0
MFR,SVN,1.0
PDX,SVN,2.0
EUG,SVN,2.0
AGS,SVN,1.0
ABQ,SVN,1.0
RIV,SVN,1.0
AVP,CLT,4459.0
AVP,BWI,2411.0
AVP,SYR,19.0
ABE,AVP,7412.0
AVP,PIT,46511.0
AVP,MDT,2402.0
AVP,MHT,12.0
AVP,GSO,11.0
AVP,GSP,10.0
AVP,PVD,5.0
AVP,PHL,36377.0
AVP,IAD,6464.0
AVP,MCI,12.0
AVP,IND,25.0
AVP,BGM,30.0
AVP,BNA,6.0
AVP,DCA,16.0
AVP,GRR,2.0
AVP,CVG,17384.0
AVP,ORH,1.0
AVP,BTV,16.0
AVP,LEX,5.0
AVP,SBN,4.0
AVP,PHX,3.0
AVP,BGR,3.0
AVP,ROC,14.0
AVP,CLE,17398.0
AVP,MKE,13.0
AVP,SAV,5.0
AVP,JAX,8.0
AVP,LAS,6.0
AVP,TOL,1.0
AVP,BHM,4.0
AVP,CHS,10.0
AVP,CAE,3.0
AVP,BKW,1.0
AVP,YNG,44.0
AVP,ILM,3.0
AVP,MSP,5.0
AFW,AVP,2.0
AVP,MHR,1.0
AVP,CRW,2.0
AVP,STL,15.0
AVP,MYR,109.0
ABY,AVP,1.0
AVP,CKB,1.0
AVP,SAN,1.0
AVP,PNS,2.0
AVP,OKC,2.0
AVP,FLL,44.0
AVP,STJ,2.0
AVP,TYS,9.0
AVP,IPT,4.0
AVP,MDW,2.0
AVP,TUL,1.0
AVP,YIP,1.0
AVP,ILG,2.0
AVP,MSN,1.0
AVP,CWA,1.0
ABQ,SHR,1.0
GJT,SHR,2.0
RKS,SHR,4.0
DLH,SHR,1.0
ISN,SHR,194.0
HVR,SHR,1.0
FMN,SOW,902.0
BHM,SME,1.0
IAD,SHD,10874.0
BGM,SHD,1.0
LYH,SHD,1499.0
CVG,SHD,1.0
MHT,SHD,1.0
PIT,SHD,5917.0
PKB,SHD,1.0
FLL,SHD,2.0
MYR,SHD,6.0
CHA,SHD,4.0
ERI,SHD,2.0
CRW,SHD,1.0
CHS,SHD,2.0
PVD,SHD,2.0
PHL,SHD,1.0
MSO,SHD,1.0
ORD,STK,4.0
CID,SQI,1.0
SCK,SMF,353.0
SCK,SNA,1175.0
LAX,SCK,2236.0
BFL,SCK,2.0
SCK,SFO,11288.0
IAH,SCK,1.0
SBA,SCK,2.0
CIC,SCK,1.0
MKE,SCK,4.0
MHR,SCK,12.0
ORD,SCK,47.0
MCI,SCK,11.0
MSP,SCK,46.0
BFF,SCK,3.0
ABQ,SCK,1.0
ILN,SCK,8.0
LAS,SCK,1563.0
HSV,SCK,1.0
ADS,SCK,1.0
COS,SCK,2.0
CYS,SCK,1.0
SCK,YIP,4.0
LBF,SCK,1.0
SCK,SLC,2.0
SAN,SCK,1.0
ROC,SYR,32024.0
STL,SYR,4125.0
BNA,SYR,26.0
PVD,SYR,76.0
PIT,SYR,50871.0
CVG,SYR,34920.0
BGM,SYR,44.0
BTV,SYR,4727.0
MHT,SYR,195.0
DCA,SYR,41375.0
LAX,SYR,84.0
IAD,SYR,31480.0
MCI,SYR,25.0
IND,SYR,73.0
ABE,SYR,31.0
BWI,SYR,18141.0
CLE,SYR,37085.0
CLT,SYR,23590.0
FLL,SYR,1073.0
PHL,SYR,69533.0
SFO,SYR,59.0
HOU,SYR,1.0
GSO,SYR,37.0
GSP,SYR,28.0
MSP,SYR,1921.0
ILM,SYR,7.0
CHS,SYR,10.0
PBI,SYR,25.0
MSY,SYR,21.0
SYR,TYS,22.0
HVN,SYR,1.0
SNA,SYR,4.0
LEX,SYR,14.0
MKE,SYR,39.0
OGS,SYR,370.0
SBN,SYR,60.0
JAX,SYR,9.0
MGW,SYR,3.0
SAN,SYR,12.0
GRB,SYR,5.0
FWA,SYR,22.0
MDT,SYR,50.0
DSM,SYR,2.0
MOB,SYR,1.0
SLC,SYR,21.0
LAS,SYR,279.0
OAK,SYR,2.0
DAL,SYR,1.0
LIT,SYR,12.0
SAT,SYR,2.0
ILN,SYR,3464.0
ACY,SYR,381.0
CHO,SYR,25.0
CKB,SYR,33.0
CRW,SYR,3.0
AVL,SYR,4.0
ANC,SYR,2.0
CHA,SYR,9.0
SYR,TBR,1.0
FSD,SYR,1.0
SGF,SYR,2.0
DPA,SYR,1.0
OMA,SYR,1.0
ART,SYR,8.0
BHM,SYR,1.0
SYR,TLH,5.0
GRR,SYR,31.0
LAF,SYR,2.0
GYY,SYR,2.0
SCE,SYR,18.0
PWK,SYR,2.0
ORH,SYR,2.0
AEX,SYR,1.0
FSM,SYR,3.0
BTR,SYR,5.0
IPT,SYR,1.0
ISO,SYR,2.0
AUS,SYR,1.0
MIE,SYR,2.0
IN1,SYR,1.0
RNO,SYR,1.0
GMU,SYR,1.0
CMI,SYR,6.0
FAY,SYR,4.0
CID,SYR,6.0
RWI,SYR,22.0
CLL,SYR,1.0
HLM,SYR,1.0
SYR,TCM,1.0
SYR,YNG,7.0
SYR,XNA,3.0
GPT,SYR,1.0
OSH,SYR,1.0
EVV,SYR,1.0
PBG,SYR,1184.0
ILG,SYR,13.0
SHV,SYR,4.0
POB,SYR,3.0
PKB,SYR,2.0
HSV,SYR,5.0
LUK,SYR,2.0
PGV,SYR,1.0
TLH,VLD,8.0
ILM,VLD,2.0
BQK,VLD,5.0
GNV,VLD,19.0
FLL,VLD,2.0
PFN,VLD,2.0
BTR,VLD,1.0
LIT,VLD,27.0
MSN,VLD,1.0
CRP,VLD,2.0
AZO,VLD,1.0
LYH,VLD,1.0
GSP,VLD,2.0
HSV,VLD,2.0
BWI,VAD,1.0
GLH,VLD,5.0
JAX,VLD,2.0
BWI,VLD,6.0
TIK,VAD,1.0
APF,VLD,1.0
BGR,VAD,1.0
ACT,VLD,1.0
IAD,VLD,2.0
MSP,VLD,1.0
SAT,VLD,2.0
PIT,VLD,3.0
BAD,VAD,2.0
LSV,VAD,4.0
CLL,VCT,8.0
LBB,VCT,1.0
CRP,VCT,10.0
ABI,VCT,3.0
GSO,VCT,1.0
SJT,VCT,1.0
LIT,VCT,1.0
BTR,VCT,1.0
MCI,VCT,1.0
BRO,VCT,3.0
CHS,VCT,1.0
AEX,VCT,1.0
LFT,VCT,2.0
TUL,VCT,1.0
RDU,VCT,1.0
IAD,VCT,1.0
SLC,VCT,1.0
JAX,VCT,1.0
OPF,VCT,1.0
HSV,VCT,1.0
MKE,VCT,1.0
DRT,VCT,5.0
TYR,VCT,1.0
OKC,VCT,1.0
MIA,VCT,1.0
ALO,ATW,1.0
ALO,SLC,14.0
ALO,STL,33696.0
ALO,CID,4202.0
ALO,BMI,10.0
ALO,CMI,3.0
ALO,DFW,1.0
ALO,BRL,5.0
ALO,LSE,2.0
ALO,FSD,4.0
ALO,MSN,1.0
ALO,SUX,56.0
ALO,DSM,9.0
ALO,MSP,39344.0
ALO,BFF,2.0
ALO,MCW,1419.0
ALO,FOD,8.0
ALO,GJT,1.0
ALO,MDW,1.0
ALO,SUS,2.0
ALO,MHK,1.0
ALO,MKE,11.0
ALO,BWG,10.0
ALO,SGF,17.0
ALO,MSY,9.0
ALO,HUF,8.0
ALO,YNG,13.0
ALO,LIT,1.0
ALO,BWI,2.0
ALO,GYY,2.0
ALO,MDH,5.0
ALO,PIH,1.0
ALO,TUL,1.0
ALO,TOL,1.0
ALO,SHV,4.0
ALO,IND,4.0
ALO,JAN,1.0
ALO,PHX,2.0
ALO,RDU,1.0
ALO,OKC,3.0
ALO,MHT,4.0
ALO,PIT,6.0
ALO,CLE,4.0
ALO,JFK,3.0
ALO,CHA,6.0
ALO,GSP,5.0
ALO,AVL,2.0
ALO,ILG,2.0
ALO,CDC,4.0
ALO,GPT,1.0
ALO,ELP,1.0
ALO,EVV,2.0
ALO,LNK,1.0
ALO,DTW,1.0
ALO,CLT,1.0
ATL,AYS,1.0
HLG,PIT,1.0
ABE,BWI,4202.0
ABE,CLE,28916.0
ABE,CLT,21539.0
ABE,SEA,8.0
ABE,PIT,49226.0
ABE,MDT,24792.0
ABE,BNA,49.0
ABE,MKE,37.0
ABE,ROC,41.0
ABE,PVD,774.0
ABE,IND,3047.0
ABE,IAD,25339.0
ABE,MSP,86.0
ABE,PHL,29464.0
ABE,JAX,36.0
ABE,FLL,1571.0
ABE,LAS,26.0
ABE,AVL,57.0
ABE,UCA,1.0
ABE,MCI,60.0
ABE,MHT,1570.0
ABE,GSP,34.0
ABE,GSO,57.0
ABE,BGM,54.0
ABE,CVG,22971.0
ABE,FWA,12.0
ABE,ORH,266.0
ABE,MSY,10.0
ABE,SLC,8.0
ABE,PBI,19.0
ABE,IAH,14.0
ABE,DFW,5.0
ABE,PHX,11.0
ABE,STL,63.0
ABE,BTV,27.0
ABE,DCA,804.0
ABE,LAX,43.0
ABE,LEX,18.0
ABE,SAN,9.0
ABE,CHS,61.0
ABE,GRR,21.0
ABE,SFO,13.0
ABE,ILM,10.0
ABE,SBN,9.0
ABE,TYS,17.0
ABE,ILG,2.0
ABE,ILN,4618.0
ABE,YIP,4.0
ABE,SNA,3.0
ABE,AZO,3.0
ABE,UIN,1.0
ABE,XNA,6.0
ABE,IPT,10.0
ABE,MYR,237.0
ABE,OKC,2.0
ABE,SCE,8.0
ABE,CHO,6.0
ABE,TUL,3.0
ABE,AUS,2.0
ABE,BHM,13.0
ABE,CRW,3.0
ABE,HSV,4.0
ABE,HVN,2.0
ABE,LIT,3.0
ABE,ACY,2.0
ABE,OAK,1.0
ABE,DSM,7.0
ABE,LYH,2.0
ABE,PGD,116.0
ABE,SAT,1.0
ABE,CBE,1.0
ANC,MSP,30342.0
ANC,LAX,74271.0
ANC,SFO,29508.0
ANC,SLC,31542.0
ANC,FAI,195051.0
EDF,FAI,6.0
ANC,KTN,288.0
ACV,ANC,1.0
ANC,MGM,2.0
ANC,BWI,7.0
ANC,MCI,11.0
ANC,EDF,33.0
ANC,EIL,7.0
ANC,GSO,6.0
ANC,SAN,8.0
EDF,SFO,4.0
ANC,IAD,40.0
EDF,LAX,7.0
ANC,BFL,2.0
EDF,MIA,1.0
ANC,LMT,1.0
EDF,HNL,1.0
EDF,HIK,2.0
ANC,PHL,105.0
ANC,NKX,11.0
ANC,SCK,1.0
ANC,PIA,2.0
ANC,STL,1784.0
ANC,IND,6533.0
ANC,LAS,2170.0
ANC,NZY,8.0
ANC,MHR,5.0
ANC,FBK,34.0
ANC,MDW,0.0
BOS,EDF,3.0
ANC,GTF,4.0
ANC,SAT,2.0
ANC,CVG,2426.0
ANC,BLI,4.0
ANC,HSV,195.0
ANC,BNA,2638.0
ANC,MKE,23.0
EDF,RIV,3.0
ANC,MRI,39.0
FAI,MRI,19.0
ANC,MFR,2.0
EDF,KTN,1.0
CMI,EDF,1.0
ANC,HMN,11.0
CHS,EDF,1.0
ANC,CHS,16.0
ANC,SMF,7.0
EDF,MUO,2.0
EDF,HIF,2.0
EDF,MDW,2.0
DTW,EDF,1.0
ANC,SKA,1.0
ANC,HIK,2.0
EDF,EIL,7.0
FBK,MRI,2.0
ANC,LSE,2.0
ANC,RIV,510.0
EDF,NKX,3.0
ANC,COS,3.0
ANC,BIS,2.0
ANC,MCC,4.0
ANC,ILN,3256.0
ADQ,MRI,1.0
ANC,DMA,3.0
EDF,FAR,1.0
ANC,CLE,8.0
ANC,CLT,2.0
ANC,MWH,6.0
ANC,WRB,3.0
ANC,ELM,1.0
ANC,PAM,1.0
EDF,MHR,2.0
EDF,GFK,1.0
AZA,EDF,1.0
ANC,TPA,1.0
DOV,EDF,1.0
EDF,LSV,5.0
ANC,PIT,8.0
ANC,NIP,1.0
ANC,LAF,1.0
ARB,DET,1.0
AVL,TYS,73.0
AVL,CLT,85311.0
AVL,BWI,495.0
AVL,IAD,805.0
AVL,GSP,3787.0
AVL,GSO,81.0
AVL,FLL,112.0
AVL,CHA,29.0
AVL,LIT,8.0
AVL,PIT,18.0
AVL,CLE,13.0
AVL,TLH,1.0
AVL,CVG,19688.0
AVL,PNS,2.0
AVL,SFO,1.0
AVL,OAJ,1.0
AVL,SAN,1.0
AVL,LYH,8.0
AVL,STL,27.0
AVL,BNA,14.0
AVL,MDT,12.0
AVL,CRW,16.0
AVL,JAX,1.0
AVL,HSV,8.0
AVL,ILM,9.0
AVL,FAY,4.0
AVL,MSY,7.0
AVL,PHL,153.0
AVL,EVV,3.0
AVL,ROC,3.0
AVL,MKE,10.0
AVL,PHX,1.0
AVL,LEX,12.0
AVL,BHM,2.0
AVL,MWH,1.0
AVL,LSD,1.0
AVL,BFL,2.0
AVL,CHO,2.0
AVL,IND,17.0
AVL,JFK,4.0
AVL,SLN,1.0
AVL,MSO,1.0
AVL,FSM,11.0
AVL,PAM,1.0
AVL,MCI,5.0
AVL,DCA,62.0
AVL,POB,1.0
AVL,GRR,5.0
AVL,MSP,2942.0
AVL,MKG,1.0
AVL,LAN,1.0
AVL,ISO,2.0
AVL,GYY,2.0
AVL,DHN,2.0
ACY,AVL,40.0
AVL,AVP,2.0
AVL,SAT,2.0
AVL,OKC,3.0
AVL,ERI,5.0
AVL,SSC,1.0
AVL,BTV,1.0
AVL,LAS,1.0
AVL,PVD,4.0
AVL,ILG,2.0
AVL,RAP,3.0
AVL,PGV,2.0
AVL,MHK,1.0
AVL,MFD,1.0
ABQ,AVL,3.0
AVL,SBN,2.0
AVL,FSD,2.0
AVL,TTN,1.0
ATW,AVL,1.0
AVL,BKL,2.0
ALB,AVL,4.0
AVL,FNT,2.0
AVL,CHS,3.0
AVL,MGM,1.0
AVL,PWM,1.0
AVL,XNA,1.0
AVL,SBY,1.0
BWI,LAS,41261.0
BWI,CLT,123321.0
BWI,CLE,143993.0
BWI,FLL,73309.0
BWI,PBI,36568.0
BWI,PHL,60321.0
BWI,JAX,45315.0
BWI,MYR,3537.0
BWI,SFO,22174.0
BWI,OAJ,3.0
ACY,BWI,345.0
BWI,PVD,136982.0
BHM,BWI,32636.0
BWI,GSO,25465.0
BGM,BWI,3401.0
BWI,PIT,81371.0
BWI,ORH,2713.0
BWI,CHS,2223.0
BWI,GSP,2006.0
BWI,CVG,54644.0
BWI,MDT,1024.0
BWI,MHT,89349.0
BTV,BWI,2660.0
BWI,STL,100253.0
BWI,ROC,26779.0
BNA,BWI,90260.0
BWI,LEX,181.0
BWI,MKE,16698.0
BWI,IAD,2012.0
BWI,MCI,30965.0
BWI,DCA,1997.0
BWI,LAX,45605.0
BWI,ILM,1630.0
BWI,IND,35183.0
BWI,FAY,954.0
BWI,MSP,47475.0
BWI,MSY,20060.0
BWI,SAT,12939.0
BWI,SUX,1.0
BWI,SAN,9188.0
BWI,HGR,8640.0
AZO,BWI,5.0
BWI,TYS,48.0
BWI,SNA,20.0
BWI,FSD,11.0
BWI,PDX,7.0
BDR,BWI,3923.0
BWI,CHA,12.0
ABQ,BWI,7340.0
BWI,OKC,1833.0
BWI,LIT,6496.0
BWI,COS,44.0
BWI,SLC,10756.0
ARA,BWI,1.0
BWI,PNS,5.0
BWI,CRW,2493.0
AEX,BWI,9.0
BWI,SMF,10.0
BWI,ILG,4.0
BWI,LSE,8.0
BWI,GRB,16.0
MTN,WFB,2.0
BWI,FWA,1475.0
BWI,CBE,57.0
BWI,CKB,4.0
BWI,DSM,29.0
BWI,SBY,8460.0
BWI,ILN,3174.0
BWI,GNV,6.0
BWI,SBN,19.0
BWI,GRR,27.0
BWI,POB,6.0
BWI,TLH,68.0
BWI,GRK,3.0
BWI,TVC,2.0
BWI,CHO,17.0
BWI,LAF,3.0
BWI,HVN,319.0
BWI,SUS,6.0
BWI,HSV,11.0
BWI,OGS,2.0
BWI,SHV,50.0
BWI,XNA,7.0
BKL,BWI,4.0
BWI,LFT,22.0
BWI,IRS,1.0
BWG,BWI,2.0
BWI,HLM,1.0
BWI,PDK,1.0
BWI,RAP,4.0
BTR,BWI,17.0
BWI,IDA,1.0
ICT,MTN,1.0
BQK,BWI,2.0
BWI,MGM,3.0
BWI,RIV,4.0
BWI,SCE,7.0
BWI,CLL,3.0
BUF,MTN,1.0
ABY,MTN,2.0
BWI,MKC,13.0
MRC,MTN,2.0
BWI,CMI,7.0
BWI,GLH,1.0
CHS,MTN,1.0
BWI,LUK,4.0
BWI,MHK,4.0
BWI,NZY,1.0
BWI,BYH,1.0
BMG,BWI,5.0
BWI,NIP,99.0
BWI,IPT,1.0
BWI,RST,10.0
BWI,GFL,1.0
ABY,BWI,1.0
LRD,MTN,1.0
BWI,LNS,2774.0
BWI,FAI,1.0
BWI,GJT,5.0
BWI,PKB,1.0
ILM,MTN,1.0
BWI,GTR,1.0
SLC,XWL,11.0
PWT,TIW,1.0
BOK,SMF,41.0
BKX,MSP,2389.0
BKX,MKE,2.0
BWD,SJT,96.0
BWD,SAT,3.0
AFW,BWD,6.0
ATL,SSI,3.0
BQK,IND,2.0
BQK,IAD,1.0
BQK,SLC,2.0
RIC,SSI,1.0
ADS,BQK,1.0
BQK,BTR,1.0
BQK,FLL,2.0
BQK,MEM,1.0
BQK,LIT,1.0
BQK,SYR,1.0
BNA,BQK,1.0
BQK,MIA,2.0
BQK,CMH,1.0
BQK,LUK,2.0
BQK,PHL,1.0
BQK,GPT,1.0
BQK,HNL,1.0
BQK,CAE,1.0
CMI,IND,28.0
CMI,FWA,21.0
CMI,STL,64487.0
CMI,LEX,20.0
CMI,HUF,1643.0
BMI,CMI,3506.0
CMI,SPI,269.0
CMI,LAF,33.0
CMI,PIT,1171.0
CMI,EVV,20.0
CMI,SBN,14.0
CMI,MSP,52.0
CID,CMI,46.0
CMI,SLC,33.0
CMI,MKE,10.0
CMI,CVG,4281.0
CMI,SGF,199.0
CMI,LSE,2.0
CMI,TVC,4.0
CMI,LAX,18.0
CMI,GRR,8.0
CMI,SEA,1.0
CMI,DSM,9.0
CHA,CMI,2.0
CMI,XNA,16.0
AZO,CMI,5.0
CMI,GRB,5.0
CMI,FLL,6.0
CMI,PHL,5.0
CMI,GRI,2.0
CMI,LAS,72.0
CMI,RIC,2.0
CMI,JAX,3.0
CMI,MSY,11.0
CMI,TCL,1.0
BNA,CMI,9.0
CMI,MHK,2.0
CMI,PVD,2.0
CMI,HSV,1.0
CMI,DRO,1.0
CMI,OKC,14.0
CMI,SCE,46.0
CMI,SFO,1.0
CMI,TYS,8.0
CLT,CMI,5.0
CMI,LUK,3.0
CMI,MDT,4.0
CMI,SAN,3.0
CMI,DCA,3.0
CMI,MCI,8.0
BOS,CMI,5.0
CMI,TLH,2.0
CMI,GTR,1.0
BHM,CMI,3.0
CMI,SAT,3.0
CMI,YNG,14.0
CMI,GNV,2.0
CMI,LIT,4.0
CMI,PNS,1.0
CMI,COS,2.0
CMI,JFK,1.0
CMI,EUG,1.0
BGR,CMI,1.0
CLE,CMI,14.0
CMI,SHV,6.0
CMI,GPT,1.0
BUF,CMI,1.0
CMI,FAT,1.0
CLT,TYS,66096.0
CLE,CLT,85358.0
CLT,JAX,90075.0
CLT,PHL,137892.0
CLT,MYR,90839.0
CLT,SFO,45736.0
CLT,OAJ,46484.0
CHO,CLT,37783.0
CLT,FLL,86350.0
CLT,PBI,64708.0
CLT,UCA,1.0
CLT,FAY,79089.0
CLT,IND,82974.0
CLT,LAX,52180.0
CLT,IAD,96969.0
CLT,DCA,125333.0
CHA,CLT,55517.0
CLT,MCI,54463.0
CLT,ILM,94355.0
CLT,GNV,33211.0
CLT,MSY,59798.0
CLT,SAT,8555.0
CLT,TLH,35413.0
CLT,MSP,64590.0
CHS,CLT,100863.0
CLT,CVG,72257.0
CLT,PIT,126992.0
BHM,CLT,73645.0
CLT,MDT,41028.0
CLT,GSP,89772.0
BGM,CLT,4.0
CLT,GSO,105854.0
CLT,EVV,925.0
CLT,CRW,38866.0
CLT,PVD,46453.0
CLT,STL,100179.0
CLT,ROC,22954.0
BNA,CLT,81752.0
CLT,LYH,24445.0
CLT,LEX,26968.0
CLT,MKE,38368.0
CLT,PNS,49295.0
CLT,SAN,16133.0
CLT,MGM,16300.0
CLT,HSV,46503.0
ACY,CLT,684.0
CLT,LAS,27920.0
CLT,SHV,103.0
CLT,LIT,24362.0
CLT,RAP,3.0
CLT,ORH,2.0
CLT,SLC,1033.0
CLT,FSD,10.0
CLT,GRR,809.0
ABQ,CLT,45.0
BYH,CLT,3.0
CLT,YNG,2.0
CLT,MHT,15978.0
CLT,TVC,2.0
CLT,ILG,4.0
CLT,SUS,2.0
CLT,PDK,2.0
BWG,CLT,3.0
CLT,LSF,1.0
CLT,MHR,1.0
CLT,SNA,1.0
CLT,FWA,568.0
CLT,XNA,13164.0
CLT,ILN,3788.0
BTR,CLT,1156.0
CLT,GRB,17.0
AEX,CLT,14.0
BTV,CLT,45.0
CLT,PGV,26077.0
CLT,COS,26.0
CLT,SBY,6800.0
CLT,LSE,5.0
CLT,OKC,45.0
CLT,OSH,1.0
CLT,MKC,3.0
CLT,TCL,2.0
CLT,SBN,19.0
CLT,DSM,14.0
CLT,MFD,9.0
CLT,NZC,3.0
CLT,LFT,36.0
BQK,CLT,1.0
CLT,LUK,6.0
CLT,FYV,1.0
CLT,SMF,309.0
CLT,PFN,875.0
CKB,CLT,3.0
CLT,EIL,1.0
CLT,DRT,1.0
CLT,RWI,1.0
CLT,FSM,14.0
CLT,GDC,1.0
CLE,LAS,46962.0
CLE,GRB,568.0
CLE,TYS,11711.0
CLE,LSE,10.0
CLE,SFO,24799.0
CLE,PHL,116078.0
CLE,FLL,23397.0
CLE,PBI,9930.0
CLE,COS,51.0
CLE,MKE,85151.0
BNA,CLE,67767.0
CLE,STL,118453.0
CLE,ROC,36414.0
CLE,PIT,77017.0
CLE,CRW,16188.0
CLE,CVG,116460.0
CLE,DSM,304.0
BTV,CLE,9545.0
CLE,MDT,28164.0
CLE,GSP,9049.0
CLE,GSO,17709.0
CLE,MHT,23590.0
CLE,FWA,27613.0
CLE,ORH,1.0
CLE,PVD,36017.0
CLE,IND,72234.0
CLE,GRR,44449.0
CLE,MSP,104506.0
CLE,MSY,14365.0
CLE,DCA,69838.0
CLE,LAX,42809.0
CLE,MCI,42514.0
CLE,IAD,67431.0
CLE,LIT,611.0
ABQ,CLE,150.0
CLE,TLH,5.0
ACY,CLE,4278.0
CLE,OKC,1249.0
CLE,HVN,3.0
CLE,SAN,4912.0
CLE,LEX,21502.0
CLE,HSV,18.0
CLE,EVV,8.0
CHS,CLE,564.0
CLE,SNA,45.0
CLE,SBN,30136.0
CLE,HUF,3.0
CLE,JAX,6099.0
CLE,SPI,10.0
BHM,CLE,1389.0
CLE,SLC,3162.0
BGM,CLE,5.0
CLE,SAT,4375.0
CLE,MYR,1808.0
BFF,CLE,7.0
AZO,CLE,15114.0
CLE,LBF,7.0
CID,CLE,12.0
CHA,CLE,20.0
CLE,YNG,2702.0
CLE,GWO,2.0
CHO,CLE,9.0
CLE,TVC,12.0
CLE,RAP,9.0
CLE,FDY,2.0
BWG,CLE,2.0
CLE,CSV,1.0
CLE,RST,15.0
CLE,TCL,7.0
CLE,GRI,4.0
CLE,XNA,689.0
APN,CLE,1.0
BKL,MKE,28.0
CLE,FMN,1.0
BKL,MSP,18.0
CLE,ILN,1991.0
CLE,SHV,66.0
CLE,JHW,3779.0
BKL,PDX,1.0
CLE,KY1,1.0
CLE,PWK,1.0
BFL,CLE,1.0
CLE,ILM,6.0
BMG,CLE,3.0
CLE,FSD,10.0
BKL,PIT,7.0
CLE,PNS,5.0
CLE,SUS,5.0
CLE,LUK,2.0
ABY,CLE,4.0
BKL,ERI,2.0
BFM,CLE,1.0
BKL,MEM,3.0
BKL,PHL,15.0
BKL,DSM,1.0
CLE,SMF,17.0
BKL,YNG,1.0
BKL,IAD,6.0
BKL,GRR,2.0
CLE,GFK,2.0
BKL,CLT,3.0
BKL,CLE,7.0
CLE,OGD,1.0
BKL,FLL,4.0
CLE,SBA,2.0
CLE,MQT,2.0
BKL,SMF,2.0
BKL,SNA,3.0
CKB,CLE,1430.0
CLE,MGW,1353.0
BRO,CLE,8.0
CLE,PKB,1106.0
CLE,LAF,9.0
BKL,SYR,1.0
BKL,BQK,1.0
BKL,PBI,2.0
BKL,OAK,3.0
CLE,PAH,1.0
BKL,MKC,2.0
CLE,MKC,27.0
BKL,BTR,3.0
BKL,MCI,2.0
CLE,MHR,10.0
BTL,CLE,2.0
BKL,CVG,16.0
BKL,NZY,1.0
CGF,SNA,1.0
BKL,BNA,2.0
BFI,BKL,3.0
BKL,TYS,3.0
CLE,SCE,19.0
BKL,IND,2.0
BKL,SAN,1.0
CLE,GDC,1.0
AGS,BKL,4.0
CLE,SGF,8.0
CLE,SWO,1.0
CLE,ILG,18.0
BKL,JFK,3.0
CLE,GRK,1.0
CLE,CLL,6.0
CLE,IPT,1.0
CLE,GJT,10.0
APC,CLE,1.0
BKL,LIT,1.0
BMI,CLE,6.0
CLE,FYV,2.0
CRP,CRS,1.0
DIK,ISN,9481.0
DIK,GFK,3650.0
BFF,DIK,21.0
DIK,RAP,13.0
DIK,FSD,3.0
DIK,SHR,4.0
BFI,IPL,2.0
AMA,IPL,2.0
IPL,SAN,9768.0
IPL,LAX,7716.0
IPL,OKC,10.0
IPL,TUL,1.0
IPL,SLN,23.0
IPL,MCI,5.0
ABQ,IPL,46.0
IPL,SHV,2.0
IPL,PDX,2.0
IPL,SJC,1.0
IPL,YIP,14.0
IPL,JAN,1.0
IPL,SPS,3.0
IPL,LBF,1.0
DTW,IPL,5.0
DFW,NJK,1.0
EVV,IPL,1.0
NJK,OKC,2.0
ELD,JBR,6602.0
ELD,HOT,121.0
ELD,LIT,10.0
ELD,SHV,1.0
FAI,SLC,658.0
FAI,LAX,55.0
FAI,SFO,8.0
EIL,FAI,205.0
DTW,FAI,5.0
FAI,MSP,4298.0
BAD,EIL,2.0
FAI,RIV,1.0
FAI,IAH,1.0
FBK,KTN,1.0
FBK,MWH,55.0
BFI,FBK,1.0
FAI,FBK,816.0
FAI,MWH,9.0
CVG,FAI,5.0
FBK,SEA,2.0
FAI,PHX,1.0
BIL,FAI,2.0
FAI,HNL,1.0
EIL,MWH,1.0
FBK,HCA,1.0
FAI,KTN,5.0
EIL,GEG,1.0
BIF,FAI,1.0
FBK,PDX,1.0
FBK,FCA,3.0
EIL,TCM,1.0
FAI,ILN,7.0
CHS,FAI,1.0
EIL,RCA,3.0
EIL,LSV,3.0
FAI,NKX,2.0
AEX,FBK,2.0
EIL,JFK,2.0
EIL,MCI,1.0
EIL,LAX,3.0
AFW,FAI,1.0
BOS,EIL,1.0
EIL,SFO,1.0
EIL,MUO,1.0
FLG,LAS,94.0
FLG,FMN,802.0
FLG,GJT,15.0
FLG,GUP,1.0
CLL,FLG,1.0
FLG,HII,17.0
BZN,FLG,8.0
FLG,MSO,8.0
FLG,PIH,5.0
ALO,FLG,2.0
FLG,VGT,6.0
FLG,SLC,1.0
FLG,PDX,1.0
CLT,FLG,1.0
COS,FLG,2.0
FLG,SBA,1.0
ELP,FLG,1.0
FLG,SAN,1.0
FLG,LAX,1085.0
FFT,OKC,2.0
ELP,FFT,1.0
FFT,GRR,1.0
GBG,YIP,1.0
DAY,GBG,1.0
ATL,GSB,1.0
DCA,GSB,1.0
GSB,SVN,10.0
BOS,GSB,1.0
GSB,JFK,2.0
GSB,MIA,2.0
BAD,GSB,1.0
FLL,GSB,1.0
GRB,MKE,21915.0
BNA,GRB,19.0
AZO,GRB,1687.0
GRB,LAS,1185.0
GRB,MSP,69796.0
GRB,GRR,59.0
CPR,GRB,1.0
GRB,TVC,38.0
GRB,SLC,135.0
GRB,MQT,10915.0
GRB,PIT,22.0
FWA,GRB,7.0
DCA,GRB,8.0
GRB,SBN,10.0
BFF,GRB,14.0
GRB,PDX,2.0
GRB,RAP,49.0
GRB,IAD,13.0
GRB,ROC,2.0
GRB,MIA,1.0
BZN,GRB,2.0
GRB,MKG,1.0
FSD,GRB,2.0
GRB,IND,19.0
GRB,PHL,34.0
COS,GRB,4.0
CVG,GRB,17295.0
GRB,MSY,12.0
GFK,GRB,3.0
GRB,MCI,9.0
GRB,LBF,2.0
GRB,GRI,3.0
GRB,SFO,11.0
GRB,LSE,11.0
GRB,RIC,3.0
GRB,RST,11.0
GRB,YIP,6.0
CHA,GRB,1.0
DSM,GRB,5.0
AUS,GRB,1.0
GRB,GSO,1.0
GRB,MHK,2.0
GRB,STL,12.0
GRB,PVD,7.0
GRB,PWM,4.0
FLL,GRB,4.0
GRB,PIA,1.0
ALB,GRB,1.0
GRB,SAN,4.0
BTV,GRB,1.0
GRB,ICT,2.0
GRB,SBA,2.0
GRB,JAX,6.0
GRB,POB,1.0
GRB,RWI,11.0
GRB,LAX,2.0
GRB,XNA,2.0
ACY,GRB,23.0
GRB,MDT,2.0
GRB,MHT,1.0
GRB,NZY,3.0
GRB,SMF,2.0
FCA,GRB,1.0
CID,GRB,2.0
GRB,SNA,1.0
CHS,GRB,1.0
GRB,GTF,2.0
BTR,GRB,2.0
GWO,MEM,1.0
GWO,SHV,1.0
GWO,PDK,1.0
GWO,OKC,1.0
GWO,HUF,1.0
ELP,GWO,1.0
GWO,STL,1.0
GWO,LRD,1.0
GRD,YIP,1.0
JMS,MSP,3250.0
JMS,PIR,1.0
GFK,JMS,548.0
JMS,PIA,1.0
JHW,PIT,17290.0
JHW,YNG,2.0
JHW,PKB,2.0
EWR,JHW,1.0
FWA,JHW,2.0
CHS,JHW,14.0
COU,JHW,1.0
JHW,STL,3.0
ICT,JHW,1.0
JHW,SHV,1.0
JHW,ROC,9.0
JFK,JHW,1.0
IAD,JHW,478.0
EWR,JST,1.0
JST,ORD,1.0
JST,SFO,1.0
JST,PIT,14919.0
ACY,JST,34.0
JST,PHL,1.0
IAD,JST,1656.0
GRK,JST,1.0
ABE,JST,2.0
JST,ROC,1.0
HOT,JBR,62.0
JBR,LIT,6.0
AZO,LAS,1.0
AZO,DCA,2.0
AZO,GRR,92.0
AZO,MSP,20050.0
AZO,TVC,18.0
AZO,PHX,1.0
AZO,FWA,51.0
AZO,LAF,132.0
AZO,PIT,6716.0
AZO,MKE,19.0
AZO,IND,5.0
AZO,SBN,86.0
ALB,AZO,1.0
AZO,STL,4.0
AZO,DSM,7.0
AZO,CVG,22036.0
AZO,RIC,4.0
AZO,PHL,2.0
AZO,SAN,1.0
AZO,FLL,1.0
AZO,MCI,5.0
AZO,SYR,3.0
AZO,RAP,1.0
AZO,HOU,1.0
AZO,CLT,3.0
AZO,SLC,11.0
AZO,TYS,3.0
AZO,GSO,2.0
AZO,DFW,3.0
AZO,UIN,1.0
AZO,EVV,5.0
AZO,IAH,2.0
AZO,BMI,3.0
AZO,GSP,4.0
AZO,ORH,2.0
AZO,SUS,5.0
AZO,LIT,14.0
AZO,BGR,1.0
AZO,PVD,6.0
AZO,JAX,1.0
AZO,CHO,2.0
AZO,SJC,1.0
AZO,PWM,1.0
AVP,AZO,2.0
AZO,ICT,1.0
AZO,MDT,4.0
AZO,BTV,1.0
AZO,BNA,3.0
AZO,ROC,2.0
ACY,AZO,1.0
AZO,JFK,1.0
AZO,IAD,4.0
AZO,LEX,2.0
AZO,CAE,1.0
AZO,PGD,118.0
AZO,FSD,1.0
AZO,HSV,1.0
AZO,ROA,1.0
AZO,LSE,3.0
AZO,MYR,16.0
FCA,GTF,19390.0
FCA,SLC,41372.0
BFL,FCA,2.0
FCA,MSP,7096.0
FCA,MOT,1.0
FAI,FCA,1.0
CID,FCA,3.0
FCA,IND,7.0
ABQ,FCA,5.0
AMA,FCA,1.0
FCA,JAC,1.0
FCA,FSM,4.0
FCA,MWH,16.0
FCA,STL,2.0
FCA,PDT,1.0
FCA,RAP,2.0
FCA,SJC,1.0
FCA,OLM,2.0
FCA,FSD,4.0
COS,FCA,4.0
FCA,MHT,1.0
FCA,IDA,12.0
FCA,ILG,1.0
FCA,SFO,24.0
FCA,LAS,251.0
GTF,S27,8.0
FCA,YIP,1.0
GEG,ZXX,6.0
FCA,KTN,1.0
SLB,WFB,2.0
DQU,WFB,5990.0
DQU,KTN,65.0
KTN,WFB,24059.0
KTN,MEM,4.0
IND,KTN,2.0
KTN,MSP,12.0
KTN,LAS,3.0
IAH,KTN,1.0
KTN,SAT,1.0
PDX,TYS,6.0
MSP,TYS,5582.0
LIT,TYS,1086.0
IAD,TYS,25014.0
MCI,TYS,38.0
CHA,TYS,663.0
LAX,TYS,22.0
DCA,TYS,13108.0
IND,TYS,3106.0
TYS,UCA,1.0
BOS,TYS,47.0
PBI,TYS,20.0
PHL,TYS,8182.0
SLC,TYS,22.0
BNA,TYS,4830.0
LEX,TYS,2218.0
MKE,TYS,18.0
GSP,TYS,192.0
PIT,TYS,20796.0
CVG,TYS,48197.0
CHS,TYS,28.0
BHM,TYS,98.0
HSV,TYS,148.0
GSO,TYS,58.0
STL,TYS,16304.0
ROC,TYS,11.0
MSY,TYS,70.0
OKC,TYS,34.0
SFO,TYS,12.0
GNV,TYS,55.0
FLL,TYS,664.0
JAX,TYS,751.0
SAN,TYS,13.0
BTV,TYS,3.0
LAS,TYS,313.0
TLH,TYS,12.0
ABQ,TYS,14.0
SNA,TYS,7.0
PWM,TYS,12.0
BTR,TYS,48.0
SAT,TYS,20.0
COS,TYS,4.0
PVD,TYS,22.0
PNS,TYS,8.0
MDT,TYS,16.0
GRB,TYS,3.0
PIB,TYS,7.0
OGD,TYS,2.0
MYR,TYS,6.0
RAP,TYS,2.0
SUS,TYS,3.0
ELP,TYS,3.0
TYS,XNA,49.0
GRR,TYS,136.0
SBN,TYS,23.0
TCL,TYS,40.0
ILN,TYS,2987.0
ACY,TYS,237.0
CLL,TYS,8.0
FTW,TYS,1.0
ADS,TYS,1.0
LAF,TYS,11.0
CKB,TYS,12.0
PGV,TYS,3.0
EWN,TYS,1.0
PFN,TYS,1.0
FAY,TYS,5.0
BRO,TYS,8.0
SHV,TYS,49.0
CHO,TYS,22.0
SCE,TYS,4.0
MHT,TYS,8.0
FSM,TYS,22.0
ILM,TYS,4.0
TYS,YNG,2.0
SGF,TYS,11.0
FSD,TYS,1.0
FYV,TYS,8.0
RDG,TYS,1.0
CVS,TYS,1.0
LCH,TYS,10.0
SMF,TYS,2.0
CRW,TYS,15.0
ORH,TYS,1.0
PDK,TYS,2.0
BFL,TYS,4.0
RWI,TYS,3.0
ATW,TYS,1.0
ISM,TYS,1.0
MOB,TYS,2.0
LFT,TYS,15.0
ART,TYS,2.0
FWA,TYS,21.0
DSM,TYS,6.0
IDA,TYS,3.0
GMU,TYS,1.0
LYH,TYS,2.0
ILG,TYS,4.0
DYS,TYS,1.0
FXE,TYS,1.0
FBK,TYS,1.0
PGD,TYS,173.0
PKB,TYS,2.0
GFK,TYS,1.0
BMG,TYS,3.0
AND,TYS,2.0
OFF,TYS,1.0
MGM,TYS,5.0
LUK,TYS,1.0
HGR,TYS,1.0
RST,TYS,2.0
LSE,MCI,6.0
LSE,MSP,76880.0
BDL,LSE,7.0
DSM,LSE,9.0
LSE,RST,3377.0
BNA,LSE,8.0
LSE,STL,21.0
CVG,LSE,13.0
BFF,LSE,3.0
DCA,LSE,9.0
CID,LSE,19.0
LSE,PHL,10.0
LSE,SLC,33.0
LGA,LSE,8.0
LSE,RAP,3.0
EWR,LSE,8.0
LSE,TUS,1.0
IAD,LSE,20.0
LSE,MKE,4312.0
LSE,MSY,14.0
LSE,RNO,2.0
LSE,TPA,4.0
DFW,LSE,8.0
HOU,LSE,1.0
LNK,LSE,1.0
LSE,SUX,6.0
IND,LSE,12.0
LSE,SBN,5.0
ABQ,LSE,2.0
BOS,LSE,4.0
LSE,MEM,5.0
GRR,LSE,6.0
LSE,SAN,5.0
EVV,LSE,1.0
LSE,TVC,1.0
BIL,LSE,1.0
BIS,LSE,1.0
GFK,LSE,3.0
LSE,OMA,4.0
LSE,MOT,1.0
EAU,LSE,5.0
FSD,LSE,2.0
BZN,LSE,1.0
LSE,RDU,4.0
LSE,PIT,6.0
JFK,LSE,4.0
LSE,MCO,2.0
LAS,LSE,33.0
GSO,LSE,1.0
LSE,SNA,1.0
LSE,TOL,2.0
LRD,LSE,4.0
BUF,LSE,1.0
LSE,PDX,1.0
FAI,LSE,1.0
LSE,SFO,4.0
LSE,OSH,1.0
LSE,SFB,3.0
LSE,SEA,1.0
LSE,MQT,1.0
BLI,LSE,1.0
LSE,PVD,2.0
BTV,LSE,2.0
FSM,LSE,3.0
LSE,POB,1.0
COS,LSE,2.0
FLL,LSE,1.0
FCA,LSE,1.0
LIT,LSE,1.0
LSE,XNA,1.0
FNT,LSE,1.0
ACT,LSE,1.0
LSE,RIC,1.0
LSE,MDT,1.0
GEG,LSE,1.0
LGD,PDT,4302.0
LGD,LWS,4.0
BRL,LAF,1.0
HUF,LAF,394.0
EVV,LAF,5.0
FWA,LAF,1241.0
FNT,LAF,1.0
LAF,SBN,9.0
LAF,YNG,1.0
LAF,SPI,2.0
DEC,LAF,1.0
DSM,LAF,1.0
BNA,LAF,5.0
CVG,LAF,15.0
BMI,LAF,29.0
IND,LAF,7.0
CRW,LAF,1.0
LAF,LIT,2.0
AHN,LAF,1.0
CAE,LAF,1.0
LAF,TCL,3.0
CID,LAF,47.0
LAF,MSP,37.0
CPS,LAF,1.0
LAF,STL,1934.0
LAF,MKE,7.0
LAF,LAS,1.0
GSO,LAF,2.0
BHM,LAF,5.0
JFK,LAF,2.0
LAF,SCE,47.0
LAF,OKC,12.0
LAF,SAT,2.0
CLL,LAF,1.0
GPT,LAF,1.0
LAF,SHV,3.0
LAF,LAX,1.0
FTW,LAF,1.0
LAF,SJC,1.0
LAF,SLC,4.0
LAF,MSY,3.0
LAF,MCI,2.0
BMG,LAF,4.0
IAD,LAF,5.0
AND,LAF,1.0
LAF,OSU,1.0
DRT,LAF,15.0
ALO,LAF,1.0
LAF,RFD,1.0
LAF,MOB,1.0
GYY,LAF,1.0
LAF,PHL,1.0
FYV,LAF,2.0
AEX,LAF,1.0
EUG,LAF,1.0
LAF,PHX,2.0
CHA,LAF,2.0
LAF,PIT,2.0
LFT,STL,10.0
LFT,PNS,34.0
LFT,SNA,1.0
LFT,PHL,24.0
JAX,LFT,30.0
LFT,MSY,749.0
BTR,LFT,1284.0
LFT,LGA,47.0
BDL,LFT,3.0
CLE,LFT,20.0
LFT,PIT,15.0
LFT,SEA,1.0
LFT,SFO,2.0
DCA,LFT,94.0
IND,LFT,10.0
LFT,SAT,12.0
LFT,MSP,9.0
LFT,TPA,20.0
CRP,LFT,11.0
LFT,PBI,15.0
FLL,LFT,38.0
LFT,SHV,40.0
LCH,LFT,49.0
ESF,LFT,12.0
BHM,LFT,34.0
AEX,LFT,49.0
GSO,LFT,24.0
BNA,LFT,25.0
LFT,SLC,1.0
IAD,LFT,25.0
LFT,RDU,26.0
LFT,PHX,1.0
LFT,MKE,5.0
CVG,LFT,17.0
LFT,OKC,4.0
BRO,LFT,1.0
CHS,LFT,18.0
HSV,LFT,6.0
GSP,LFT,12.0
LFT,MAF,1.0
LFT,PDX,2.0
LFT,SAV,13.0
ABQ,LFT,1.0
DAY,LFT,9.0
CLL,LFT,12.0
COS,LFT,1.0
LFT,OAK,1.0
ANB,LFT,1.0
LFT,MGM,19.0
LFT,XNA,5.0
LFT,LIT,14.0
AGS,LFT,1.0
LEX,LFT,7.0
LAS,LFT,3.0
GLH,LFT,5.0
LFT,SJC,1.0
LFT,SWO,2.0
LAW,LFT,1.0
GYY,LFT,1.0
LFT,OMA,1.0
LFT,TUS,1.0
CRW,LFT,4.0
LFT,MHK,9.0
LAX,LFT,4.0
LFT,RIC,11.0
BWG,LFT,3.0
LFT,MCI,2.0
ILN,LFT,46.0
LFT,PIB,4.0
ILG,LFT,1.0
LFT,TLH,5.0
GRR,LFT,2.0
LBB,LFT,3.0
LFT,MSN,1.0
LAN,LFT,1.0
IAB,LFT,1.0
JFK,LFT,4.0
CHA,LFT,3.0
LFT,PKB,1.0
CMI,LFT,1.0
BIS,LFT,1.0
AVL,LFT,1.0
BWI,XXW,1.0
JAX,XXW,12.0
BGR,XXW,1.0
ACY,XXW,2.0
SAV,XXW,1.0
LNS,PHL,5241.0
LNS,PIT,6402.0
HGR,LNS,50.0
LNS,MGW,1.0
LNS,MDT,2.0
LNS,LUK,2.0
IAD,LNS,1.0
GJT,LAS,1975.0
LAS,SFO,232885.0
LAS,SLC,184467.0
LAS,PHL,65885.0
LAS,SBA,11818.0
LAS,OKC,12277.0
COS,LAS,30329.0
FAI,LSV,1.0
LAS,LSV,102.0
LAS,PIT,36171.0
DSM,LAS,4289.0
LAS,SNA,115971.0
LAS,STL,71282.0
BNA,LAS,29721.0
LAS,ROC,288.0
LAS,MKE,32644.0
LAS,SMF,101066.0
LAS,RAP,1043.0
LAS,MCI,72963.0
LAS,LAX,588151.0
BFL,LAS,5489.0
IAD,LAS,28150.0
GTF,LAS,770.0
ABQ,LAS,93661.0
LAX,LSV,7.0
LAS,MSP,104505.0
LAS,SAT,60833.0
IND,LAS,41905.0
CID,LAS,2798.0
LAS,TWF,2.0
LAS,LIT,6551.0
LAS,MSY,12129.0
CVG,LAS,32289.0
LAS,SAN,214010.0
FSD,LAS,2673.0
IDA,LAS,918.0
FLL,LAS,15984.0
FMN,LAS,165.0
LSV,SKF,1.0
LAS,SBN,1311.0
LSV,MDW,1.0
LSV,SFO,3.0
LSV,RNO,2.0
LAS,PVD,3028.0
LAS,OGD,1.0
CDC,LAS,4995.0
BHM,LAS,6617.0
BLI,LAS,5499.0
DCA,LAS,6868.0
GSB,LSV,10.0
LAS,MHT,4598.0
HIF,LAS,1.0
FWA,LAS,259.0
EAU,LAS,9.0
FSM,LAS,2.0
LAS,MDT,23.0
LAS,VGT,14.0
LSV,OKC,5.0
LAS,SBP,2137.0
COS,LSV,8.0
GRK,LSV,2.0
GFK,LAS,269.0
LAS,SGU,4810.0
BAD,LSV,17.0
BMI,LAS,263.0
LAS,SGF,2034.0
LAS,SPI,84.0
LSV,PAM,7.0
GRR,LAS,612.0
LSV,SZL,8.0
ATL,LSV,1.0
SLC,VGT,2.0
LAS,PBI,385.0
LSV,PHL,3.0
JAX,LAS,1203.0
ACY,LAS,524.0
LAS,LMT,2.0
LSV,OMA,1.0
LAS,TCM,2.0
HMN,LSV,13.0
CDC,VGT,2.0
GSO,LAS,16.0
CHS,LAS,4.0
BHM,LSV,1.0
CRW,LAS,1.0
BNA,LSV,1.0
LAS,RIV,190.0
LAS,PIH,13.0
GRI,LAS,281.0
BTR,LAS,8.0
SGU,VGT,1.0
LAS,LWS,2.0
GGG,LSV,1.0
PHX,VGT,4.0
BRD,LAS,1.0
GTR,LSV,1.0
CRP,LAS,27.0
HII,LAS,513.0
LAS,RST,556.0
MYF,VGT,2.0
LAS,MHK,3.0
HSV,LAS,64.0
LAS,MGM,2.0
LAS,TLH,6.0
LAS,SWO,4.0
GTF,LSV,2.0
LAS,YNG,1.0
BFL,LSV,1.0
ILN,LAS,1916.0
FSD,LSV,1.0
LSV,NBG,1.0
LSV,ORD,2.0
LAS,PDK,2.0
LAS,LAW,1.0
APC,LAS,1.0
LAS,MYR,9.0
JAX,LSV,2.0
EDF,LAS,1.0
LAS,SHV,917.0
LAS,MHR,5.0
LAS,PAM,2.0
DRT,LAS,1.0
LSV,MUO,8.0
BOS,LSV,1.0
DHN,LAS,1.0
EWR,LSV,1.0
EVV,LAS,3.0
LSV,MXF,2.0
LAS,NZY,2.0
GSP,LAS,65.0
LSV,MSP,2.0
LAS,XNA,126.0
LAS,SZL,1.0
LAS,SJT,2.0
LSV,MCI,2.0
CLL,LAS,4.0
LSV,TIK,3.0
LAS,PNE,1.0
ANC,LSV,1.0
LAS,XXW,1.0
SEE,VGT,10.0
SAN,VGT,4.0
HSH,IAD,1.0
LAS,STS,1205.0
AZA,LSV,1.0
LSV,MIA,2.0
LSV,RCA,2.0
HSH,SNA,6.0
LAS,NZC,5.0
IAH,LSV,1.0
LAS,ROA,1.0
MHR,VGT,2.0
ABQ,VGT,3.0
PDK,TN3,1.0
LEX,PHL,34.0
BOS,LEX,15.0
CRW,LEX,14218.0
CVG,LEX,73197.0
LEX,PIT,32536.0
FWA,LEX,26.0
BNA,LEX,3082.0
LEX,SBN,16.0
IAD,LEX,63.0
IND,LEX,137.0
DCA,LEX,3606.0
LEX,STL,23256.0
FLL,LEX,253.0
EVV,LEX,51.0
LEX,MSY,71.0
GNV,LEX,50.0
LEX,PBI,419.0
CHA,LEX,17.0
LEX,PWM,4.0
LEX,ROC,7.0
LEX,MSP,425.0
JAX,LEX,14.0
BHM,LEX,17.0
GSO,LEX,13.0
LEX,SAT,6.0
LAS,LEX,6.0
LEX,MCI,54.0
ABQ,LEX,2.0
LEX,PDX,1.0
BGR,LEX,3.0
GSP,LEX,30.0
CID,LEX,3.0
LSD,MEM,1.0
LEX,MIE,1.0
CHO,LEX,5.0
LEX,MDT,11.0
LEX,PGV,2.0
LEX,XNA,23.0
LEX,LIT,10.0
BTR,LEX,50.0
HSV,LEX,5.0
CHS,LEX,11.0
LEX,MHT,1.0
LEX,PVD,7.0
LEX,MFD,1.0
LEX,MYR,5.0
LEX,SFO,2.0
LEX,OKC,176.0
ACY,LEX,15.0
LEX,SLC,2.0
LEX,SHV,35.0
LEX,TCL,31.0
HOT,LEX,103.0
GRR,LEX,3.0
LEX,RNO,1.0
BGM,LEX,5.0
LEX,NZY,2.0
LEX,MKE,18.0
LEX,LUK,2.0
DSM,LEX,15.0
BTV,LEX,3.0
LEX,PNE,3.0
EKX,LEX,1.0
LEX,TLH,3.0
FYV,LEX,17.0
BRO,LEX,16.0
GRB,LEX,2.0
LAW,LEX,2.0
CKB,LEX,1.0
HVN,LEX,2.0
LEX,PIH,2.0
LEX,OGG,1.0
LEX,TVC,3.0
BYH,LEX,3.0
LEX,RWI,1.0
FLO,LEX,1.0
GPT,LEX,1.0
DQF,LEX,2.0
FSM,LEX,5.0
CLL,LEX,8.0
LEX,YNG,2.0
LEX,SPI,8.0
LAX,LEX,1.0
DPA,LEX,1.0
BMG,LEX,4.0
IPT,LEX,1.0
IAD,LYH,4114.0
CHO,LYH,26.0
CRW,LYH,7.0
LYH,MSY,1.0
LYH,MIA,1.0
BOS,LYH,1.0
LYH,RIC,1.0
LYH,PIT,4801.0
LYH,PHL,29.0
LYH,TPA,1.0
LYH,YNG,3.0
GSO,LYH,10.0
DFW,LYH,1.0
LYH,SBY,1.0
LYH,MDT,1.0
LYH,PGV,1.0
BTR,LYH,2.0
LYH,MGM,2.0
BTV,LYH,1.0
LYH,PVD,1.0
ALB,LYH,1.0
CLL,MHK,37.0
MHK,SLC,2.0
MHK,ROC,2.0
MHK,SAN,9.0
CVG,MHK,6.0
DSM,MHK,19.0
MHK,PIB,0.0
MCI,MHK,14374.0
MHK,SWO,9.0
MHK,MSP,15.0
HUF,MHK,2.0
MHK,OKC,32.0
BWG,MHK,4.0
BDL,MHK,1.0
CID,MHK,2.0
MHK,SBN,2.0
GBD,MHK,453.0
DDC,MHK,760.0
MGM,MHK,3.0
MHK,STL,3.0
MHK,PSF,1.0
MHK,VAD,1.0
LCH,MHK,2.0
FLL,MHK,2.0
GPT,MHK,2.0
GCK,MHK,17.0
MDW,MHK,2.0
DMA,MHK,1.0
MHK,TOL,1.0
MHK,SEA,1.0
ABR,MHK,1.0
HRO,MHK,1.0
COS,MHK,3.0
AEX,MHK,25.0
BMI,MHK,2.0
MHK,PHL,2.0
MHK,MXF,1.0
MHK,MKE,4.0
MHK,YIP,2.0
MHK,SJC,1.0
MHK,TYS,1.0
JAX,MHK,2.0
CAE,MHK,1.0
BNA,MHK,2.0
LUK,MHK,7.0
CLE,MHK,3.0
IND,MHK,3.0
MHK,SVN,1.0
BRL,MHK,5.0
IAD,MHK,2.0
MHK,SHV,2.0
ABQ,MHK,4.0
LAX,MHK,3.0
MHK,TBN,1.0
CSG,MHK,1.0
GEG,MHK,1.0
CLE,MFD,2.0
LIT,MFD,4.0
MFD,SHV,8.0
MFD,MKE,4.0
MFD,MQT,2.0
GSO,MFD,2.0
MFD,SUS,3.0
ABY,MFD,1.0
BRO,MFD,1.0
CGI,MFD,1.0
MFD,SKY,1.0
ELP,MFD,1.0
EVV,MFD,2.0
MQT,TVC,4141.0
CID,MQT,2.0
MQT,MSP,5342.0
MQT,SAW,1.0
EAU,MQT,3.0
ORD,SAW,1.0
JFK,SAW,1.0
BDL,SAW,1.0
ADS,MQT,1.0
ERI,MQT,1.0
MKE,MQT,12255.0
CID,SAW,1.0
IMT,MQT,2744.0
GFK,MQT,2.0
ATL,MQT,1.0
MEJ,YIP,1.0
DCA,MKE,53175.0
LAX,MKE,26629.0
MCI,MKE,62929.0
MKE,SUX,7.0
IAD,MKE,4493.0
MKE,SBN,40.0
GRR,MKE,40315.0
IND,MKE,22269.0
CID,MKE,46.0
MKE,MSP,123104.0
FLL,MKE,6266.0
MKE,PBI,8.0
MKE,PHL,59171.0
MKE,SFO,10588.0
MKE,SLC,1954.0
CHS,MKE,9.0
MKE,PIT,52690.0
CVG,MKE,58729.0
HSV,MKE,14.0
BNA,MKE,21666.0
MKE,RST,29.0
MKE,STL,84585.0
MKE,SNA,24.0
MKE,PVD,25.0
MKE,PWM,17.0
BFF,MKE,29.0
JAN,MKE,2.0
MKE,OKC,65.0
MKE,SMF,24.0
EVV,MKE,16.0
DSM,MKE,16378.0
MHT,MKE,11.0
GSO,MKE,14.0
BTV,MKE,9.0
MDT,MKE,41.0
MKE,SAN,1532.0
MKE,ROC,18.0
MKE,RAP,62.0
MCW,MKE,3.0
FWA,MKE,27.0
MKE,MSY,70.0
FSD,MKE,41.0
ABQ,MKE,14.0
MKE,TVC,33.0
ACY,MKE,11.0
HVN,MKE,2.0
EAU,MKE,6.0
MKE,STP,350.0
COS,MKE,43.0
MKE,SPI,14.0
MKE,SGF,14.0
MKE,SAV,3.0
BMI,MKE,13.0
GRI,MKE,5.0
HUF,MKE,1.0
LBF,MKE,2.0
MKE,SAT,49.0
GSP,MKE,12.0
MKE,MKL,1.0
BHM,MKE,21.0
MKE,XNA,8.0
CHA,MKE,14.0
LIT,MKE,42.0
IMT,MKE,11421.0
MKE,PGV,6.0
ILN,MKE,2601.0
MKE,YNG,7.0
BTL,MKE,2.0
EDF,MKE,2.0
MKE,ORH,3.0
MKE,STC,1.0
MKE,NZY,3.0
GFK,MKE,16.0
FAY,MKE,6.0
ILM,MKE,3.0
MKE,SHV,69.0
BTR,MKE,4.0
MKE,NC3,1.0
MKE,SCE,5.0
MKE,SUS,132.0
MKE,PIB,3.0
MKE,TLH,6.0
FAT,MKE,1.0
ANB,MKE,1.0
GJT,MKE,5.0
IPT,MKE,1.0
CKB,MKE,15.0
MKE,RWI,10.0
GNV,MKE,2.0
DRT,MKE,1.0
CLL,MKE,22.0
CHO,MKE,6.0
JAX,MKE,7.0
MKE,SER,1.0
LUK,MKE,5.0
AEX,MKE,13.0
MKC,MKE,42.0
MKE,TWF,1.0
GTF,MKE,6.0
EUG,MKE,1.0
BZN,MKE,2.0
BWG,MKE,1.0
BDR,MKE,2.0
CRW,MKE,2.0
MKE,RIV,2.0
MKE,RCA,1.0
ISO,MKE,1.0
FAI,MKE,1.0
MCC,MKE,1.0
BRO,MKE,1.0
MKE,TCL,1.0
MWC,TVC,1.0
MHR,MKE,1.0
MUT,YIP,1.0
BNA,LIT,12515.0
BNA,LAX,48537.0
BNA,MCI,45632.0
BNA,CHA,2380.0
ABQ,BNA,86.0
BNA,DCA,50204.0
BNA,BTR,7401.0
BNA,IAD,20875.0
BNA,IND,9146.0
BNA,MSY,37864.0
BNA,MSP,42894.0
BNA,TLH,13.0
BHM,BNA,52669.0
BNA,PIT,40343.0
BNA,HSV,11699.0
BNA,CVG,53511.0
BNA,GSO,4029.0
BNA,EVV,479.0
BNA,GSP,1179.0
BNA,STL,76579.0
BNA,PNS,2613.0
BNA,PHL,53828.0
BNA,CRP,12.0
BNA,SFO,3064.0
BNA,OKC,166.0
BNA,JAX,35092.0
BNA,FLL,18183.0
BNA,PBI,3819.0
BNA,SLC,2036.0
BNA,SAT,17212.0
BNA,FAY,5.0
BNA,SAN,19606.0
BNA,SNA,15.0
BNA,FWA,2697.0
BNA,GRR,41.0
BNA,SBN,842.0
BNA,SHV,86.0
BNA,MGM,8.0
BNA,FYV,1839.0
BNA,CID,10.0
BNA,SGF,3109.0
BNA,ROC,25.0
BNA,FSM,569.0
BNA,CHS,8.0
BNA,RST,14.0
BNA,OWB,557.0
BNA,COS,785.0
BNA,BRO,108.0
BNA,MHT,9238.0
BNA,MDT,46.0
BNA,LUK,3.0
BNA,PVD,15428.0
BNA,DSM,24.0
BNA,GJT,7.0
BNA,BTV,24.0
BNA,MZZ,1.0
BNA,GNV,56.0
AEX,BNA,22.0
BNA,IPT,2.0
BNA,LCH,16.0
BNA,TCL,28.0
BNA,HNL,2.0
BNA,MGW,1.0
BNA,CRW,10.0
BNA,DCU,2.0
BNA,OGD,1.0
BNA,BWG,43.0
BNA,CGI,6.0
BNA,ILN,4930.0
BNA,PFN,2.0
BNA,SPI,10.0
BNA,ILM,3.0
BNA,SUS,45.0
BNA,RDG,2.0
BNA,XNA,88.0
BNA,RWI,9.0
BNA,GTF,1.0
BNA,MFD,1.0
BNA,SMF,8.0
BNA,FAI,1.0
BNA,MYR,12.0
BNA,CHO,13.0
ABY,BNA,1.0
BMI,BNA,5.0
BNA,YNG,21.0
BNA,DQF,1.0
BNA,VLD,2.0
ACY,BNA,21.0
BNA,SCE,3.0
JWN,MDW,1.0
BNA,HKY,1.0
BIF,BNA,1.0
BNA,DPA,2.0
BFM,BNA,1.0
BNA,GFK,3.0
BNA,ILG,11.0
BNA,MOR,1.0
BNA,GLH,5.0
BNA,SKY,1.0
BNA,MKC,1.0
BNA,BTL,1.0
AZA,BNA,1.0
BNA,SCF,1.0
BNA,PAH,2.0
BNA,JAC,1.0
BNA,GGG,2.0
AND,BNA,1.0
BNA,RIV,1.0
BNA,MIE,1.0
BNA,PGD,5.0
HVN,IAD,1721.0
HVN,JFK,1.0
GRR,HVN,5.0
DCA,HVN,5.0
HVN,PIT,5.0
HVN,ORH,27.0
BTV,HVN,3.0
BDR,HVN,2.0
HVN,MHT,9.0
HVN,PVD,12.0
HVN,ROC,2.0
HVN,PHL,28231.0
ACT,HVN,1.0
CVG,HVN,3227.0
HVN,IPT,1.0
FLO,HVN,1.0
MOB,OWB,1.0
OWB,SGF,1.0
EVV,OWB,1138.0
CMI,OWB,1.0
OWB,STL,6403.0
CVG,OWB,112.0
OWB,PIT,2.0
DPA,OWB,1.0
MEM,OWB,2.0
LRD,OWB,1.0
ALW,PDT,5291.0
PDT,PUW,3.0
GGG,PDT,3.0
EKO,PDT,1.0
MWH,PDT,2.0
FSM,PDT,1.0
ABQ,PDT,1.0
PDT,SAN,1.0
GNV,PNS,8.0
BTR,PNS,2256.0
MCI,PNS,2.0
MSY,PNS,13240.0
PNS,TLH,7612.0
BHM,PNS,1487.0
HSV,PNS,11.0
JAX,PNS,7408.0
PIT,PNS,6.0
PNS,SHV,35.0
PFN,PNS,47.0
MGM,PNS,46.0
PNS,SAT,15.0
BZN,PNS,1.0
FLL,PNS,4674.0
PBI,PNS,8.0
GSO,PNS,12.0
PNS,STL,4.0
DCA,PNS,9.0
PHL,PNS,4.0
CVG,PNS,1960.0
LEX,PNS,2.0
LGA,PNS,4.0
PNS,SLC,1.0
BOS,PNS,1.0
CHS,PNS,5.0
MSP,PNS,1530.0
NPA,ORD,5.0
MDW,PNS,1.0
IND,PNS,3.0
ILN,PNS,490.0
COS,PNS,1.0
ASN,PNS,1.0
LUK,PNS,1.0
MDW,NPA,1.0
AOH,PNS,1.0
CMH,PNS,2.0
GSP,PNS,205.0
FWA,PNS,7.0
MSP,NPA,4.0
LAX,PNS,1.0
ACT,NPA,1.0
ISM,PNS,1.0
BKL,PNS,1.0
LIT,PNS,5.0
NZY,PNS,3.0
NKX,PNS,1.0
AGC,PNS,1.0
GLH,PNS,1.0
PNS,SNA,2.0
PNS,SAN,1.0
ABQ,PNS,1.0
ACY,PNS,5.0
NPA,PNS,1.0
IDA,PIH,20502.0
PIH,TWF,1090.0
DFW,PIH,2.0
PIH,SAN,6.0
PIH,SLC,30575.0
ANC,PIH,2.0
MSP,PIH,4.0
ORD,PIH,9.0
PIH,SFO,5.0
ATL,PIH,1.0
BOS,PIH,1.0
EWR,PIH,2.0
PIH,SMF,12.0
CVG,PIH,2.0
DSM,PIH,2.0
PIH,SNA,3.0
FCA,PIH,4.0
PIH,TUS,3.0
OMA,PIH,2.0
PIH,SGU,7.0
LAX,PIH,2.0
GTF,PIH,3.0
PIH,STL,2.0
PIH,RAP,2.0
ELP,PIH,2.0
BTM,PIH,2.0
AUS,PIH,1.0
HLN,PIH,4.0
CPR,PIH,11.0
FAT,PIH,3.0
PIH,SBA,1.0
GJT,PIH,1.0
OAK,PIH,2.0
NZY,PIH,1.0
ABQ,PIH,4.0
MCI,PIH,2.0
DCA,PIH,4.0
OKC,PIH,4.0
PIH,PUB,1.0
PIH,RNO,3.0
PIH,TCM,1.0
BWI,PIH,1.0
CMH,PIH,1.0
PIH,RDM,1.0
CLE,PIH,1.0
JFK,PIH,1.0
IND,PIH,1.0
BLI,PIH,1.0
MKE,PIH,1.0
IAH,PIH,1.0
DQF,PIH,1.0
GFK,PIH,2.0
GCC,PIH,1.0
RBL,SMF,1.0
ABQ,RIV,8.0
ELP,RIV,2.0
MCI,RIV,2.0
MSP,RIV,4.0
LAX,RIV,450.0
FAT,RIV,1.0
RIV,SYR,1.0
ORD,RIV,5.0
OKC,RIV,81.0
HSV,RIV,1.0
MHR,RIV,1523.0
NZY,RIV,4.0
OAK,RIV,2.0
ATL,RIV,3.0
RIV,SFO,1545.0
RIV,SLC,1184.0
FLL,RIV,1.0
LAW,RIV,1.0
CHS,RIV,1.0
MUO,RIV,1.0
ACY,RIV,1.0
RIV,STL,6.0
PIT,RIV,1.0
LCK,RIV,1.0
LBB,RIV,6.0
EIL,RIV,1.0
RIV,SCE,1.0
COS,RIV,2.0
RIV,SGF,7.0
PIT,RST,11.0
CVG,RST,16.0
RST,STL,39.0
RST,SNA,11.0
MSP,RST,92875.0
MCI,RST,33.0
IAD,RST,15.0
GFK,RST,229.0
CID,RST,68.0
FLL,RST,6.0
RST,SLC,16.0
PHL,RST,27.0
RST,SFO,10.0
MIA,RST,10.0
CMH,RST,7.0
GEG,RST,8.0
BDL,RST,11.0
LGA,RST,11.0
RST,SAN,8.0
DSM,RST,73.0
GRR,RST,14.0
MCO,RST,11.0
DAY,RST,5.0
RST,TPA,14.0
BOS,RST,5.0
ANC,RST,7.0
DCA,RST,25.0
ABQ,RST,8.0
LAX,RST,15.0
RNO,RST,4.0
RST,SJC,4.0
EAU,RST,6.0
ATL,RST,24.0
MSY,RST,7.0
CLT,RST,20.0
RDU,RST,6.0
ROC,RST,2.0
FSD,RST,2195.0
ALB,RST,3.0
LNK,RST,1.0
HOU,RST,6.0
RST,SUX,7.0
IND,RST,226.0
RAP,RST,6.0
AZO,RST,1.0
ALO,RST,1.0
RST,TVC,2.0
OKC,RST,35.0
BIS,RST,3.0
ABR,RST,1.0
IAH,RST,18.0
BJI,RST,3.0
RST,SAT,5.0
FAI,RST,2.0
MBS,RST,2.0
ADS,RST,2.0
MOT,RST,3.0
BZN,RST,2.0
ILN,RST,2179.0
RST,SGF,5.0
JAX,RST,2.0
GBG,RST,1.0
PVD,RST,1.0
HSV,RST,51.0
RST,SUS,1.0
FSM,RST,1.0
RST,STC,2.0
JAC,RST,1.0
FWA,RST,4.0
LBF,RST,1.0
DAL,RST,2.0
PIR,RST,1.0
MSO,RST,1.0
BIF,RST,1.0
CPR,RST,16.0
MHT,RST,2.0
BTV,RST,1.0
RIC,RST,1.0
IDA,RST,1.0
RST,SMF,2.0
MKC,RST,1.0
AZA,RST,2.0
ROA,RST,1.0
OWA,RST,1.0
RST,SFB,2.0
LCK,RST,1.0
BHM,RST,2.0
IAD,ROC,38575.0
DCA,ROC,39146.0
MCI,ROC,15.0
PHL,ROC,72057.0
ROC,SFO,3.0
ACY,ROC,241.0
FLL,ROC,999.0
PBI,ROC,34.0
ROC,STL,19.0
PIT,ROC,48800.0
MDT,ROC,78.0
GSO,ROC,83.0
CVG,ROC,29014.0
BGM,ROC,14.0
BTV,ROC,20.0
MHT,ROC,256.0
GRR,ROC,51.0
IND,ROC,157.0
ROC,SAV,1.0
CRW,ROC,5.0
CHS,ROC,9.0
PVD,ROC,101.0
BHM,ROC,3.0
MSP,ROC,4755.0
ROC,SBN,5.0
JAX,ROC,20.0
COU,ROC,1.0
GSP,ROC,26.0
BFI,ROC,1.0
DPA,ROC,2.0
LRD,ROC,3.0
ROC,SAN,1.0
ILN,ROC,3755.0
ROC,SFB,4.0
RNO,ROC,1.0
FWA,ROC,12.0
PWK,ROC,2.0
LIT,ROC,4.0
ROC,YNG,3.0
LAX,ROC,5.0
ISO,ROC,1.0
DSM,ROC,8.0
CKB,ROC,5.0
ROC,XNA,3.0
PKB,ROC,1.0
ILM,ROC,4.0
MSY,ROC,3.0
PBG,ROC,1.0
IPT,ROC,1.0
ROC,TUL,1.0
FAY,ROC,2.0
EWR,SBY,2.0
PHL,SBY,29851.0
PIT,SBY,2.0
GSP,SBY,2.0
DCA,SBY,1361.0
IAD,SBY,1.0
IND,SBY,1.0
CHO,SBY,3.0
MDT,SBY,2.0
BGR,SBY,1.0
HVN,SBY,1.0
LRD,SRW,2.0
JAX,SRW,1.0
MCI,SRW,1.0
SAT,SRW,1.0
SAN,SFO,238820.0
SAN,SLC,78077.0
GJT,SAN,11.0
MSP,SAN,55027.0
FSD,SAN,24.0
IAD,SAN,32340.0
LAX,SAN,431076.0
MCI,SAN,16834.0
ABQ,SAN,39258.0
SAN,SNA,1266.0
SAN,STL,40416.0
SAN,SMF,152882.0
CVG,SAN,29741.0
PIT,SAN,29493.0
OKC,SAN,1693.0
PHL,SAN,19824.0
DCA,SAN,7.0
IND,SAN,4747.0
BFL,SAN,1232.0
GRR,SAN,16.0
COS,SAN,4389.0
SAN,SBA,1162.0
FLL,SAN,23.0
MCO,NZY,1.0
SAN,SAT,5209.0
NKX,SAN,2.0
FAI,NZY,1.0
MSY,SAN,3681.0
DSM,SAN,66.0
LUF,NZY,1.0
PDX,SDM,2.0
IND,NKX,1.0
ILN,SAN,3116.0
LAX,NZY,16.0
NKX,TOL,1.0
JAX,NZY,1.0
NZY,SFO,17.0
JAX,SAN,7.0
PBI,SAN,2.0
FLL,NZY,1.0
NZY,SLC,11.0
COS,NZY,7.0
NZY,SAN,5.0
PVD,SAN,9.0
NZY,PIT,3.0
EVV,SAN,3.0
NZY,STL,5.0
ABQ,NZY,5.0
SAN,SHV,7.0
SDM,SHV,2.0
LRD,SAN,2.0
ACT,NKX,2.0
LBL,SDM,1.0
IPL,SDM,5.0
SAN,SBP,3.0
NIP,SAN,1.0
OKC,SDM,7.0
NZY,OKC,8.0
BTV,NZY,3.0
MWH,SAN,2.0
BNA,NZY,3.0
NKX,NZY,6.0
ATL,NZY,1.0
NKX,ORD,1.0
MCI,SDM,38.0
LIT,SAN,12.0
LAX,SDM,3.0
IND,NZY,2.0
CID,NZY,2.0
BTL,NZY,3.0
LRD,SDM,4.0
DFW,SDM,4.0
FTW,SDM,2.0
NZY,OMA,1.0
SDM,TUL,2.0
SDM,YUM,1.0
EKO,NZY,1.0
CPR,SAN,1.0
DNE,NZY,1.0
BFI,SDM,1.0
DQF,SDM,1.0
GRK,NKX,1.0
EDF,NZY,2.0
BTR,SAN,4.0
MSY,NKX,1.0
MSP,NZY,2.0
FWA,SAN,30.0
DRO,SAN,1.0
BIF,SAN,2.0
GRK,SAN,1.0
MIA,NZY,2.0
AUS,NZY,1.0
CLL,SAN,6.0
MWH,SDM,1.0
BHM,SAN,36.0
KTN,SAN,1.0
NZY,SBN,1.0
MHR,SAN,4.0
CID,SAN,9.0
NZY,YUM,1.0
JAC,NZY,1.0
BLI,SAN,399.0
AEX,NZY,1.0
MHT,SAN,1.0
NKX,POB,1.0
ABQ,SDM,3.0
SAN,SWO,2.0
ACV,SAN,1.0
COS,NKX,1.0
CHO,SAN,1.0
MCI,NKX,1.0
MHR,NKX,2.0
SAC,SAN,1.0
HSV,NZY,1.0
CDC,SAN,6.0
ROW,SDM,1.0
AUS,SDM,1.0
SFO,SNA,155819.0
SLC,SNA,64256.0
PHL,SNA,321.0
DSM,SNA,104.0
SNA,STL,27290.0
SMF,SNA,88834.0
LAX,SNA,34204.0
MCI,SNA,1870.0
MSP,SNA,42053.0
SBA,SNA,11.0
ABQ,SNA,51.0
SNA,STS,1.0
RAP,SNA,3.0
IAD,SNA,609.0
HIK,NZJ,1.0
PIT,SNA,14733.0
BFL,SNA,403.0
IND,SNA,34.0
CVG,SNA,3492.0
LNK,SNA,3.0
GRR,SNA,10.0
PBI,SNA,3.0
COS,SNA,35.0
LIT,SNA,3.0
FLL,SNA,5.0
DCA,SNA,3.0
MSY,SNA,4.0
OKC,SNA,34.0
GJT,SNA,16.0
SAT,SNA,90.0
SNA,TLH,2.0
LRD,SNA,1.0
PNE,SNA,1.0
ATW,SNA,1.0
SNA,VGT,1.0
SDM,SNA,1.0
ELP,SBM,1.0
MSP,STC,41528.0
ATY,STC,2153.0
STC,SUX,3.0
PIA,STC,1.0
BIS,STC,1.0
CGI,STC,1.0
STC,YIP,1.0
ORH,STC,1.0
GFK,STC,2.0
STC,TVC,1.0
MQT,STC,1.0
ROC,STC,1.0
PIR,STC,1.0
LSV,STL,1.0
SAT,STL,54436.0
MSP,STL,188922.0
SGF,STL,85549.0
MSY,STL,58007.0
FSD,STL,20291.0
SPI,STL,92002.0
IND,STL,117696.0
CID,STL,74057.0
MCI,STL,188534.0
DCA,STL,91651.0
IAD,STL,69559.0
LAX,STL,84061.0
LIT,STL,100861.0
STL,SUX,19388.0
ABQ,STL,61054.0
SHV,STL,13762.0
OKC,STL,96600.0
PHL,STL,100713.0
SLC,STL,77806.0
SFO,STL,58167.0
JAX,STL,36616.0
CRP,STL,16.0
COS,STL,24757.0
PBI,STL,7813.0
FLL,STL,33777.0
MDT,STL,1180.0
PIT,STL,94908.0
GSO,STL,24.0
GSP,STL,2715.0
CVG,STL,91163.0
BHM,STL,35271.0
EVV,STL,59858.0
DSM,STL,68612.0
CRW,STL,5.0
MGM,STL,9.0
BMI,STL,66640.0
SBN,STL,38494.0
FYV,STL,28157.0
BRL,STL,31760.0
FSM,STL,8859.0
RAP,STL,7.0
STL,TBN,23876.0
CGI,STL,22601.0
IDA,STL,2.0
SMF,STL,15240.0
FWA,STL,21935.0
STL,TWF,1.0
GRR,STL,22119.0
STL,TLH,8.0
BTR,STL,503.0
HSV,STL,42.0
GJT,STL,19.0
GTF,STL,9.0
PWM,STL,6.0
STL,XNA,27996.0
CHA,STL,21.0
BRO,STL,91.0
PVD,STL,33.0
STL,SUS,14.0
CHS,STL,1902.0
MHT,STL,40.0
MYR,STL,4.0
MKG,STL,6.0
MWH,STL,2.0
STL,TUP,1.0
OGD,SUS,1.0
STL,YNG,2.0
BRO,SUS,19.0
MFR,STL,1.0
CPS,LAN,1.0
LAN,SUS,3.0
CPS,LEX,1.0
MDH,STL,1.0
IRK,STL,6523.0
BWG,STL,5.0
AFW,SUS,2.0
SAT,SUS,11.0
BTL,STL,3.0
ILN,STL,3958.0
SHV,SUS,7.0
BMG,STL,3.0
MCI,SUS,5.0
GTF,SUS,2.0
LAX,SUS,7.0
MSP,SUS,28.0
SGF,SUS,2.0
FDY,STL,1.0
BZN,STL,1.0
GSP,SUS,2.0
CPS,ERI,1.0
CVS,STL,1.0
LOZ,STL,1.0
MIE,STL,1.0
CLL,STL,48.0
SCE,STL,2.0
LWF,SUS,1.0
OKC,SUS,11.0
KTN,STL,1.0
SUS,SYR,1.0
CMI,SUS,2.0
BFI,SUS,1.0
IRS,STL,1.0
BDL,SUS,2.0
GFK,STL,13.0
MKC,STL,7.0
NEW,STL,1.0
PWK,STL,2.0
ACY,STL,19.0
PHL,SUS,6.0
SUS,TVC,7.0
SPS,STL,10.0
SBA,STL,1.0
FLL,SUS,9.0
MFD,STL,1.0
BTV,STL,3.0
EAU,STL,3.0
GLH,STL,2.0
RCA,STL,1.0
BFM,STL,2.0
BOS,SUS,1.0
FOE,SUS,1.0
ABY,CPS,4.0
FAT,STL,1.0
OKK,STL,2.0
PIA,SUS,1.0
GRR,SUS,4.0
FAY,STL,3.0
HBG,SUS,1.0
LIT,SUS,2.0
STL,TCL,2.0
BKL,STL,2.0
SER,STL,1.0
JXN,STL,1.0
CPS,SUS,1.0
HLM,STL,1.0
DPA,SUS,1.0
CHO,STL,3.0
STL,SVN,1.0
NJK,STL,1.0
ABY,STL,1.0
ABQ,SUS,1.0
SMF,SUS,2.0
HUF,STL,2.0
IND,SUS,6.0
HOU,SUS,1.0
STL,VWT,1.0
AEX,STL,38.0
PIT,SUS,11.0
SBM,STL,2.0
LAS,SUS,2.0
CVG,SUS,3.0
GSO,SUS,1.0
LUK,STL,5.0
LRU,STL,1.0
SSC,STL,1.0
CPS,TVC,1.0
SUS,XNA,1.0
GNV,STL,3.0
MOP,STL,1.0
SLC,SUS,2.0
BTM,STL,1.0
CPR,STL,2.0
IAD,SUS,6.0
SBN,SUS,3.0
ILG,STL,6.0
CHA,SUS,2.0
MKC,SUS,2.0
PWM,SUS,1.0
CPS,EWN,1.0
AZA,STL,1.0
OAK,SUS,1.0
JAC,STL,1.0
EVV,SUS,2.0
ORD,SUS,1.0
CPS,MSY,2.0
ASN,ELP,1.0
ASN,HLM,1.0
ASN,DTW,3.0
ASN,BUF,1.0
ASN,YNG,2.0
ASN,SAT,2.0
ASN,CMH,4.0
ASN,AZO,2.0
ASN,DAY,1.0
ASN,MIE,1.0
ASN,TOL,1.0
ASN,BHM,3.0
ASN,LCK,1.0
ASN,MEM,3.0
ASN,CLU,2.0
TCL,THA,1.0
PWK,THA,1.0
LRD,THA,1.0
ART,OGS,7249.0
ART,PIT,10488.0
AGS,ART,18.0
AEX,ART,5.0
ART,JHW,1.0
ART,GRK,1.0
ART,OKC,2.0
ART,PBG,1.0
ATY,MSP,15578.0
ATY,BIS,1.0
ATY,LNK,1.0
ATY,FSD,14.0
ATY,RST,1.0
ATY,COS,1.0
ATY,BRD,1.0
ALW,ATY,1.0
ATY,LAS,1.0
ATY,PUB,1.0
ATY,PIA,1.0
ATY,MIA,2.0
ATY,GFK,1.0
ATY,MDW,1.0
ATY,ORD,2.0
ATY,YNG,1.0
BLI,EAT,7.0
EAT,MWH,15316.0
EAT,EUG,7.0
CLM,EAT,5.0
EAT,LWS,14.0
ALW,EAT,2052.0
EAT,PUW,6.0
BZN,EAT,2.0
EAT,HLN,1.0
BIL,EAT,3.0
EAT,MSO,1.0
EAT,FCA,1.0
EAT,GTF,2.0
GFK,ISN,3575.0
GTF,ISN,3.0
BFF,ISN,4.0
ISN,RIW,1.0
ORH,PIT,4255.0
ORH,PVD,71.0
ORH,PHL,5049.0
MHT,ORH,26.0
GSO,ORH,5.0
FLL,ORH,130.0
CMH,ORH,2.0
CKB,ORH,2.0
CRW,ORH,1.0
ACY,ORH,68.0
MSP,ORH,3.0
IND,ORH,2.0
GFK,ORH,2.0
IAD,ORH,1.0
ORH,PGV,2.0
ORH,PGD,170.0
MYR,ORH,126.0
ORH,RFD,2.0
ORH,SUS,2.0
CVG,ORH,3.0
ABQ,ALM,7367.0
ALM,LRU,2614.0
ALM,FMN,3.0
ALM,SVC,2.0
HMN,PHX,1.0
FSM,HMN,1.0
HMN,PAM,1.0
HMN,ICT,1.0
HMN,RDU,1.0
HMN,LAX,1.0
BAD,HMN,3.0
HMN,IAD,2.0
HMN,LNK,1.0
ATL,HMN,1.0
ESF,LIT,1.0
ESF,SHV,2.0
AEX,LIT,27.0
AEX,SHV,40.0
AEX,BTR,38.0
AEX,HSV,9.0
AEX,BHM,22.0
AEX,OKC,47.0
AEX,MDT,64.0
AEX,BRO,3.0
AEX,POB,136.0
AEX,DAY,13.0
AEX,SAV,8.0
AEX,TYS,13.0
AEX,MSP,41.0
AEX,DCA,1.0
AEX,LSV,10.0
AEX,PNS,8.0
AEX,GSO,7.0
AEX,GSP,7.0
AEX,CVG,16.0
AEX,CHS,11.0
AEX,CRW,7.0
AEX,RDU,16.0
AEX,FLL,12.0
AEX,HLN,2.0
AEX,PIB,4.0
AEX,IND,26.0
AEX,XNA,1.0
AEX,SGF,1.0
AEX,SLC,4.0
AEX,LCH,14.0
AEX,JAX,12.0
AEX,GLH,16.0
AEX,PIT,13.0
AEX,CLE,3.0
AEX,ALO,1.0
AEX,RIC,10.0
AEX,PDK,1.0
AEX,MGM,12.0
AEX,ARA,1.0
AEX,SAT,102.0
AEX,MSY,14.0
AEX,MCI,14.0
AEX,IAD,6.0
AEX,SUX,1.0
ACY,AEX,1.0
AEX,PBI,4.0
AEX,COS,13.0
AEX,ELM,1.0
AEX,MOB,4.0
AEX,CVS,1.0
AEX,TUL,6.0
AEX,NQX,1.0
AEX,EDF,3.0
AEX,LAS,1.0
AEX,DSM,3.0
AEX,NIP,2.0
AEX,CHA,5.0
AEX,GRR,6.0
AEX,LAX,1.0
AEX,PHL,2.0
AEX,MHT,3.0
AEX,SAN,1.0
AEX,FLO,1.0
AEX,DQF,2.0
AEX,AMA,1.0
AEX,LEX,1.0
AEX,BDR,2.0
ABQ,AEX,3.0
AEX,SZL,1.0
AEX,OAJ,1.0
AEX,CLL,10.0
AEX,AVL,1.0
AEX,HOT,1.0
AEX,GFK,3.0
AXN,MSP,341.0
AXN,BRD,1.0
ATW,BVX,1.0
BVX,MCI,1.0
BVX,SHV,2.0
BVX,SRC,1.0
BLI,LAX,196.0
BLI,SFO,180.0
BLI,PIT,2.0
BLI,SLC,2203.0
BLI,CLM,25.0
ALW,BLI,2.0
BLI,JNU,2.0
BLI,TWF,3.0
BLI,KTN,2.0
BLI,ODW,60.0
BLI,IDA,1.0
BIL,BLI,1.0
BLI,MVW,34.0
BLI,GTF,1.0
BKL,BLI,1.0
BLI,LRD,1.0
BLI,RDM,5.0
ADQ,BLI,4.0
BLI,MSP,1.0
BLI,SJC,1.0
TVC,WBR,1.0
BGS,DFW,1.0
BGS,BYH,1.0
BGS,JFK,1.0
BGS,LBB,1.0
BGM,UCA,1.0
BGM,IAD,22076.0
BGM,PIT,36124.0
BGM,MCO,2.0
BGM,DCA,5.0
BDL,BGM,1.0
BGM,PHL,27690.0
BGM,BTV,2.0
BGM,MDT,6.0
BGM,GSO,1.0
BGM,SCE,5.0
BGM,CVG,6583.0
BGM,IND,1.0
BGM,IPT,1.0
BGM,CHO,3.0
BGM,BOS,1.0
BGM,MSN,1.0
BGM,SUX,1.0
BHM,LAX,61.0
BHM,SHV,3567.0
BHM,IAD,3114.0
BHM,MCI,49.0
BHM,CHA,39.0
BHM,DCA,2358.0
BHM,MSY,74319.0
BHM,MSP,1824.0
BHM,SAT,71.0
BHM,TLH,1638.0
BHM,IND,65.0
BHM,PDX,10.0
BHM,HSV,15456.0
BHM,CHS,327.0
BHM,MGM,2198.0
BHM,CVG,40999.0
BHM,GSO,33.0
BHM,PIT,7113.0
BHM,CAK,2.0
BHM,DET,1.0
BHM,SLC,361.0
BHM,PHL,4945.0
BHM,JAX,10979.0
BHM,SFO,35.0
BHM,PBI,10.0
BHM,FLL,1596.0
BHM,OKC,42.0
BHM,BTR,4902.0
BHM,LIT,37.0
BHM,TOL,5.0
BHM,ILM,5.0
BGR,BHM,4.0
BHM,FWA,16.0
BHM,GSP,45.0
ABQ,BHM,24.0
BHM,SNA,21.0
BHM,SMF,8.0
BHM,HNL,3.0
BHM,TVC,1.0
BHM,COS,13.0
BHM,MHT,14.0
BHM,PWM,4.0
BHM,GRB,2.0
BHM,CRW,5.0
BHM,PVD,10.0
BHM,XNA,15.0
BHM,ILN,3132.0
BHM,BRO,5.0
BHM,CLL,15.0
BHM,PGV,11.0
BHM,MDT,6.0
ALB,BHM,3.0
BHM,PFN,3.0
BHM,TCL,10.0
BHM,GFK,1.0
BHM,FYV,13.0
BHM,GRR,7.0
BHM,GRD,1.0
ANC,BHM,17.0
BHM,ORH,1.0
BHM,FSM,2.0
BHM,EAU,1.0
BHM,CRP,6.0
BHM,SCE,3.0
BHM,DSM,7.0
BHM,GDC,1.0
BHM,SGF,6.0
BHM,GNV,7.0
BHM,SBN,9.0
BHM,JAC,1.0
BHM,MEI,1.0
BHM,GEG,1.0
BHM,EYW,2.0
BHM,RWI,5.0
BHM,FSD,4.0
BHM,BMI,3.0
ACY,BHM,25.0
BHM,MCE,1.0
BHM,PWK,1.0
BHM,BIF,1.0
BHM,NQA,1.0
BHM,GTF,1.0
BHM,FAY,4.0
BHM,CID,3.0
BHM,CKB,3.0
BHM,MFD,1.0
BHM,LCK,2.0
BHM,EVV,2.0
BHM,BQK,1.0
BHM,EUG,1.0
BHM,CHO,3.0
BDR,BGR,2.0
BDR,ROC,1.0
BDR,PVD,1.0
BDR,PHL,3729.0
BDR,DCA,2737.0
BDR,IAD,2.0
BDR,TLH,1.0
BDR,CLE,1.0
BDR,PBI,2.0
BDR,MSP,1.0
BRL,CID,2.0
BOS,BRL,1.0
BRL,SPI,6.0
BRL,PIT,1.0
BRL,MCI,2773.0
BRL,GBD,1.0
BRL,JLN,1.0
BRL,GYY,1.0
BRL,TBN,3.0
BRL,GRI,7.0
BTV,IAD,28834.0
BTV,DCA,14876.0
BTV,PHL,57091.0
BTV,MHT,2213.0
BTV,PIT,20636.0
BTV,DAL,1.0
BTV,GSO,25.0
BTV,PVD,16.0
BTV,TPA,1.0
BTV,MCI,5.0
BTV,MIA,1.0
BTV,CVG,11810.0
BTV,FLL,3.0
BTV,ITH,1.0
BTV,ORH,1.0
BTV,MDT,17.0
BTV,JAX,9.0
BTV,MSY,2.0
BTV,GSP,2.0
BTV,MSP,567.0
BTV,IND,20.0
BTV,GYY,2.0
BTV,ILN,32.0
BTV,SLC,34.0
BTV,MHK,1.0
BTV,COS,1.0
BTV,RWI,1.0
BTV,DPA,3.0
BTV,SKY,1.0
BTV,LIT,1.0
BMI,BTV,1.0
BTV,SFO,1.0
BTV,TVC,2.0
BTV,JZU,1.0
ART,BTV,2.0
BTV,PBG,36.0
BTV,GFL,2.0
BTV,TTN,1.0
BTV,CRW,5.0
BTV,MYR,1.0
BTV,PBI,1.0
MDH,SGF,3.0
CID,MDH,2.0
CMH,MDH,1.0
MDH,SUS,1.0
EVV,MDH,1.0
BTR,MDH,1.0
CDC,RNO,1.0
CDC,LAX,13.0
CDC,SGU,513.0
CDC,SVN,1.0
CDC,SLC,10363.0
BTV,CDC,1.0
CDC,SHV,3.0
CDC,IAH,1.0
CDC,GJT,1.0
CDC,DFW,1.0
CDC,GEG,1.0
CDC,TYS,1.0
BFL,CDC,1.0
CDC,MWH,1.0
CDC,SNA,2.0
AMA,CDC,1.0
CDC,FLL,2.0
CDC,LCH,1.0
CDC,FMN,336.0
CDC,GFK,6.0
CDC,YNG,2.0
CDC,FSD,2.0
CDC,COS,2.0
CDC,MSP,2.0
CDC,SAT,1.0
CDC,SUX,2.0
CDC,SBP,2.0
CHS,PBI,56.0
CHS,FLL,848.0
CHS,JAX,5186.0
CHS,PHL,16954.0
CHS,SEA,2.0
CHS,FAY,9.0
CHS,DCA,34002.0
CHS,IAD,30954.0
CHS,ILM,11.0
CHS,PVD,4.0
CHS,GSP,3416.0
CHS,CVG,22399.0
CHS,GSO,5688.0
CHS,MYR,228.0
BTV,CHS,2.0
CHS,LIT,8.0
CHS,GNV,4.0
CHS,TLH,3.0
CHS,IND,24.0
CHS,MSY,10.0
CHS,HSV,20.0
CHS,PIT,200.0
CHS,MDT,9.0
CHS,MHT,10.0
CHS,SAT,8.0
CHS,SAN,33.0
CHS,SFO,5.0
CHA,CHS,5.0
CHS,LAX,31.0
CHS,SLC,1.0
AND,CHS,1.0
BTR,CHS,13.0
CHS,LUK,6.0
ACY,CHS,133.0
CHS,ILG,2.0
CHS,PFN,2.0
CHS,LNK,1.0
CHS,DCU,1.0
CHS,LRD,2.0
CHS,MHR,6.0
CHS,SNA,1.0
CHS,OKC,3.0
CHS,LCK,2.0
ATW,CHS,1.0
CHS,MSP,338.0
CHS,RWI,1.0
CHS,SHV,14.0
CHS,MCI,5.0
BRO,CHS,1.0
CHS,YNG,1.0
CHS,SBN,5.0
CHS,MCF,1.0
CHS,HNL,1.0
CHS,HIK,1.0
CHS,JXN,2.0
CHS,RAP,1.0
CHS,ORH,1.0
CHS,CLL,7.0
CHS,TUS,2.0
CHS,ILN,17.0
BFI,CHS,1.0
CHS,FDY,1.0
CHS,OMA,1.0
CHS,CVS,1.0
CHS,MGM,4.0
CHS,NIP,1.0
CHS,PWM,6.0
CHS,MCC,1.0
BAD,CHS,1.0
CHS,NBG,1.0
CHO,CHS,2.0
CHS,ELP,1.0
ABQ,CHS,2.0
CHS,SCE,2.0
CRW,DCA,13114.0
CRW,IAD,23613.0
CRW,PIT,45617.0
CRW,GSO,25.0
CRW,GSP,17.0
CRW,FWA,8.0
CRW,MIA,2.0
CRW,CVG,22300.0
CRW,TPA,1.0
CRW,MCI,1.0
CRW,MSY,7.0
BOS,CRW,3.0
CRW,OMA,1.0
CRW,LBF,1.0
CRW,JAX,7.0
CRW,FLL,1.0
CRW,PHL,6436.0
CRW,SBN,3.0
CRW,FLO,1.0
BGR,CRW,1.0
CRW,SAV,3.0
CRW,PBI,3.0
CRW,IND,3.0
ACY,CRW,122.0
CRW,LIT,6.0
CRW,GNV,2.0
CRW,MDT,3.0
CRW,MHT,1.0
CHS,CRW,3.0
CRW,DSM,2.0
ATW,CRW,2.0
CRW,LAX,1.0
CHO,CRW,12.0
CRW,RNO,3.0
CKB,CRW,3.0
CRW,HVN,1.0
CRW,LAN,1.0
CRW,FSD,2.0
CRW,MSP,2.0
CHA,CRW,24.0
SHV,WV1,3.0
CRW,FAY,1.0
COU,CRW,1.0
CRW,JAN,1.0
CRW,NZC,1.0
CRW,PHX,1.0
CRW,ISO,1.0
CRW,SHV,10.0
CID,CRW,2.0
CRW,SGF,3.0
CRW,SPI,6.0
CRW,OKC,8.0
CRW,MYR,28.0
CRW,GRB,1.0
CRW,PVD,3.0
CRW,MDW,1.0
CRW,SFB,1.0
CRW,XNA,1.0
ALB,CRW,1.0
CVG,PIT,89156.0
CVG,GSO,49841.0
CVG,DSM,27122.0
CVG,FWA,38766.0
CVG,DCA,77361.0
CVG,LAX,55155.0
CVG,MCI,58089.0
CVG,LIT,35165.0
CVG,IAD,48467.0
BTR,CVG,2994.0
CVG,IND,66882.0
CVG,GRR,61255.0
CVG,MSY,48492.0
CVG,MSP,121192.0
CVG,PHL,102202.0
CVG,JAX,39940.0
CVG,SLC,73765.0
CVG,SFO,44680.0
CVG,OKC,25453.0
CVG,FLL,38882.0
CVG,PBI,28135.0
CVG,MDT,28393.0
CVG,SPI,2.0
CVG,SBN,55304.0
ABQ,CVG,17696.0
CVG,YNG,4.0
CVG,SHV,5637.0
CVG,GSP,38009.0
CVG,MHT,20657.0
CVG,GNV,18.0
CVG,TLH,4370.0
CVG,EVV,31400.0
CVG,PVD,25254.0
CVG,SAT,23458.0
CVG,GFK,7.0
CID,CVG,21213.0
COS,CVG,14163.0
CVG,GJT,19.0
BFF,CVG,4.0
CVG,HSV,23803.0
CVG,RAP,2.0
CVG,FSD,7001.0
CVG,GTF,6.0
LUK,MHT,2.0
CVG,MYR,15238.0
CHO,CVG,14759.0
CVG,PIB,9.0
CHA,CVG,24745.0
AID,CVG,1.0
CVG,PFN,1353.0
BMI,CVG,4.0
CKB,CVG,1817.0
CVG,PGV,9.0
CVG,MGM,1710.0
LUK,MBS,1.0
LCK,LUK,1.0
CGI,CVG,185.0
ACY,CVG,7877.0
CVG,LCH,11.0
CVG,DET,5.0
CVG,XNA,12923.0
CVG,LUK,1.0
ARA,CVG,2.0
LUK,LYH,1.0
CVG,SMF,28.0
EKI,LUK,1.0
BUF,LUK,4.0
LUK,YKN,1.0
LUK,SFB,1.0
CVG,SCE,9953.0
CVG,MCE,1.0
LRD,LUK,3.0
LUK,SAT,3.0
CVG,SGF,6998.0
BMG,CVG,16.0
CVG,ILN,182.0
CVG,TCL,9.0
CVG,SUX,4.0
LIT,LUK,3.0
LUK,SHV,3.0
BTV,LUK,1.0
DSM,LUK,3.0
LUK,SUS,1.0
CVG,MHR,17.0
ICT,LUK,1.0
DPA,LUK,2.0
CVG,ILM,2009.0
CVG,TWF,2.0
IAD,LUK,10.0
CVG,TVC,1060.0
CLL,CVG,31.0
IN1,LUK,1.0
ADS,LUK,1.0
LUK,TPA,2.0
CVG,GYY,2.0
LUK,PIB,1.0
LUK,MSP,2.0
HSV,LUK,1.0
AZO,LUK,1.0
CVG,PWK,1.0
DAY,LUK,1.0
CVG,FFO,1.0
CVG,NZY,1.0
BFD,LUK,1.0
LUK,ROA,1.0
LAF,LUK,1.0
FTY,LUK,1.0
LUK,PHL,4.0
CHO,LUK,2.0
CVG,ELM,1.0
CAK,LUK,1.0
LUK,SJC,1.0
CVG,FSM,13.0
LUK,PVD,3.0
LUK,SCE,1.0
CVG,MKC,3.0
LUK,SBN,1.0
CID,LUK,1.0
LUK,PIT,3.0
CKB,PKB,1973.0
CKB,DCA,500.0
CKB,PIT,11335.0
CKB,MGW,11410.0
CKB,PHL,15.0
CKB,PVD,8.0
CKB,SBN,25.0
CKB,PGV,11.0
CKB,IAD,1210.0
CKB,MHT,1.0
ACY,CKB,1.0
BMI,CKB,1.0
ABQ,CKB,5.0
CKB,JAX,8.0
CAE,CKB,1.0
CKB,IND,2.0
CKB,GRI,2.0
CKB,LUK,1.0
CHO,CKB,1.0
CKB,CLL,1.0
CKB,MSP,4.0
CKB,JST,1.0
CKB,TLH,1.0
CKB,SCE,1.0
CSV,MEM,1.0
CSV,RDU,1.0
BRO,CSV,1.0
CSV,MZZ,1.0
CSV,LYH,1.0
CSV,OPF,1.0
CBE,PIT,7148.0
CBE,MGW,2.0
CBE,HGR,1225.0
AOO,CBE,3.0
CBE,SCE,14.0
CBE,JST,11.0
DSM,PIT,2072.0
DSM,SMF,31.0
DSM,SLC,2017.0
ANC,DSM,4.0
DSM,LAX,1407.0
DSM,MCI,7565.0
DSM,IDA,1.0
ABQ,DSM,25.0
DSM,MSP,89000.0
DSM,FSD,325.0
CID,DSM,5248.0
DSM,IND,1222.0
DSM,GRR,22.0
DSM,SFO,51.0
DSM,HSV,6.0
DCA,DSM,5155.0
BMI,DSM,28.0
DSM,PHL,1455.0
DSM,HUF,3.0
DSM,MDH,2.0
DSM,OKC,184.0
DSM,IAD,56.0
DSM,MSY,30.0
COS,DSM,471.0
DSM,SAT,18.0
DSM,SUX,16.0
BYH,DSM,5.0
DSM,PVD,5.0
DSM,MOT,1.0
DSM,HNL,1.0
DSM,SBN,10.0
DSM,MKC,2.0
DSM,JAC,3.0
DSM,FLL,22.0
DSM,TLH,5.0
DSM,PBI,1.0
CLL,DSM,37.0
DSM,MHR,2022.0
DSM,FOD,4.0
DSM,MHT,48.0
DSM,GSO,2.0
DSM,MOB,1.0
DSM,GFK,75.0
DSM,GTF,9.0
DSM,SGF,654.0
DSM,XNA,10.0
DSM,JAX,7.0
DSM,TVC,2.0
DSM,LRD,3.0
CHS,DSM,1.0
DSM,FWA,12.0
BRO,DSM,1.0
DSM,ILN,963.0
DSM,MDT,15.0
CHO,DSM,3.0
DSM,GJT,3.0
DSM,RDG,3.0
DSM,SVN,1.0
CHA,DSM,12.0
DSM,SHV,21.0
DSM,SWO,7.0
DSM,FAT,1.0
BTR,DSM,4.0
ACY,DSM,2.0
DSM,LSF,1.0
AVP,DSM,1.0
DSM,MCW,7.0
DSM,TMB,1.0
DSM,OCF,1.0
BZN,DSM,2.0
DSM,LIT,10.0
BWG,DSM,3.0
DDC,GBD,692.0
DDC,FMN,2.0
DDC,GCK,5847.0
DDC,MCI,5174.0
DDC,FOE,1.0
DDC,PNC,1694.0
EGP,ELP,1.0
EGP,SAT,1.0
EGP,LRD,1.0
DRT,EGP,1.0
BRO,EGP,1.0
AEX,EGP,1.0
EAU,SLC,49.0
EAU,RAP,8.0
BFF,EAU,2.0
EAU,SAN,1.0
CLE,EAU,3.0
EAU,MSP,39118.0
CID,EAU,3.0
EAU,SUX,3.0
DBQ,EAU,2.0
EAU,TPA,1.0
EAU,TVC,3.0
BJI,EAU,2.0
EAU,FSD,1.0
DLH,EAU,1.0
EAU,GRB,2.0
CLT,EAU,1.0
EAU,IAD,3.0
EAU,GRR,1.0
EAU,OMA,1.0
EAU,TUS,1.0
EAU,SNA,1.0
EAU,GFK,2.0
BIS,EAU,1.0
ATL,EAU,2.0
EAU,LGA,1.0
EAU,TUL,1.0
EAU,RIC,1.0
EAU,SBN,1.0
EAU,MHT,1.0
EAU,MCW,1.0
EAU,JFK,2.0
EAU,EWR,2.0
EAU,PIT,3.0
EAU,PHL,2.0
EAU,STC,1.0
BGR,EAU,2.0
BTV,EAU,1.0
EAU,GSO,2.0
CVG,EAU,1.0
EAU,ICT,1.0
ABR,EAU,1.0
EAU,XNA,1.0
EAU,MDT,1.0
EAU,ORD,1.0
EAU,OKC,1.0
ELN,GEG,8.0
EAT,ELN,2.0
EVV,PIT,9863.0
EVV,PHX,1.0
BWI,EVV,14.0
EVV,MSP,14.0
DCA,EVV,16.0
EVV,IND,9394.0
EVV,JFK,6.0
EVV,TYS,5.0
EVV,HUF,0.0
EVV,SPI,10.0
EVV,LAX,3.0
EVV,PHL,11.0
EVV,SLC,47.0
EVV,SGF,5.0
EVV,SJC,1.0
EVV,JAX,6.0
EVV,JLN,1.0
EVV,TPA,2.0
EVV,RIC,4.0
EVV,IAD,4.0
BDL,EVV,13.0
EVV,HOU,3.0
AUS,EVV,2.0
EVV,FLL,2.0
EVV,SUX,1.0
EVV,LIT,12.0
EVV,GRR,9.0
BFF,EVV,3.0
EVV,FWA,23.0
EVV,MSY,4.0
EVV,GRI,1.0
EVV,OKC,9.0
EVV,MSN,2.0
EVV,MCI,24.0
ABQ,EVV,2.0
CHS,EVV,6.0
EVV,GSP,5.0
EVV,HSV,8.0
AVP,EVV,1.0
EVV,SAV,1.0
EVV,TCL,2.0
CHA,EVV,22.0
EVV,GSO,6.0
EVV,OKK,3.0
EVV,SBN,20.0
BTL,EVV,10.0
EVV,FSM,7.0
EVV,JAN,2.0
BMI,EVV,6.0
BRO,EVV,3.0
CAK,EVV,1.0
EVV,TUS,4.0
EVV,OLS,7.0
EVV,XNA,28.0
EVV,TVC,1.0
BWG,EVV,2.0
EVV,MGM,4.0
EVV,HKS,1.0
EVV,JXN,1.0
ANC,EVV,1.0
EVV,LFT,1.0
DRT,EVV,2.0
EVV,GPT,1.0
EVV,ILG,1.0
EVV,SAT,23.0
EVV,RWI,1.0
AOH,EVV,1.0
EVV,MDT,2.0
DSM,EVV,2.0
EVV,GLH,1.0
FAM,STL,1.0
ABQ,FMN,37075.0
FMN,LAX,2.0
FMN,GJT,224.0
FMN,RKS,3.0
FMN,LBF,1.0
FMN,RIW,1.0
FMN,YUM,1.0
FMN,SVC,4.0
FMN,SHV,1.0
FMN,LRU,1.0
FMN,RAP,2.0
AMA,FMN,1.0
BFI,FMN,1.0
ELP,FMN,1.0
FMN,YIP,1.0
FMN,SLC,8.0
CVN,FMN,1.0
COS,FMN,9.0
FMN,SLN,1.0
FOD,SLC,10.0
FOD,SUX,356.0
FOD,MSP,3161.0
FOD,MCW,23318.0
FOD,MCI,1.0
FOD,GRR,1.0
FOD,LRD,2.0
DAY,FOD,2.0
FOD,PNE,1.0
FSM,TBN,12.0
FSM,FYV,1261.0
FSM,SLC,38.0
FSM,TWF,1.0
FSM,SGF,47.0
FSM,LIT,24.0
FSM,GJT,1.0
ABQ,FSM,14.0
FSM,XNA,599.0
FSM,MKE,10.0
AEX,FSM,2.0
FSM,GRR,11.0
CID,FSM,10.0
BIL,FSM,1.0
FSM,ILE,1.0
FSM,LGA,13.0
CHS,FSM,1.0
FSM,FWA,9.0
FSM,IND,1.0
DAY,FSM,2.0
FSM,TPA,2.0
FSM,SLN,1.0
FSM,HLN,1.0
FSM,OAJ,1.0
FSM,LAX,3.0
FSM,MCI,4.0
FSM,GTF,3.0
FSM,GSP,4.0
FSM,SBM,5.0
FSM,OSH,4.0
FSM,PHX,1.0
CLE,FSM,7.0
FSM,PIA,5.0
CLU,FSM,1.0
FSM,POB,1.0
FSM,HSV,2.0
DSM,FSM,4.0
FSM,MWH,1.0
FSM,OMA,1.0
FSM,RFD,1.0
FSM,GRB,1.0
CMI,FSM,3.0
FSM,SAT,2.0
BRO,FSM,3.0
FSM,TVC,3.0
FSM,MSN,7.0
FSM,ROC,1.0
FSM,PIT,6.0
FSM,SBN,2.0
FSM,SAV,1.0
AUS,FSM,1.0
FSM,OKC,10.0
FSM,MFR,1.0
FSM,SFB,1.0
CAE,FSM,1.0
FSM,MSY,3.0
BMI,FSM,2.0
FSM,SHV,6.0
FSM,PNS,2.0
FSM,SPS,12.0
FSM,LBB,1.0
FSM,LSV,1.0
FSM,GLH,2.0
FWA,TPA,3.0
FWA,RIC,26.0
FWA,SBN,11484.0
DCA,FWA,13.0
FWA,IAD,60.0
FWA,IND,672.0
FWA,GRR,27.0
FWA,PIT,14224.0
FWA,GJT,2.0
CID,FWA,6.0
FWA,MSY,25.0
FWA,MDT,20.0
FWA,PHL,2133.0
FWA,YNG,12.0
FWA,MSP,2737.0
FLL,FWA,111.0
FWA,MCI,1490.0
FWA,PBI,5.0
FWA,GSP,26.0
FWA,SLC,18.0
FWA,OKC,37.0
FWA,TVC,7.0
CHA,FWA,22.0
BMI,FWA,9.0
FWA,SUS,2.0
FWA,LIT,27.0
FWA,JAX,17.0
FWA,SNA,2.0
FWA,MHT,3.0
FWA,MHR,2.0
FWA,SYI,2.0
FWA,XNA,8.0
FWA,WGO,1.0
FWA,SAT,4.0
FWA,LBL,1.0
FWA,GSO,11.0
FWA,HSV,69.0
FWA,TUP,1.0
BRO,FWA,9.0
FWA,LAX,3150.0
FWA,SBM,1.0
AFW,FWA,1.0
DLH,FWA,5.0
FWA,SFO,1403.0
FWA,PVD,198.0
FWA,MQT,1.0
CHS,FWA,8.0
FWA,MGY,1.0
ANC,FWA,1.0
BYH,FWA,2.0
FWA,GFK,2.0
FWA,RWI,1.0
FWA,IMT,1.0
FWA,MVN,1.0
FWA,JXN,1.0
FWA,SER,1.0
BIL,FWA,1.0
FWA,SHV,72.0
BTR,FWA,1.0
ACY,FWA,16.0
FWA,PNE,1.0
BTV,FWA,3.0
FLO,FWA,1.0
AVP,FWA,2.0
FWA,SAV,1.0
FWA,SGF,10.0
FWA,PWK,1.0
FWA,OAK,1.0
FWA,ORH,1.0
FWA,MKC,1.0
FWA,ILN,2.0
BMG,FWA,1.0
AUS,FWA,1.0
FWA,NQA,1.0
GGE,PWA,1.0
CAE,GGE,1.0
GBD,ICT,3.0
GBD,MCI,5201.0
FOE,GBD,1.0
GBD,GCK,737.0
GBD,LBL,1.0
GSO,PVD,44.0
GSO,PIT,39189.0
GSO,GSP,4469.0
GSO,MHT,31.0
FLL,GSO,3993.0
CHO,GSO,37.0
GSO,PBI,342.0
GSO,PHL,64247.0
DCA,GSO,34002.0
GSO,ILM,6053.0
GSO,IAD,36658.0
GNV,GSO,5.0
CHA,GSO,18.0
GSO,MSY,2051.0
FAY,GSO,7076.0
GSO,LAX,21.0
GSO,MSP,4444.0
GSO,UCA,8.0
GSO,SFO,19.0
GSO,JAX,2137.0
GSO,LIT,34.0
GSO,MCI,32.0
GRR,GSO,13.0
GSO,IND,4062.0
GSO,TLH,48.0
GSO,MDT,24.0
BGR,GSO,2.0
GSO,HSV,27.0
GSO,MYR,68.0
GSO,SNA,2.0
GSO,SAN,3.0
GSO,RFD,1.0
GSO,SEA,13.0
GSO,SMF,1.0
COU,GSO,2.0
GSO,SLC,5.0
ACY,GSO,1169.0
GSO,ILN,3368.0
GSO,SHV,52.0
GSO,PGV,10.0
GSO,RNO,3.0
GSO,LBF,1.0
BWG,GSO,1.0
GSO,XNA,7.0
GSO,RWI,3.0
BTR,GSO,18.0
GSO,MGM,6.0
ABY,GSO,1.0
GSO,SBN,11.0
GLH,GSO,1.0
GSO,SBY,11.0
GSO,SVN,1.0
GSO,PFN,1.0
GSO,SAT,12.0
ABQ,GSO,1.0
FLO,GSO,1.0
GSO,PGD,159.0
GSO,OMA,1.0
GSO,OAJ,1.0
GLH,ORD,1.0
GLH,PIH,1.0
GLH,MSP,4.0
GLH,LAX,0.0
GLH,PIB,8.0
GLH,JAN,2.0
CHS,GLH,1.0
GLH,HSV,1.0
GLH,GSP,3.0
GLH,PDK,1.0
GFK,GLH,2.0
GLH,IAD,119.0
GLH,MCI,5.0
GLH,TCL,1.0
GLH,GRR,4.0
CAE,GLH,2.0
GLH,JAX,3.0
CLT,GLH,1.0
GLH,LIT,2.0
AVL,GLH,1.0
GLH,PWK,1.0
GLH,IND,1.0
ADS,GLH,1.0
DTW,GLH,1.0
GLH,HKS,1.0
GCK,GLH,1.0
GLH,TUL,1.0
GLH,XXW,1.0
IAD,PGV,2284.0
ACY,PGV,58.0
MSY,PGV,10.0
GSP,PGV,3.0
IND,PGV,3.0
PGV,TCL,5.0
PGV,PIB,10.0
EVV,PGV,1.0
MCO,PGV,1.0
LCK,PGV,1.0
OAJ,PGV,3.0
JFK,PGV,1.0
MSP,PGV,1.0
CHO,PGV,2.0
OSH,PGV,1.0
DCA,PGV,2.0
MHT,PGV,3.0
ILG,PGV,1.0
ILM,PGV,3.0
PGV,RIC,1.0
GSP,JAX,747.0
GSP,PHL,26511.0
FLL,GSP,677.0
GSP,PBI,15.0
GSP,PIT,5738.0
GSP,LYH,7.0
GSP,PVD,20.0
GSP,TLH,51.0
FAY,GSP,9.0
CHA,GSP,54.0
GNV,GSP,9.0
DCA,GSP,11424.0
GSP,LIT,22.0
GSP,IAD,27559.0
GSP,LAX,6.0
GSP,SFO,6.0
GSP,MDT,27.0
GSP,MCI,16.0
GSP,ILM,19.0
GSP,OKC,2.0
GSP,MSP,654.0
GSP,OAJ,3.0
GSP,HSV,41.0
GSP,MSY,2667.0
GSP,IND,2998.0
BGR,GDC,2.0
GSP,MYR,27.0
GSP,SAT,12.0
GSP,PWM,11.0
GSP,SEA,2.0
GRR,GSP,13.0
GRB,GSP,1.0
FYV,GSP,1.0
GSP,SHV,80.0
GSP,TCL,4.0
ATW,GSP,2.0
CHO,GSP,28.0
FLL,GDC,2.0
GSP,LUK,1.0
GSP,ILN,2346.0
GSP,SHD,1.0
GSP,MHT,10.0
GMU,GSP,1.0
GSP,MGM,9.0
GSP,ILG,6.0
CLL,GSP,11.0
GSP,SLC,4.0
GSP,OAK,2.0
COU,GMU,1.0
GSP,PDK,1.0
CLE,GMU,1.0
BWG,GDC,1.0
GSP,PWK,2.0
FWA,GDC,2.0
FWA,GMU,3.0
GDC,SHV,22.0
BTR,GSP,14.0
GSP,XNA,7.0
GSP,SGF,2.0
GMU,MSP,1.0
GMU,SHV,7.0
GSP,TTN,1.0
GSP,HKS,1.0
CVG,GMU,1.0
ACY,GSP,35.0
DPA,GSP,1.0
FDY,GSP,2.0
GSP,MWA,1.0
GMU,TOL,1.0
GDC,TOL,1.0
GMU,SBN,1.0
GSP,LAF,1.0
GSP,SCE,2.0
GMU,MKG,2.0
BTV,GMU,1.0
GMU,HSV,1.0
GDC,GSP,1.0
BFM,GDC,1.0
GSP,GTR,1.0
GSP,MRC,1.0
GSP,MKG,1.0
GDC,LAF,1.0
GDC,PNE,1.0
BGM,GSP,1.0
GSP,PGD,173.0
GSP,SBN,5.0
GSP,MKC,1.0
GSP,SWO,1.0
BTL,GSP,1.0
GDC,ICT,1.0
GDC,JAN,1.0
HGR,PIT,9561.0
CHO,HGR,1.0
HGR,MGW,3.0
HGR,IAD,2.0
HGR,MCI,2.0
HGR,PKB,1.0
ART,HGR,1.0
GRB,HGR,1.0
AVP,HGR,1.0
HGR,JFK,1.0
HGR,MEM,1.0
FLL,MDT,138.0
MDT,PHL,41275.0
MDT,SFO,43.0
MDT,UCA,1.0
IAD,MDT,29857.0
LAX,MDT,45.0
MCI,MDT,45.0
MDT,PVD,186.0
MDT,PIT,58718.0
DCA,MDT,105.0
MDT,MSP,5443.0
IND,MDT,2574.0
MDT,ORH,2.0
MDT,MSY,17.0
MDT,MHT,47.0
MDT,SAN,12.0
MDT,SEA,8.0
MDT,SLC,5.0
MDT,PBI,15.0
HOU,MDT,3.0
IPT,MDT,3493.0
ILN,MDT,4909.0
BMG,MDT,1.0
BGR,MDT,2.0
MDT,SLN,2.0
MDT,OSH,1.0
MDT,OKC,83.0
MDT,SCE,253.0
JAX,MDT,10.0
FSD,MDT,2.0
CKB,MDT,1.0
MDT,PWK,1.0
ANC,MDT,1.0
JST,MDT,3.0
MDT,MYR,3.0
MDT,OAK,1.0
GRR,MDT,24.0
CBE,MDT,5.0
MDT,PNS,1.0
MDT,TUS,1.0
MDT,RNO,3.0
CGI,MDT,1.0
CID,MDT,1.0
MDT,XNA,3.0
LAF,MDT,2.0
MDT,TN6,1.0
MDT,RAP,3.0
ACY,MDT,3.0
MDT,SBN,14.0
ILM,MDT,2.0
MDT,SHV,28.0
MDT,SAT,29.0
MDT,SHD,1.0
BIS,MDT,1.0
DQF,MDT,1.0
JAN,MDT,1.0
BIL,MDT,1.0
MDT,SMF,1.0
ITH,MDT,1.0
MDT,PDX,1.0
HSV,MDT,2.0
CAK,HSV,2.0
HSV,PHL,21.0
HSV,JAX,69.0
CHO,HSV,10.0
HSV,IND,92.0
HSV,IAD,12963.0
DCA,HSV,25492.0
HSV,MCI,39.0
HSV,SHV,34.0
CHA,HSV,2111.0
FLL,HSV,116.0
HSV,LIT,2045.0
BTR,HSV,14.0
HSV,MSY,24.0
HSV,MGM,12.0
HSV,SFO,13.0
HSV,LAX,26.0
HSV,SAN,12.0
HSV,TLH,7.0
HSV,PVD,11.0
HSV,MCN,1.0
ABQ,HSV,14.0
ALB,HSV,2.0
HSV,OKC,26.0
HSV,SNA,9.0
HSV,SLC,24.0
HSV,MSP,16.0
HSV,SAT,20.0
COS,HSV,19.0
HSV,PIT,13.0
HSV,SBN,8.0
HSV,SAV,790.0
HSV,MBS,2.0
BMI,HSV,3.0
DCU,HSV,1.0
HSV,SMF,8.0
CLU,HSV,1.0
BGR,HUA,1.0
BTV,HSV,70.0
HSV,PFN,5.0
HSV,XNA,15.0
GRR,HSV,9.0
HSV,ILN,352.0
BRO,HSV,4.0
FTW,HSV,5.0
HSV,SPS,16.0
HSV,SAF,1.0
HSV,PDX,5.0
HSV,MHT,3.0
HSV,ROC,3.0
HSV,TVC,2.0
APF,HSV,1.0
HSV,ORH,1.0
AVP,HSV,1.0
HKS,HSV,1.0
GNV,HSV,1.0
BWG,HSV,1.0
CRW,HSV,1.0
HSV,SGF,9.0
ATW,HSV,4.0
HSV,LAN,1.0
ERI,HSV,2.0
HSV,JAC,3.0
FLO,HSV,3.0
HOT,HSV,2.0
HSV,ILM,2.0
FSD,HSV,1.0
FAY,HSV,3.0
AL3,ILG,1.0
HSV,PNE,2.0
HSV,PBI,2.0
ABY,HSV,1.0
HSV,MSN,3.0
HSV,LNK,1.0
HUT,ORD,1.0
GCK,HUT,1.0
AFW,HUT,2.0
IRK,MCI,1937.0
IRK,MDW,1.0
IRK,PHL,1.0
LRU,SEA,1.0
CVN,LRU,1.0
LRU,SVC,10.0
ABQ,LRU,2630.0
ATL,LRU,1.0
ACT,LRU,1.0
LRU,OKC,1.0
LRU,SLC,1.0
FAT,LRU,10.0
ANB,LRU,1.0
LRU,SFB,2.0
LRU,MLU,1.0
LRU,SAT,1.0
LRU,MGM,1.0
LRU,SJC,1.0
LNK,LRU,3.0
LGU,LRU,9.0
LHV,MDT,1.0
ABQ,LAM,600.0
IAH,LAM,1.0
MHT,PVD,118.0
MHT,PIT,29612.0
MHT,PHL,93563.0
IAD,MHT,31626.0
GRR,MHT,20.0
DCA,MHT,26308.0
IND,MHT,1930.0
FLL,MHT,848.0
MCI,MHT,3809.0
MHT,MSP,5147.0
JAX,MHT,25.0
MHT,SFO,7.0
LAX,MHT,10.0
ACY,MHT,192.0
ILN,MHT,1348.0
MHT,MSO,1.0
LAN,MHT,1.0
MHT,MYR,175.0
MHT,OKC,5.0
MHT,PBI,8.0
MHT,MSY,6.0
MHT,YNG,7.0
MCE,MHT,1.0
JAN,MHT,3.0
BIS,MHT,2.0
MHT,PWK,1.0
ILG,MHT,2.0
LIT,MHT,2.0
FYV,MHT,1.0
MHT,RUT,3.0
MHT,TTN,2.0
ILM,MHT,2.0
MHT,RAP,1.0
GFK,MHT,1.0
MHT,POB,1.0
BFF,MCW,1.0
MCW,SLC,2.0
MCW,MSP,25704.0
MCW,SUX,24.0
MCW,RFD,1.0
CID,MCW,9.0
ABR,MCW,4.0
CWA,MCW,1.0
MCW,SBN,3.0
MCI,MCW,1.0
MCW,SGF,1.0
IAD,MCW,6.0
MGM,TLH,23.0
MGM,MSY,35.0
MGM,SLC,13.0
LEX,MGM,5.0
BOS,MGM,1.0
MGM,PIT,4.0
FLL,MGM,15.0
MGM,PBI,3.0
MGM,MSP,10.0
BTR,MGM,2162.0
MGM,OMA,2.0
IAD,MGM,7.0
LIT,MGM,14.0
MGM,SAT,28.0
MGM,PFN,13.0
JAX,MGM,3.0
MGM,OKC,8.0
GNV,MGM,5.0
MDW,MGM,3.0
MGM,SHV,18.0
DCA,MGM,14.0
FLO,MGM,1.0
IND,MGM,5.0
MGM,OAJ,1.0
BUF,MGM,1.0
ABQ,MGM,4.0
MGM,PHL,1.0
COS,MGM,2.0
DSM,MGM,2.0
MXF,POB,1.0
LAX,MXF,2.0
LAX,MGM,3.0
CHO,MGM,2.0
MGM,SFO,2.0
CHA,MGM,4.0
FYV,MGM,8.0
MGM,ROA,1.0
MGM,PHX,3.0
EYW,MGM,6.0
GRR,MGM,5.0
MGM,TVC,3.0
MGM,MYR,1.0
MGM,RIC,2.0
DRT,MGM,3.0
HKS,MGM,1.0
MGM,OAK,1.0
ILG,MGM,4.0
MCI,MGM,2.0
CIC,MGM,1.0
MXF,TOL,1.0
APF,MGM,1.0
FTW,MGM,1.0
MGM,SAN,1.0
MGM,SDM,2.0
MGM,MKE,2.0
HIF,MGM,1.0
CRP,MGM,2.0
CLL,MGM,1.0
MGM,XNA,6.0
LAW,MGM,1.0
BMI,MGM,2.0
BWG,MGM,2.0
CLT,MGW,1.0
MGW,ORD,1.0
DCA,MGW,2646.0
MGW,PIT,17659.0
EWR,MGW,2.0
MGW,PKB,351.0
CRW,MGW,2.0
MGW,RIC,1.0
MGW,TYS,1.0
BWI,MGW,1.0
MGW,PHL,3.0
MDT,MGW,2.0
IAD,MGW,2483.0
BUF,MOR,4.0
MWH,ORD,8.0
MSP,MWH,19.0
CLM,MWH,1.0
MWH,SFO,9.0
ALW,MWH,5486.0
HNL,MWH,5.0
LAX,MWH,1.0
MWH,PUW,1.0
GTF,MWH,12.0
HLN,MWH,4.0
BZN,MWH,2.0
ELP,MWH,1.0
MEM,MWH,1.0
GJT,MWH,1.0
FAT,MWH,1.0
MCI,MWH,1.0
MWH,OGG,1.0
DTW,MWH,1.0
DAY,MWH,1.0
CVS,MWH,1.0
LAS,MWH,1.0
ABQ,MWH,5.0
MWH,OKC,1.0
FAR,MWH,1.0
MWH,RNO,2.0
DSM,MWH,2.0
CMH,MWH,1.0
DFW,MWH,1.0
MKE,MWH,1.0
MWH,SMF,1.0
ARA,PHL,1.0
ARA,BGR,2.0
ARA,SLC,1.0
ARA,DAY,1.0
ARA,LCH,1.0
ARA,LAX,1.0
ARA,MSP,4.0
ARA,BTV,1.0
ARA,ATL,1.0
ARA,FLL,2.0
CLM,ODW,442.0
ODW,PWT,1.0
OGS,PIT,73.0
GRR,OGB,1.0
MCI,PBF,2.0
ACY,PIT,10117.0
PIT,SFO,45917.0
OAJ,PIT,1.0
PHL,PIT,176579.0
JAX,PIT,4619.0
MYR,PIT,4254.0
FLL,PIT,39273.0
PBI,PIT,24209.0
PIT,PVD,50255.0
MCI,PIT,41326.0
IAD,PIT,73402.0
DCA,PIT,89527.0
ABQ,PIT,10167.0
PIT,SHV,35.0
LAX,PIT,50208.0
MSY,PIT,22351.0
PIT,SAT,7159.0
MSP,PIT,82493.0
IND,PIT,61731.0
GRR,PIT,38711.0
PIT,SLC,1071.0
PIT,SMF,2063.0
LIT,PIT,2380.0
PIT,SBN,32016.0
PIT,TLH,9.0
PIT,PKB,24091.0
PIT,YNG,6640.0
AGC,PIT,2.0
AGC,JFK,3.0
ILM,PIT,8.0
CHA,PIT,21.0
HUF,PIT,3.0
FAY,PIT,5.0
AGC,DAY,1.0
OKC,PIT,122.0
GTR,PIT,2.0
PGV,PIT,2.0
MHR,PIT,13.0
CID,PIT,974.0
AGC,GCK,1.0
LBB,PIT,1.0
PIT,RAP,6.0
ILN,PIT,3117.0
PIB,PIT,3.0
IPT,PIT,5410.0
CHO,PIT,6549.0
COS,PIT,10.0
CLL,PIT,12.0
PIT,SCE,16491.0
PIT,PNC,1.0
PIT,SDM,1.0
BIF,PIT,1.0
BRO,PIT,4.0
PIT,SLN,3.0
PIT,YUM,1.0
AGC,DHN,1.0
NEW,PIT,1.0
LAW,PIT,1.0
PIT,TCM,1.0
MEI,PIT,1.0
BMG,PIT,2.0
AGC,YNG,1.0
PIT,SGF,5.0
PIT,XNA,20.0
AGC,BTV,1.0
BTL,PIT,4.0
CRP,PIT,2.0
BTR,PIT,12.0
GRI,PIT,1.0
GNV,PIT,3.0
PIT,TVC,2.0
AGC,IND,1.0
IND,PSF,1.0
ALB,PSF,1.0
BWI,PSF,1.0
HRO,PNC,1.0
OKC,PNC,1.0
BWD,PNC,1.0
PDX,PRZ,2.0
DCA,PVD,56554.0
IAD,PVD,34332.0
MSP,PVD,7510.0
PHL,PVD,99140.0
FLL,PVD,6088.0
PBI,PVD,33.0
MYR,PVD,7.0
ACY,PVD,1417.0
LAX,PVD,7.0
JAX,PVD,75.0
BGM,PVD,2.0
MCI,PVD,5556.0
GRR,PVD,42.0
IND,PVD,220.0
MSY,PVD,10.0
PVD,SLC,4.0
PVD,SFO,10.0
LSF,PVD,1.0
OKC,PVD,2.0
ILN,PVD,4116.0
PVD,YNG,30.0
ILM,PVD,5.0
LNK,PVD,1.0
PGV,PVD,1.0
CHO,PVD,12.0
PDX,PVD,1.0
CHA,PVD,6.0
PVD,SBN,15.0
GNV,PVD,5.0
PVD,TUP,1.0
ISO,PVD,2.0
JST,PVD,1.0
PIR,PVD,1.0
PVD,TIK,1.0
PVD,TVC,2.0
PVD,TCL,2.0
PVD,TLH,3.0
PVD,SCE,5.0
FAY,PVD,3.0
PVD,SAT,2.0
PVD,SHV,5.0
FSD,RAP,16222.0
MSP,RAP,45699.0
RAP,SAT,4.0
CID,RAP,4.0
RAP,SUX,9.0
IAH,RAP,1.0
RAP,SLC,19374.0
RAP,SJC,3.0
EWR,RAP,2.0
DSM,RAP,19.0
LGA,RAP,1.0
RAP,SFO,8.0
BFF,RAP,14.0
IAD,RAP,8.0
ICT,RAP,1.0
RAP,SPI,2.0
BGR,RCA,1.0
RAP,SHR,7.0
MSP,RCA,151.0
IND,RAP,170.0
GFK,RAP,7.0
PIA,RAP,11.0
PHL,RAP,3.0
RAP,SBN,3.0
AUS,RAP,31.0
MCI,RAP,5.0
RAP,SAN,1.0
EVV,RAP,5.0
FWA,RAP,3.0
COS,RAP,26.0
RAP,TPA,1.0
RCA,RND,19.0
RAP,SGF,3.0
RAP,RCA,1.0
DPA,RAP,1.0
BNA,RAP,2.0
NBG,RAP,1.0
GRR,RAP,2.0
RAP,SMF,3.0
IDA,RAP,22.0
RAP,RKS,1.0
COS,RCA,2.0
LCK,RAP,1.0
MFR,RAP,1.0
BUF,RAP,4.0
RAP,STJ,4.0
OSH,RAP,5.0
RCA,SLC,1.0
RAP,SYR,1.0
JHW,RAP,1.0
HLN,RAP,34.0
MIA,RAP,1.0
RAP,RDM,1.0
ABI,RAP,1.0
RCA,SAT,1.0
GTF,RAP,6.0
RAP,XNA,1.0
FLL,RAP,2.0
OKC,RAP,2.0
JAX,RAP,4.0
AEX,RAP,1.0
LAS,RCA,1.0
ATW,RAP,3.0
RCA,SKA,1.0
RAP,TVC,1.0
BWG,RAP,1.0
LWS,RAP,1.0
GEG,RCA,1.0
SLC,SMF,67193.0
SFO,SMF,97437.0
CEC,SMF,2589.0
SBA,SMF,2756.0
GJT,SMF,12.0
COS,SMF,2006.0
PUB,SMF,2.0
BGR,SMF,1.0
MSP,SMF,32915.0
SMF,STS,41.0
LAX,SMF,194003.0
BFL,SMF,2925.0
ABQ,SMF,2027.0
BOS,SMF,9.0
MCI,SMF,6320.0
PHL,SMF,761.0
FSD,SMF,18.0
OKC,SMF,1027.0
IAD,SMF,6770.0
LAX,MHR,51.0
MCI,MHR,155.0
BRO,SMF,4.0
BYH,MHR,46.0
MHR,STL,1.0
LIT,SMF,5.0
GFK,SMF,6.0
IND,MHR,36.0
MHR,MSP,15.0
MHR,SAT,1.0
MHR,SLC,1365.0
MHR,SFO,533.0
MHR,PHL,133.0
HIF,MHR,1.0
MHR,PUB,2.0
SLN,SMF,3.0
MHR,SMF,25.0
ILN,SMF,23.0
ILN,MHR,4679.0
SMF,TWF,9.0
IND,SMF,61.0
MHR,SBA,2.0
CRP,SMF,9.0
CLL,SMF,1.0
CHO,SMF,1.0
GJT,MHR,2.0
SAT,SMF,1544.0
MHR,TUS,1.0
LRD,MHR,1.0
MHR,MIA,1.0
LSV,SMF,1.0
LGA,SMF,1.0
EWR,MHR,1.0
MHR,MOB,1.0
SHV,SMF,7.0
MSY,SMF,12.0
GFK,MHR,1.0
ABQ,MHR,38.0
FLL,MCC,5.0
LMT,SMF,9.0
DAY,MCC,4.0
BTR,SMF,1.0
BIL,SMF,8.0
PDX,SAC,1.0
CMH,MCC,1.0
MCC,OAK,1.0
AMA,MCC,1.0
MCC,SEA,1.0
MCC,PHX,1.0
LAX,MCC,5.0
BFF,MCC,1.0
GTF,MCC,1.0
BFL,MCC,1.0
JAX,SMF,1.0
RIV,SMF,2.0
BLI,SMF,1.0
DFW,MCC,1.0
SAC,SNA,1.0
MCC,NKX,1.0
SMF,SUX,3.0
OKC,SAC,1.0
LFT,SJT,2.0
BPT,SJT,3.0
OKC,SJT,5.0
CRP,SJT,4.0
ICT,SJT,2.0
LCH,SJT,1.0
BTR,SJT,2.0
MKE,SJT,2.0
MWH,SJT,1.0
MTJ,SJT,1.0
SJT,XNA,2.0
CLL,SJT,4.0
SJT,SLC,7.0
LRD,SJT,4.0
SAT,SJT,13.0
GRR,SJT,1.0
CLE,SJT,1.0
OMA,SJT,1.0
SJT,STJ,2.0
CID,SJT,1.0
SJT,STL,1.0
SBA,SJT,1.0
CAE,SJT,1.0
DSM,SJT,1.0
PNS,SJT,3.0
MSP,SJT,2.0
MCI,SJT,1.0
RDU,SJT,1.0
GPT,SJT,1.0
MOB,SJT,2.0
GJT,SJT,1.0
DRO,SJT,1.0
CMI,SJT,1.0
FNT,SJT,1.0
LIT,SJT,1.0
SGF,SJT,1.0
GSO,SJT,1.0
CHS,SJT,1.0
FSM,SJT,1.0
GSP,SJT,1.0
SJT,TYS,1.0
ACV,STS,1.0
SFO,STS,14525.0
LAX,STS,7500.0
MOD,STS,1.0
MEM,STS,1.0
STS,TUS,1.0
PBI,STS,4.0
MSY,STS,2.0
BUF,STS,1.0
JFK,SHV,21.0
PHL,SHV,60.0
JAX,SHV,39.0
SHV,SLC,43.0
FLL,SHV,38.0
MSY,SHV,14685.0
SAT,SHV,78.0
IAD,SHV,39.0
BTR,SHV,2839.0
LAX,SHV,21.0
DCA,SHV,96.0
LIT,SHV,2703.0
MCI,SHV,41.0
IND,SHV,269.0
MSP,SHV,20.0
PBI,SHV,13.0
CRP,SHV,15.0
GJT,SHV,2.0
OKC,SHV,165.0
PDX,SHV,5.0
SAV,SHV,9.0
HNL,SHV,2.0
ABQ,SHV,44.0
ROC,SHV,5.0
SHV,YNG,39.0
SHV,TLH,13.0
CLL,SHV,28.0
JAC,SHV,1.0
CSV,SHV,3.0
GRR,SHV,38.0
SGF,SHV,20.0
SBN,SHV,10.0
LCH,SHV,985.0
SFO,SHV,5.0
COS,SHV,8.0
MOR,SHV,2.0
BMG,SHV,2.0
FYV,SHV,3.0
CAK,SHV,16.0
OKK,SHV,16.0
CHA,SHV,14.0
BTL,SHV,5.0
SHV,XNA,25.0
ERI,SHV,4.0
AID,SHV,2.0
FLO,SHV,11.0
PWK,SHV,10.0
DPA,SHV,46.0
BRO,SHV,91.0
SHV,WGO,10.0
AZO,SHV,22.0
BWG,SHV,16.0
SHV,SVH,1.0
SHV,ZZV,2.0
ILN,SHV,2976.0
SHV,SWO,2.0
PGV,SHV,7.0
EVV,SHV,10.0
SHV,SPS,4.0
GRD,SHV,1.0
OMA,SHV,8.0
BJJ,SHV,1.0
MTJ,SHV,1.0
OSH,SHV,2.0
RDG,SHV,2.0
IKK,SHV,1.0
BAD,PIT,1.0
BTV,SHV,1.0
EGP,SHV,4.0
II2,SHV,1.0
GTF,SHV,3.0
GVL,SHV,2.0
ILG,SHV,3.0
SHV,TCL,11.0
AOH,SHV,3.0
LOZ,SHV,2.0
EUG,SHV,1.0
SHV,TVC,4.0
AVL,SHV,8.0
GRB,SHV,2.0
FET,SHV,1.0
JXN,SHV,2.0
LSV,SHV,1.0
MVN,SHV,2.0
MYR,SHV,1.0
PKB,SHV,3.0
PFN,SHV,1.0
GFK,SHV,4.0
HUF,SHV,1.0
DHN,SHV,1.0
SHV,TMA,1.0
PHT,SHV,1.0
BAD,WRB,1.0
CAD,SHV,1.0
BAD,MEM,1.0
FFT,SHV,1.0
BAD,RFD,1.0
AOO,SHV,3.0
HLM,SHV,2.0
RWI,SHV,27.0
SHV,SPA,1.0
GNV,SHV,3.0
SHV,STJ,1.0
HOT,SHV,3.0
BMI,SHV,2.0
ASN,SHV,1.0
AGC,SHV,1.0
ECG,SHV,2.0
ACY,SHV,1.0
CGI,SHV,3.0
BAD,BWI,1.0
SHV,TDZ,1.0
NC3,SHV,1.0
EKI,SHV,2.0
GLW,SHV,1.0
ILM,SHV,11.0
SHV,SYI,1.0
BAD,SKF,2.0
FSD,SHV,4.0
GCY,SHV,2.0
PWM,SHV,1.0
SHV,SNA,2.0
FAY,SHV,2.0
BAD,SAT,1.0
BAD,IAD,2.0
BAD,ORD,1.0
CHO,SHV,1.0
BAD,JAX,1.0
RKS,SHV,1.0
CWA,SHV,1.0
DTN,MEM,2.0
ISO,SHV,1.0
AZA,SHV,1.0
JFK,SUX,1.0
DTW,SUX,5.0
FSD,SUX,1040.0
CID,SUX,1972.0
LAS,SUX,2.0
MCI,SUX,5.0
PHL,SUX,1.0
BOS,SUX,2.0
MSP,SUX,60353.0
GYY,SUX,1.0
BIL,SUX,1.0
COS,SUX,1.0
IAH,SUX,1.0
PWK,SUX,1.0
CYS,SUX,1.0
CLT,SUX,2.0
LAX,SUX,5.0
BNA,SUX,2.0
SFO,SUX,2.0
GRB,SUX,1.0
CMI,SUX,1.0
ICT,SUX,1.0
LBL,SUX,1.0
SFB,SUX,1.0
ABQ,SUX,2.0
GCK,SUX,5.0
SLC,SUX,3.0
CLE,SUX,1.0
SGF,SUX,1.0
DCA,SUX,1.0
IAD,SUX,6.0
ALB,SUX,1.0
AZA,SUX,1.0
MSY,SUX,1.0
LAF,SUX,1.0
MSY,SBN,13.0
IND,SBN,8874.0
IAD,SBN,24.0
DCA,SBN,6.0
MCI,SBN,36.0
SAT,SBN,10.0
GRR,SBN,150.0
SBN,TVC,9.0
SBN,SPI,25.0
BMI,SBN,7.0
MSP,SBN,8626.0
PHL,SBN,29.0
JAX,SBN,8.0
BTV,SBN,9.0
SBN,SLC,59.0
COS,SBN,17.0
LAX,SBN,23.0
BFF,SBN,3.0
CHA,SBN,10.0
CID,SBN,9.0
SBN,XNA,2.0
DBQ,SBN,1.0
BTL,SBN,1.0
FSD,SBN,5.0
SBN,SFO,13.0
CHO,SBN,1.0
ABR,SBN,1.0
SBN,SNA,1.0
SBN,TLH,8.0
ILN,SBN,3135.0
BRO,SBN,2.0
LIT,SBN,6.0
PFN,SBN,1.0
ALB,SBN,5.0
OKC,SBN,12.0
PWM,SBN,8.0
CSV,SBN,1.0
MGM,SBN,1.0
MHT,SBN,1.0
SBN,TMA,1.0
ADS,SBN,1.0
OKK,SBN,1.0
BMG,SBN,5.0
SBN,YNG,5.0
SBN,SGF,5.0
MRC,SBN,1.0
DCU,SBN,1.0
FLL,SBN,5.0
SAV,SBN,6.0
ORH,SBN,1.0
FAR,SBN,3.0
ACY,SBN,14.0
SBN,TUS,1.0
FTW,SBN,1.0
SBN,SCE,9.0
MYR,SBN,1.0
RST,SBN,5.0
PDX,SBN,1.0
SAN,SBN,1.0
SBN,TUL,1.0
CLL,SBN,2.0
IPT,SBN,2.0
BKG,SBN,1.0
SEA,SGU,1.0
SGU,SLC,34934.0
LAX,SGU,9925.0
IDA,SGU,2.0
ADS,SGU,1.0
STJ,STL,1.0
MCI,STJ,1.0
MSP,STJ,18.0
SPS,STJ,4.0
ORD,STJ,1.0
GRR,STJ,1.0
ACT,STJ,1.0
CAE,STF,1.0
FYV,STF,1.0
SUM,TBR,1.0
PIB,SWO,1.0
SLC,SWO,1.0
OKC,SWO,8.0
LIT,SWO,3.0
FYV,SWO,3.0
AFW,SWO,1.0
BNA,SWO,2.0
CKB,SWO,1.0
MSP,SWO,4.0
CLL,SWO,41.0
DAL,SWO,1.0
SAT,SWO,3.0
FLL,SWO,5.0
PHX,SWO,1.0
DLH,SWO,1.0
MSY,SWO,2.0
MCI,SWO,2.0
IAD,SWO,1.0
SWO,TLH,2.0
LBB,SWW,1.0
CRP,SWW,1.0
EFD,TCL,21.0
FNT,TCL,1.0
CHA,TCL,1.0
LIT,TCL,6.0
BUF,TCL,1.0
BTR,TCL,35.0
ABQ,TCL,2.0
BRO,TCL,5.0
FYV,TCL,36.0
TCL,TLH,4.0
MHK,TCL,1.0
OAK,TCL,1.0
OKC,TCL,8.0
CID,TCL,1.0
GNV,TCL,36.0
CHS,TCL,3.0
CSG,TCL,1.0
IAD,TCL,2.0
TCL,XNA,15.0
BTL,TCL,3.0
CLU,TCL,1.0
FWA,TCL,3.0
HSV,TCL,1.0
HLM,TCL,2.0
GRR,TCL,9.0
SAT,TCL,3.0
EKX,TCL,1.0
EWR,TCL,1.0
SAN,TCL,1.0
GMU,TCL,1.0
BWI,TCL,1.0
RWI,TCL,2.0
IND,TCL,1.0
SBN,TCL,1.0
SWO,TCL,1.0
SLN,TCL,1.0
PHL,TCL,1.0
JAX,TCL,2.0
CLL,TCL,2.0
MYR,TCL,2.0
ILG,TCL,1.0
STF,TCL,1.0
GSO,TCL,1.0
FOE,TCL,1.0
CAK,TCL,1.0
IDA,TWF,265.0
LAX,TWF,195.0
SLC,TWF,34515.0
GTF,TWF,4.0
OKC,TWF,4.0
TUL,TWF,2.0
HLN,TWF,2.0
SGF,TWF,1.0
PUB,TWF,1.0
RNO,TWF,8.0
ACV,TWF,2.0
MSN,TWF,1.0
GJT,TWF,3.0
CLM,TWF,1.0
BOS,TWF,2.0
MSP,TWF,7.0
SAN,TWF,3.0
SAT,TWF,1.0
MSO,TWF,5.0
ATL,TWF,5.0
ELP,TWF,25.0
SFO,TWF,61.0
MSY,TWF,2.0
SBN,TWF,1.0
IAD,TWF,1.0
DQF,TWF,4.0
BTM,TWF,1.0
FAT,TWF,8.0
SNA,TWF,2.0
RAP,TWF,5.0
TWF,VGT,1.0
FCA,TWF,5.0
AMA,TWF,2.0
LBB,TWF,1.0
CPR,TWF,2.0
EWR,TWF,2.0
EUG,TWF,5.0
CWA,TWF,1.0
ILN,TWF,1.0
COS,TWF,3.0
TUS,TWF,2.0
DLH,TWF,1.0
MFR,TWF,2.0
BFF,TWF,1.0
ABQ,TWF,2.0
RDU,TWF,1.0
SGU,TWF,6.0
DSM,TWF,1.0
CMH,TWF,2.0
DTW,TWF,1.0
ANC,TWF,1.0
SLE,TWF,2.0
AZA,TWF,6.0
DAY,UCY,1.0
AXV,TVC,6.0
AXV,MEM,2.0
AXV,LRD,3.0
AXV,CSV,1.0
AXV,STL,1.0
IAD,SFO,99435.0
IAD,PHL,42077.0
IAD,SLC,27515.0
IAD,JAX,29095.0
DCA,PHL,54914.0
DCA,JAX,26549.0
DCA,SFO,12.0
DCA,FLL,50209.0
CHO,IAD,31996.0
DCA,PBI,35696.0
IAD,PBI,5994.0
FLL,IAD,33054.0
DCA,MSP,94357.0
IAD,MSP,51650.0
DCA,SAT,34.0
IAD,MSY,28750.0
DCA,MSY,28436.0
DCA,IND,58471.0
DCA,GRR,3368.0
IAD,IND,28803.0
IAD,LAX,148421.0
DCA,MCI,50862.0
IAD,MCI,16205.0
DCA,IAD,1147.0
DCA,LAX,4761.0
DCA,ILM,829.0
BTR,DCA,1658.0
GRR,IAD,21.0
FAY,IAD,1555.0
DCA,MYR,2036.0
IAD,MYR,7362.0
DCA,UCA,2.0
IAD,ILM,40.0
CHO,DCA,27.0
COS,IAD,1583.0
DCA,LIT,59.0
DCA,SLC,4972.0
IAD,SAT,4973.0
ACY,IAD,77.0
IAD,LIT,738.0
ABQ,IAD,2409.0
DCA,FAY,5.0
IAD,OKC,1900.0
ACY,DCA,123.0
IAD,WGO,1.0
DCA,XNA,609.0
IAD,TLH,41.0
AMA,IAD,1.0
CMI,IAD,3.0
IAD,ILN,3949.0
BMG,IAD,2.0
DET,IAD,2.0
DHN,IAD,2.0
IAD,WQM,2.0
IAD,SCE,19356.0
CHA,DCA,3270.0
CHA,IAD,17.0
GNV,IAD,8.0
IAD,RWI,3.0
DCA,TLH,8.0
IAD,ISO,2.0
DCA,LCK,1.0
DCA,UIN,1.0
HUT,IAD,1.0
IAD,TVC,4.0
IAD,XNA,2.0
CID,IAD,5.0
HOT,IAD,102.0
DCA,NEW,1.0
FSD,IAD,16.0
BTR,IAD,24.0
BMI,IAD,2.0
CLL,IAD,25.0
IAD,IDA,2.0
IAD,TCM,1.0
HLN,IAD,1.0
IAD,MCE,1.0
IAD,ILG,9.0
IAD,SPI,841.0
DQF,IAD,1.0
IAD,PWK,1.0
DMA,IAD,1.0
IAD,LAW,1.0
IAD,JLN,1.0
FAT,IAD,1.0
IAD,OKK,1.0
DCA,LUK,1.0
IAD,OWB,1.0
GJT,IAD,7.0
IAD,PFN,1.0
IAD,PKB,2693.0
DCA,FSD,9.0
DCA,LNS,2.0
IAD,SAF,1.0
IAD,SBA,1.0
IAD,TMB,1.0
GFK,IAD,4.0
IAD,SGF,13.0
DPA,ILG,2.0
ILG,MCI,3.0
ILG,MBS,1.0
ILG,IND,1.0
FTW,ILG,1.0
ILG,MKE,2.0
BTV,ILG,2.0
COU,ILG,1.0
ICT,ILG,5.0
ELP,ILG,4.0
ILG,OKC,2.0
ILG,TLH,6.0
GRR,ILG,17.0
CHA,ILG,19.0
ILG,LIT,8.0
BRO,ILG,3.0
ILG,MSY,4.0
CMI,ILG,1.0
GRB,ILG,1.0
ILG,LRD,30.0
AMA,ILG,1.0
GPT,ILG,1.0
GYY,ILG,1.0
ILG,MSP,14.0
ILG,SBN,6.0
ILG,SER,7.0
CMH,ILG,1.0
FLL,ILG,9.0
CSV,ILG,1.0
HSV,ILG,2.0
ILG,MYR,2.0
ACY,ILG,1.0
ILG,TN6,2.0
AZO,ILG,1.0
AND,ILG,1.0
ILG,SCE,1.0
ILG,PHL,3.0
ILG,SAT,1.0
ILG,XNA,11.0
ILG,YNG,4.0
DCA,ILG,1.0
ILG,LGA,1.0
DAY,ILM,1.0
ILM,OAJ,110.0
ILM,MYR,74.0
ILM,PHL,10985.0
FLL,ILM,17.0
ILM,MCI,1.0
FAY,ILM,254.0
ILM,JAX,7.0
ILM,LAS,1.0
ILM,PBI,11.0
CHA,ILM,10.0
ILM,MSY,10.0
ACY,ILM,134.0
ILM,RWI,4.0
ILM,IND,5.0
ILM,SCE,3.0
ILM,TCL,1.0
ILM,LRD,2.0
DSM,ILM,1.0
ILM,ORH,2.0
ILM,LUK,1.0
ILM,STL,2.0
ILM,SAN,1.0
CAK,ILM,1.0
ILM,UCA,4.0
DPA,ILM,1.0
BIF,ILM,1.0
ILM,TLH,1.0
ILM,MSP,1.0
GRR,ILM,1.0
AEX,ILM,1.0
ILM,PBG,2.0
IAH,ILM,1.0
ILN,LCK,7.0
CID,ILN,2720.0
GRR,ILN,2897.0
ILN,LIT,1666.0
ILN,MCI,6953.0
BMI,ILN,2960.0
CHA,ILN,2383.0
ABQ,ILN,979.0
ILN,SAT,2760.0
ILN,MSP,7242.0
ILN,LAX,8965.0
ILN,MSY,3796.0
ILN,SGF,2633.0
FSD,ILN,1326.0
GYY,ILN,1.0
FLL,ILN,3333.0
ILN,SLC,4234.0
COS,ILN,272.0
ILN,PHL,3471.0
ILN,OKC,2693.0
ILN,JAX,1651.0
ILN,LCH,37.0
ILN,IND,7.0
ILN,LAF,1.0
ILN,SFO,3250.0
ILN,TLH,93.0
BTR,ILN,68.0
ILN,YNG,1.0
ILN,XNA,94.0
CHA,WGO,2.0
BTL,WGO,1.0
IND,WGO,2.0
POU,WGO,2.0
MSN,YNG,1.0
AZO,YNG,1.0
JFK,YNG,2.0
ITH,YNG,1.0
HNL,YNG,1.0
COU,YNG,2.0
UIN,YNG,1.0
ACY,YNG,1142.0
OKC,YNG,6.0
FLL,YNG,5.0
RIC,YNG,2.0
BRO,YNG,16.0
LIT,YNG,41.0
MCI,YNG,13.0
BMI,YNG,14.0
GRR,YNG,7.0
GSP,YNG,2.0
GSO,YNG,4.0
PBI,YNG,4.0
MYR,YNG,84.0
BWG,YNG,7.0
SGF,YNG,12.0
ABE,YNG,3.0
PDK,YNG,1.0
DET,YNG,1.0
ISO,YNG,1.0
DSM,YNG,2.0
LCH,YNG,2.0
LGA,YNG,1.0
LNS,YNG,1.0
PIA,YNG,3.0
AFW,YNG,1.0
MLU,YNG,2.0
DCA,YNG,2.0
SAT,YNG,4.0
IRK,YNG,1.0
MRC,YNG,4.0
CLU,YNG,3.0
LSE,YNG,1.0
JST,YNG,2.0
MSP,YNG,5.0
TVC,YNG,2.0
AUS,YNG,1.0
FSD,YNG,6.0
IND,YNG,3.0
FAY,YNG,2.0
AEX,YNG,1.0
MDW,YNG,1.0
TPA,YNG,2.0
IAD,YNG,1.0
FTW,ZZV,1.0
DET,ZZV,1.0
LRD,ZZV,1.0
LAN,ZZV,1.0
ABQ,MSY,112.0
ABQ,SGF,74.0
ABQ,IND,166.0
ABQ,CID,8.0
ABQ,LAX,94775.0
ABQ,MCI,29114.0
ABQ,COS,12373.0
ABQ,SFO,19153.0
ABQ,SLC,62935.0
ABQ,CRP,72.0
ABQ,GJT,27.0
ABQ,OKC,2221.0
ABQ,OGG,1.0
ABQ,MSN,1.0
ABQ,MSP,25069.0
ABQ,SAT,2643.0
ABQ,PHL,111.0
ABQ,FSD,15.0
ABQ,IDA,5.0
ABQ,LIT,293.0
ABQ,SPS,21.0
ABQ,SVC,12370.0
ABQ,CLL,10.0
ABQ,MOB,1.0
ABQ,FLL,19.0
ABQ,PVD,2.0
ABQ,BTR,3.0
ABQ,HOT,2.0
ABQ,SJT,1.0
ABQ,BUF,2.0
ABQ,LBL,1.0
ABQ,BMI,6.0
ABQ,GCK,1.0
ABQ,CAE,2.0
ABQ,CDC,4.0
ABQ,SYR,1.0
ABQ,SLN,1.0
ABQ,ADS,1.0
ABQ,BKW,2.0
ABQ,GTF,5.0
ABQ,BRO,2.0
ABQ,LSV,2.0
ABQ,BPT,1.0
ABQ,JAX,18.0
ABQ,BFL,2.0
ABQ,HMN,1.0
ABQ,DCA,9.0
ABQ,STP,1.0
ABQ,OLS,1.0
ABQ,ACY,1.0
ABQ,MDT,2.0
ABQ,LCK,1.0
ABQ,FAI,1.0
BFL,OXR,2.0
BFL,LAX,44297.0
BFL,SBA,766.0
BFL,SFO,24511.0
BFL,SBP,27.0
BFL,SLC,4301.0
BFL,CVG,1.0
BFL,IPL,1.0
BFL,DQF,3.0
BFL,SEA,2.0
BFL,HOU,1.0
BFL,LAW,1.0
BFL,DAL,1.0
BFL,OMA,2.0
AEX,BFL,1.0
BFL,TUL,1.0
BFL,STL,1.0
BFL,MKE,1.0
BFL,RAP,1.0
BFL,ICT,1.0
BFL,OKC,5.0
BFL,TCM,1.0
BFL,HLN,1.0
BFL,LCK,1.0
BFL,MSY,1.0
BTR,SLC,9.0
BTR,SFO,9.0
BTR,LIT,34.0
BTR,MSY,5190.0
BTR,IND,25.0
BTR,CLE,5.0
BTR,PHL,8.0
BTR,JAX,20.0
BTR,FLL,12.0
BTR,SAT,31.0
BTR,MSP,55.0
BTR,MCI,7.0
BTR,OKC,14.0
BTR,LAX,6.0
BTR,ESF,0.0
BTR,JFK,1.0
BTR,TLH,17.0
BTR,LCH,35.0
BTR,PBI,6.0
BTR,EVV,1.0
BTR,GNV,43.0
BTR,GJT,12.0
BTR,CRP,10.0
BTR,XNA,24.0
BTR,TCM,1.0
BTR,DAY,1.0
BTR,FTW,1.0
BTR,FSD,2.0
BMG,BTR,2.0
BTR,CHA,6.0
BTR,FYV,29.0
BTR,FSM,1.0
BTR,CLL,21.0
BTR,DPA,1.0
BTR,RWI,1.0
BTR,YNG,1.0
BTR,PFN,1.0
BTR,LAW,1.0
BTR,COS,2.0
BTR,GFK,2.0
BTR,CAK,1.0
BTR,FNT,1.0
AFW,BTR,1.0
AVL,BTR,1.0
BTR,GRR,2.0
BTR,BTV,1.0
BMI,GRI,2.0
BMI,HUF,155.0
BMI,SPI,1504.0
BMI,GRB,3.0
BMI,TUL,2.0
BMI,SLC,37.0
BMI,FOE,2.0
BMI,SGF,689.0
BMI,FYV,1.0
BMI,MSP,1382.0
BMI,BRL,1.0
BFF,BMI,2.0
BMI,GRR,2.0
BMI,PIT,1.0
BMI,BWI,2.0
BMI,MCI,10.0
BMI,RAP,1.0
BMI,XNA,3.0
BMI,CID,122.0
BMI,CLT,3.0
BMI,DAY,3.0
BMI,TVC,1.0
BMI,CHA,9.0
BMI,BTL,1.0
BMI,IND,9.0
BMI,TYS,7.0
BMI,LAN,2.0
BIL,BMI,2.0
BMI,MDT,2.0
BMI,LEX,1.0
BMI,MMI,1.0
BMI,LRD,3.0
BMI,FLL,4.0
BMI,OH1,1.0
BMI,LIT,7.0
BMI,PWM,1.0
BMI,LGA,2.0
BMI,MIA,1.0
BMI,ROC,2.0
BMI,CHS,5.0
BMI,CRW,1.0
BMI,GSP,3.0
BMI,JAX,2.0
BMI,OKC,6.0
BMI,ELP,1.0
BMI,IAH,1.0
ABE,BMI,2.0
BMI,COS,1.0
AND,BMI,1.0
BMI,LCK,1.0
BMI,JXN,1.0
BMI,OLS,1.0
BMI,STJ,1.0
BMI,BUF,1.0
BMI,CAK,1.0
BMI,BTR,1.0
BMI,DCA,1.0
BMI,JAN,1.0
AVP,BMI,2.0
BMI,RIC,1.0
BMI,OGD,1.0
ATW,BMI,168.0
BMI,GPT,1.0
BMI,FSD,2.0
BMI,MSY,1.0
BMI,PKB,2.0
BMI,ROA,1.0
BMG,DSM,1.0
BMG,BMI,1.0
BMG,SLC,6.0
BMG,CID,32.0
BMG,SMF,2.0
BMG,MDH,1.0
BMG,SEA,1.0
BMG,MSP,21.0
BMG,SCE,34.0
BMG,RWI,14.0
BMG,IND,6.0
BMG,EUG,1.0
BMG,MKE,2.0
BMG,TCL,1.0
BMG,TLH,3.0
BMG,BTL,2.0
BMG,LIT,2.0
BMG,PHL,2.0
BMG,OAJ,1.0
BMG,TPA,1.0
BMG,MCI,2.0
BMG,SAT,2.0
BMG,LUK,1.0
BMG,PVD,1.0
BMG,OAK,1.0
BMG,CAK,1.0
BYH,MSP,0.0
BYH,DAY,1.0
BYH,IND,1.0
BYH,JAX,2.0
ATL,BYH,13.0
BRO,PDX,1.0
BRO,CRP,52.0
BRO,SFO,3.0
BRO,GSO,3.0
BRO,LIT,100.0
BRO,PHL,2.0
BRO,MCI,47.0
BRO,IND,7.0
BRO,MSY,21.0
BRO,OKC,24.0
BRO,TPA,1.0
BRO,SAT,39.0
BRO,LAS,1.0
AMA,BRO,3.0
BRO,GSP,4.0
BRO,FTW,4.0
BRO,MCE,1.0
BRO,PUB,2.0
BRO,SLC,44.0
BRO,LAX,5.0
AGS,BRO,1.0
BRO,MHR,1.0
BRO,CAE,2.0
BRO,CHA,1.0
BRO,MSP,7.0
BRO,SAN,1.0
BRO,MKL,1.0
BRO,FLL,1.0
BRO,ORD,2.0
BRO,MGM,3.0
BRO,GMU,1.0
AZO,BRO,1.0
BRO,MRC,1.0
BRO,DQF,1.0
BRO,HUF,1.0
BRO,PWK,1.0
BRO,MQT,1.0
BRO,DPA,3.0
BRO,YUM,2.0
BRO,GDC,2.0
BRO,CLT,1.0
CHA,MOB,3.0
ALB,CHA,7.0
CHA,ROC,7.0
CHA,PHL,27.0
CHA,OKC,11.0
CHA,MSP,50.0
CHA,IND,17.0
CHA,LAX,1.0
CHA,LIT,17.0
CHA,MSY,6.0
CHA,SAT,2.0
CHA,MIA,5.0
CHA,SAN,2.0
CHA,PDX,3.0
CHA,MCI,16.0
CHA,SEA,6.0
CHA,PBI,4.0
CHA,FLL,341.0
CHA,MDT,5.0
BOS,CHA,8.0
CHA,SLC,4.0
CHA,JAX,712.0
AVP,CHA,9.0
CHA,LAS,1.0
CHA,ROA,29.0
CHA,MLU,2.0
CHA,LYH,8.0
CHA,PNS,283.0
BUF,CHA,8.0
CHA,OAJ,1.0
CHA,MYR,9.0
ABE,CHA,7.0
ABY,CHA,4.0
CHA,PFN,4.0
CHA,GTR,1.0
CHA,FAY,6.0
CHA,TPA,5.0
CHA,MEI,5.0
CHA,LCH,7.0
CHA,VLD,3.0
CHA,DHN,3.0
CHA,GNV,4.0
CHA,RFD,1.0
CHA,DAY,14.0
CHA,ORH,1.0
CHA,XNA,14.0
CHA,GRR,17.0
CHA,SFO,3.0
CHA,CHO,7.0
CHA,DET,2.0
CHA,SNA,3.0
ASN,CHA,1.0
CHA,DNN,1.0
CAK,CHA,5.0
CHA,COS,2.0
CHA,OAK,3.0
CHA,MRC,1.0
CHA,GTF,7.0
CHA,RWI,2.0
CHA,SMF,2.0
CHA,MHT,3.0
BFI,CHA,1.0
ATW,CHA,4.0
CHA,PWM,3.0
CHA,TLH,2.0
ACY,CHA,16.0
CHA,MSN,4.0
BGR,CHA,1.0
CHA,FSD,1.0
CHA,CID,2.0
CHA,FSM,3.0
CHA,GSB,1.0
BZN,CHA,2.0
CHA,PIB,2.0
CHA,JAC,1.0
CHA,SJC,1.0
CHA,CKB,2.0
CHA,SGF,3.0
ABQ,CHA,1.0
CLT,OH3,1.0
EVV,OH3,3.0
LIT,OH3,1.0
GMU,OH3,1.0
CFV,OSH,1.0
CFV,SVH,1.0
GNV,TLH,1747.0
DCA,GNV,1.0
GNV,JAX,5084.0
GNV,ROA,1.0
GNV,PHL,7.0
FLL,GNV,45.0
CAK,GNV,1.0
GNV,IND,7.0
GNV,PFN,4.0
GNV,ORD,1.0
GNV,JAN,1.0
GNV,XNA,30.0
GNV,LIT,5.0
AEX,GNV,1.0
GNV,MYR,3.0
GNV,MSY,12.0
GNV,SJC,1.0
GNV,RIC,1.0
FYV,GNV,9.0
ABQ,GNV,1.0
GNV,SCE,6.0
APF,GNV,1.0
GNV,MSP,4.0
GNV,PIB,2.0
DAL,GNV,1.0
BWG,GNV,2.0
CRP,GNV,1.0
GNV,PBI,8.0
CLL,GNV,8.0
GNV,JFK,1.0
GNV,OKC,4.0
GVL,MGY,1.0
GCK,SLC,3.0
GCK,SGF,4.0
GCK,LIT,3.0
GCK,IAD,1.0
GCK,SAN,1.0
BWI,GCK,1.0
GCK,IAH,1.0
GCK,MCI,2210.0
GCK,IND,1.0
ABI,GCK,1.0
GCK,WDG,1.0
GCK,PHX,1.0
GCK,OKC,1.0
CVG,GCK,1.0
GCK,MKE,3.0
GCK,LAS,1.0
EAR,GCK,2.0
GCK,MSP,1.0
GCK,GRI,3.0
GCK,LGU,1.0
ACY,GFL,2.0
GFL,JZU,1.0
ALB,GFL,1.0
GFK,MSP,71247.0
FSD,GFK,945.0
GFK,SFO,4.0
GFK,PHL,7.0
GFK,GRR,16.0
GFK,LAX,5.0
GFK,GTF,12.0
GFK,OAK,1.0
GEG,GFK,4.0
BZN,GFK,1.0
GFK,SLC,26.0
GFK,IND,23.0
FAI,GFK,2.0
GFK,RDU,2.0
BDL,GFK,1.0
GFK,RNO,2.0
GFK,SUX,1.0
DCA,GFK,1.0
CLT,GFK,1.0
ANC,GFK,3.0
GFK,SAN,2.0
GFK,MIA,2.0
GFK,MCO,2.0
ATL,GFK,2.0
GFK,SNA,2.0
AFW,GFK,1.0
GFK,GJT,6.0
GFK,SGF,31.0
GFK,SAT,1.0
CID,GFK,21.0
ATW,GFK,4.0
GFK,SUS,1.0
GFK,MDT,1.0
GFK,IAH,1.0
GFK,MSY,5.0
GFK,MWH,1.0
GFK,PIR,2.0
GFK,JFK,1.0
BMI,GFK,1.0
EWR,GFK,1.0
GFK,LGA,1.0
ABR,GFK,1.0
GFK,LAR,1.0
BWI,GFK,2.0
GFK,LIT,4.0
GTF,MSP,27839.0
GTF,SLC,41678.0
GTF,SFO,2.0
GTF,PIT,2.0
BOS,GTF,2.0
GTF,IDA,5.0
GTF,HNL,2.0
EWR,GTF,1.0
GTF,LAX,8.0
GJT,GTF,7.0
GTF,IND,3.0
GTF,MCI,46.0
GTF,HVR,2.0
GTF,PUB,15.0
GTF,LNK,2.0
GTF,SBA,2.0
EUG,GTF,1.0
GTF,MDW,2.0
GTF,LAN,1.0
GTF,SGF,3.0
FSD,GTF,6.0
DAY,GTF,1.0
ERI,GTF,1.0
COS,GTF,7.0
GTF,SAT,2.0
GTF,XNA,1.0
GTF,ROW,1.0
FBK,GTF,1.0
GTF,OKC,2.0
GTF,RST,4.0
DAY,GCY,1.0
FLL,PIB,1.0
CMI,PIB,1.0
JAN,PIB,7.0
CLT,PIB,1.0
GRB,PIB,1.0
GPT,PIB,1.0
PIB,RFD,1.0
MSP,PIB,4.0
ICT,PIB,1.0
PIB,POB,10.0
PIB,SUS,1.0
MGM,PIB,1.0
BTV,PIB,1.0
CHO,PIB,2.0
MCI,PIB,2.0
BWI,PIB,1.0
HOT,IND,3.0
FSM,HOT,1.0
HOT,MCI,27.0
HOT,LAX,1.0
HOT,TPA,1.0
HOT,MSY,33.0
GNV,HOT,1.0
HOT,LIT,16.0
HOT,LAS,1.0
CAE,HOT,1.0
HOT,TUL,2.0
CVG,HOT,1.0
HOT,JLN,3.0
HOT,PBI,2.0
CID,HOT,1.0
EWN,HOT,1.0
HOT,LFT,1.0
HOT,STL,1.0
BTR,HOT,1.0
IDA,RNO,8.0
IDA,PUW,1.0
IDA,SLC,66368.0
HLN,IDA,6.0
IDA,MCO,6.0
ANC,IDA,2.0
IDA,SJC,1.0
IDA,SFO,6.0
IDA,PHL,4.0
IDA,OMA,2.0
IDA,SMF,8.0
ATL,IDA,2.0
IAH,IDA,2.0
IDA,OAK,3.0
IDA,MSP,2633.0
IDA,LAX,5.0
CVG,IDA,4.0
IDA,JFK,1.0
IDA,TUS,2.0
IDA,LNK,1.0
ELP,IDA,1.0
IDA,SNA,1.0
IDA,SBA,1.0
COS,IDA,2.0
IDA,IND,6.0
IDA,TCM,3.0
IDA,RDM,3.0
IDA,MCE,1.0
BFI,IDA,1.0
FSD,IDA,3.0
DCA,IDA,1.0
IDA,MFR,1.0
IDA,MIA,1.0
DRO,IDA,1.0
IDA,RDD,1.0
ATW,IDA,1.0
IDA,LIT,1.0
FAR,IDA,1.0
ACV,IDA,1.0
COS,MCI,4045.0
MCI,PBI,5.0
MCI,OKC,70619.0
MCI,SLC,66169.0
MCI,SFO,19205.0
MCI,PHL,42074.0
LAX,MCI,64652.0
MCI,MSP,105204.0
MCI,MSY,7525.0
MCI,SAT,13764.0
IND,MCI,27808.0
CRP,MCI,11.0
JAX,MCI,1412.0
FLL,MCI,4789.0
CID,MCI,583.0
LIT,MCI,6214.0
MCI,SGF,1734.0
FSD,MCI,25.0
MCI,SPI,8.0
LAS,MKC,2.0
JXN,MCI,2.0
BTL,MCI,12.0
GRR,MCI,89.0
LIT,MKC,1.0
MCI,TVC,6.0
ANC,MKC,1.0
ERI,MCI,1.0
MCI,MKC,9.0
MCI,NZY,1.0
MCI,MYR,408.0
MCI,MVN,19.0
AID,MCI,2.0
MCI,ZZV,1.0
GFK,MCI,5.0
MCI,POB,4.0
DNN,MCI,1.0
MCI,OKK,4.0
MCI,MIO,1.0
CLL,MCI,38.0
BWG,MCI,10.0
MCI,SPS,19.0
FDY,MCI,3.0
HLM,MCI,1.0
HKY,MCI,3.0
BUF,MKC,1.0
ALO,MCI,2.0
LWS,MCI,2.0
ABR,MCI,1.0
HKS,MCI,1.0
MKC,XNA,1.0
FAY,MCI,1.0
CEV,MCI,1.0
MCI,WGO,5.0
LAX,MKC,2.0
MCI,RWI,16.0
MCI,PGV,1.0
LEX,MKC,1.0
AOH,MCI,2.0
GJT,MCI,16.0
CGI,MKC,1.0
MCI,OH2,2.0
CAD,MCI,1.0
CLU,MCI,1.0
BZN,MCI,2.0
GSB,MCI,1.0
MKC,TPA,1.0
GRI,MCI,2410.0
ILG,MKC,1.0
GCY,MCI,1.0
MCI,MOR,2.0
LUK,MCI,2.0
MDT,MKC,1.0
ATY,MCI,1.0
GDC,MCI,1.0
DQC,MCI,1.0
AGS,MCI,2.0
CLL,MKC,3.0
MKC,MKL,1.0
CHA,MKC,1.0
MCI,XNA,13.0
BKX,MCI,3.0
MCI,MOT,1.0
HIF,MCI,1.0
AHN,MCI,1.0
MCI,TDZ,1.0
HOU,MKC,2.0
MCI,PUW,1.0
MCI,TLH,2.0
CID,MKC,2.0
IDA,MCI,1.0
MCI,TCL,1.0
MCI,MFD,1.0
MCI,SCE,7.0
MCI,SBA,1.0
MKC,SFO,2.0
KY5,MCI,1.0
FLL,MKC,2.0
LAL,MKC,1.0
MKC,PWK,1.0
MKC,SAF,1.0
MKC,OMA,1.0
ABQ,MKC,1.0
MKC,MSP,18.0
MKC,MSY,1.0
FYV,MCI,97.0
MCI,TBN,1742.0
ACY,MCI,42.0
MCI,PNE,1.0
EKX,MKC,1.0
EAR,MCI,1.0
BGR,MKC,1.0
ELM,MCI,1.0
MKC,OKC,5.0
CHO,MCI,1.0
MKC,PIT,1.0
CRW,MKC,1.0
CKB,MCI,1.0
BKG,MCI,1.0
LIT,MSP,4550.0
LIT,SAT,242.0
LIT,SGF,2330.0
LIT,MSY,10752.0
COS,LIT,9.0
LIT,PHL,59.0
LIT,OKC,316.0
CRP,LIT,5.0
LIT,SLC,2620.0
LIT,SFO,18.0
LIT,PBI,5.0
CID,LIT,4.0
FLL,LIT,18.0
LAX,LIT,31.0
LIT,SPI,4.0
IND,LIT,369.0
ALB,LIT,1.0
GJT,LIT,8.0
JAX,LIT,9.0
JXN,LIT,4.0
LIT,SJC,2.0
GRR,LIT,9.0
FLO,LIT,1.0
LIT,MDT,1.0
LIT,RST,2.0
LIT,XNA,90.0
LIT,PFN,2.0
LCH,LIT,480.0
CPR,LIT,1.0
LIT,PKB,1.0
LIT,PIB,1.0
GTF,LIT,3.0
LIT,MHK,1.0
LIT,RIV,1.0
GEG,LIT,2.0
BFI,LIT,1.0
CAD,LIT,1.0
LIT,RDG,2.0
LIT,MCE,1.0
BTL,LIT,10.0
LIT,LYH,1.0
EGP,LIT,1.0
BWG,LIT,3.0
HYS,LIT,1.0
FAR,LIT,1.0
LIT,PGV,1.0
GDC,LIT,3.0
DDC,LIT,1.0
LIT,TLH,6.0
LIT,PAH,1.0
LIT,OLS,1.0
CLL,LIT,25.0
ERI,LIT,1.0
LIT,RWI,5.0
FSD,LIT,5.0
FAY,LIT,3.0
LIT,POB,1.0
FYV,LIT,4.0
LIT,SDM,1.0
CHO,LIT,3.0
AID,LIT,1.0
JEF,LIT,1.0
CWA,LIT,1.0
AZA,LIT,1.0
LIT,TTN,1.0
ANC,LIT,1.0
LIT,VAD,1.0
DRO,LIT,1.0
DHN,LIT,1.0
LIT,OCF,2.0
IND,LAX,40316.0
GRR,LAX,31.0
LAX,MSP,99354.0
LAX,SAT,30594.0
LAX,MSY,35020.0
LAX,PHL,90811.0
LAX,SFO,636449.0
LAX,SLC,191979.0
LAX,OKC,3025.0
GJT,LAX,295.0
LAX,SBA,145257.0
LAX,MYR,1.0
ADM,LAX,1.0
COS,LAX,28434.0
FLL,LAX,22679.0
LAX,RCA,1.0
LAX,SBP,76937.0
HII,LAX,1232.0
FSD,LAX,163.0
LAX,PBI,14.0
GCK,LAX,2.0
AVL,LAX,1.0
ALO,LAX,2.0
FTW,LAX,3.0
CEC,LAX,1.0
LAX,LCH,2.0
LAX,SPI,8.0
LAX,XNA,4049.0
GRK,LAX,1.0
HUF,LAX,2.0
LAX,LBL,1.0
JNU,LAX,1.0
LAX,RAP,2.0
LAX,LMT,6.0
JAX,LAX,586.0
DQF,LAX,2.0
CLL,LAX,6.0
BKL,LAX,1.0
BFM,LAX,1.0
CIC,LAX,1.0
LAX,SKF,3.0
LAX,SAC,1.0
CHO,LAX,7.0
LAX,SCE,10.0
LAX,TCL,1.0
LAX,SGF,144.0
GRR,MSP,62723.0
IND,MSP,76611.0
CID,MSP,74897.0
FSD,MSP,99395.0
MSP,SAT,14621.0
MSP,SLC,100028.0
MSP,SFO,91713.0
MSP,PHL,105149.0
GJT,MSP,283.0
FLL,MSP,10637.0
MSP,PBI,411.0
COS,MSP,22089.0
MSP,TLH,7.0
MSP,OKC,11638.0
MSP,TVC,15493.0
MSP,MSY,21988.0
JAX,MSP,6132.0
BFF,MSP,5.0
IPL,MSP,1.0
MSP,SBA,0.0
MSP,SAW,2.0
IMT,MSP,1148.0
FFM,MSP,8.0
MSP,SPI,15.0
MSP,SGF,5188.0
MSP,OSH,1.0
FSM,MSP,1.0
MSP,VWL,1.0
DET,MSP,3.0
LOZ,MSP,1.0
MSP,RDD,3.0
CLU,MSP,1.0
MSP,NQA,1.0
CHO,MSP,6.0
MSP,SCE,56.0
LBF,STP,1.0
MSP,MVN,2.0
CEV,MSP,1.0
MSP,XNA,8893.0
MSP,POB,5.0
DPA,MSP,1.0
EIL,MSP,1.0
MSP,SKY,1.0
CRP,MSP,11.0
MSP,MYR,333.0
LBF,MSP,4.0
CLL,MSP,11.0
ADS,MSP,1.0
MGY,MSP,1.0
GRI,MSP,8.0
MSP,NEW,1.0
LRD,STP,1.0
MSP,OKK,1.0
STP,TUS,1.0
LCH,MSP,5.0
MSP,SPS,17.0
IND,STP,1.0
MSP,RWI,5.0
MSP,PUW,1.0
GTR,MSP,1.0
EDF,MSP,2.0
HLM,MSP,1.0
ELP,STP,1.0
HIF,MSP,2.0
PHX,STP,2.0
ACY,MSP,12.0
SFO,STP,1.0
FYV,MSP,2.0
FTY,MSP,1.0
LAS,STP,1.0
MSP,SHD,1.0
MSP,SLE,1.0
STP,THV,1.0
SAT,STP,1.0
PWK,STP,1.0
FCM,LGA,1.0
SBA,STP,15.0
BAD,MSP,1.0
MSP,PAH,1.0
LFK,LIT,1.0
MSY,SAT,8438.0
IND,MSY,9759.0
JAX,MSY,9475.0
MSY,PHL,32263.0
MSY,SLC,16922.0
MSY,SFO,11774.0
MSY,OKC,468.0
FLL,MSY,11526.0
COS,MSY,47.0
MSY,PBI,111.0
LCH,MSY,14.0
CRP,MSY,52.0
MSY,SPI,4.0
ACY,MSY,23.0
ESF,MSY,1.0
MSY,PFN,3.0
MSY,TLH,77.0
AVP,MSY,1.0
HKY,MSY,1.0
MEI,MSY,2.0
MSY,PWM,4.0
ADS,MSY,4.0
MHK,MSY,1.0
DQF,MSY,1.0
MSY,SGF,13.0
MSY,RIV,1.0
BHM,NEW,1.0
DSM,NEW,1.0
BTR,NEW,1.0
MSY,YNG,1.0
ABY,MSY,6.0
MDW,NEW,1.0
NEW,TCL,2.0
MSY,NEW,1.0
MSY,POB,4.0
IND,NEW,1.0
CID,MSY,15.0
MSY,SCK,2.0
NBG,RFD,2.0
AEX,NBG,1.0
NBG,NZY,1.0
NBG,OKC,2.0
CLL,NBG,1.0
GGG,MSY,1.0
BIF,MSY,2.0
MSY,TCL,2.0
FSD,MSY,25.0
MSY,RAP,2.0
ARA,MSY,1.0
MSY,SUS,1.0
MHE,MSY,1.0
MSY,SCF,1.0
MSY,SOW,1.0
MSY,ORL,1.0
NBG,SAT,1.0
EDF,NBG,1.0
JFK,NBG,1.0
JAX,NEW,2.0
GWO,NEW,1.0
ATL,NEW,1.0
MSY,PIB,1.0
PFN,TLH,40.0
JAX,PFN,6.0
PFN,YIP,1.0
PFN,TUS,1.0
OAK,PAM,1.0
CHO,PFN,1.0
FLL,PAM,1.0
PAM,SZL,2.0
PAM,RND,2.0
NPA,PAM,1.0
FLL,PFN,11.0
MIA,PAM,3.0
DFW,PAM,1.0
MEI,PFN,1.0
JFK,PFN,1.0
ATL,PAM,5.0
MIA,PFN,4.0
HMN,PFN,1.0
PBI,PFN,1.0
OKC,PAM,2.0
PAM,SAT,4.0
DMA,PAM,1.0
BWI,PAM,1.0
EYW,PFN,1.0
LSV,PFN,1.0
GSB,PAM,1.0
JFK,PAM,2.0
DOV,PAM,1.0
ABQ,PAM,1.0
PFN,SFB,1.0
MYR,PFN,1.0
LEX,PKB,1.0
DAY,PKB,1.0
PDX,PKB,1.0
CLT,PKB,1.0
PKB,RDU,1.0
GSP,PKB,1.0
CRW,PKB,1.0
MIA,PKB,1.0
PHL,PKB,3.0
FLL,PBG,634.0
PBG,RUT,1.0
CLE,PBG,1.0
MYR,PBG,341.0
AVP,PBG,1.0
PBG,PGD,10.0
PGD,PWK,1.0
FLL,PGD,1.0
PBI,PGD,1.0
MYR,PGD,185.0
ACY,PGD,1.0
PGD,SPI,46.0
RFD,RWI,1.0
IND,RWI,7.0
ACY,RWI,47.0
FAY,RWI,8.0
LFT,RWI,1.0
DPA,RWI,2.0
ORD,RWI,1.0
PWK,RWI,1.0
DAY,RWI,1.0
MIA,RWI,1.0
ROA,RWI,3.0
HKS,RWI,2.0
MFD,RWI,1.0
RWI,SAV,1.0
PDK,RWI,2.0
CLE,RWI,2.0
ILG,RWI,1.0
RWI,TUS,1.0
GSP,RWI,2.0
BRO,RWI,1.0
DTW,RWI,4.0
DAL,RWI,2.0
OPF,RWI,1.0
FSM,RWI,1.0
SAT,SLC,27254.0
OKC,SAT,1621.0
SAT,SFO,3549.0
JAX,SAT,32.0
FLL,SAT,740.0
AZO,SAT,1.0
BFL,SAT,12.0
IND,SAT,559.0
PBI,SAT,16.0
PHL,SAT,1243.0
CRP,SAT,1357.0
MIA,SKF,4.0
JAC,SAT,2.0
SAT,SKF,1.0
SAT,SPS,12.0
COS,SAT,1378.0
GJT,SAT,15.0
MLU,SAT,2.0
PAH,SAT,1.0
IPL,SAT,6.0
MHT,SAT,1.0
MTJ,SAT,8.0
CID,SAT,26.0
CHO,SAT,2.0
SAT,SGF,15.0
COS,SKF,1.0
PDK,SAT,1.0
LAL,SAT,1.0
CMH,SKF,1.0
LAW,SKF,1.0
RND,TUS,1.0
BIF,SAT,2.0
PFN,SAT,1.0
CHO,SKF,1.0
NQX,RND,1.0
BKL,SAT,1.0
LGA,SKF,1.0
ALO,SAT,1.0
GRB,SAT,1.0
SHV,SKF,2.0
MSY,SKF,8.0
FSD,SAT,12.0
CVS,SKF,2.0
DFW,SKF,1.0
MSO,SAT,1.0
BPT,SKF,1.0
RDD,SAT,1.0
PGV,SAT,1.0
HMN,SKF,1.0
SAT,XNA,13.0
GRR,SAT,7.0
CLL,SAT,6.0
DYS,SKF,2.0
MKG,SAT,1.0
LUF,SKF,1.0
RIV,SAT,1.0
APF,SAT,1.0
ALB,SAT,1.0
SAT,TLH,3.0
SAT,SCE,10.0
MUO,SKF,1.0
LCH,SAT,4.0
NZY,SAT,1.0
LSV,SAT,1.0
CRW,SAT,1.0
MEI,SAT,1.0
GTR,SAT,1.0
SAT,TKF,1.0
POB,SAT,3.0
SAT,YUM,1.0
LWS,SAT,1.0
HOU,SKF,1.0
MFR,SAT,1.0
BFF,EWR,2.0
BFF,LAS,1.0
BFF,LBF,77.0
BFF,BOS,4.0
BFF,SLC,8.0
BFF,LGA,1.0
BFF,MDW,7.0
BFF,PHL,4.0
BFF,COS,2.0
BFF,CMI,4.0
BFF,SPI,4.0
BFF,IND,10.0
AZO,BFF,1.0
BFF,STL,2.0
BFF,IAH,2.0
BFF,FAR,1.0
BFF,CID,7.0
BFF,FSD,8.0
BFF,SHR,2.0
BFF,JAC,4.0
BFF,TOL,1.0
BFF,OGD,2.0
BFF,OKC,1.0
BFF,DSM,2.0
BFF,MKL,1.0
BFF,MOD,1.0
BFF,BWI,2.0
BFF,LAX,1.0
BFF,GRI,2.0
BFF,GRR,3.0
BFF,RKS,7.0
BFF,PIT,2.0
BFF,HUF,1.0
BFF,SMF,1.0
BFF,LUK,1.0
BFF,CSG,1.0
BFF,MCO,1.0
BFF,EAR,2.0
BFF,IAD,1.0
BFF,TYS,1.0
MEM,SYI,1.0
AMA,SYI,2.0
ASN,SYI,1.0
DSM,SVC,1.0
FSD,SNA,25.0
CID,FSD,86.0
FSD,SLC,2970.0
FSD,SFO,22.0
COS,FSD,51.0
BDL,FSD,4.0
FSD,OAK,3.0
FSD,TPA,5.0
FSD,GRR,5.0
FSD,HOU,7.0
FSD,IND,41.0
FSD,PIT,5.0
FSD,PHL,6.0
ANC,FSD,4.0
BNA,FSD,20.0
FSD,RDU,4.0
BOS,FSD,7.0
FSD,IAH,15.0
FSD,HNL,4.0
BGR,FSD,1.0
FSD,FWA,3.0
FSD,JAC,1.0
FSD,ISN,1.0
FSD,NBG,1.0
ELP,FSD,1.0
FSD,VWL,1.0
FSD,MKG,1.0
FSD,SUS,1.0
FSD,JAX,1.0
FSD,GJT,5.0
FSD,LCH,4.0
BAD,FSD,1.0
ALB,FSD,1.0
FSD,GSO,1.0
FSD,SPI,5.0
FSD,XNA,3.0
FSD,TVC,2.0
FSD,OKC,30.0
FSD,ROC,1.0
FSD,HUF,4.0
FSD,SGF,14.0
FSD,SSC,2.0
FSD,JAN,1.0
FSD,LEX,0.0
ABE,FSD,1.0
ATL,SPA,1.0
BWI,SPI,6.0
SAV,SPI,2.0
PHX,SPI,4.0
LNK,SPI,4.0
CID,SPI,137.0
SLC,SPI,63.0
JAX,SPI,5.0
COS,SPI,3.0
CMH,SPI,5.0
SPI,TUS,1.0
LGA,SPI,7.0
ALO,SPI,5.0
SPI,TBN,1.0
DSM,SPI,7.0
BHM,SPI,5.0
SPI,SUX,4.0
DCA,SPI,3.0
EWR,SPI,19.0
SPI,TUL,8.0
ATL,SPI,7.0
RDU,SPI,4.0
FWA,SPI,11.0
CLT,SPI,5.0
SFO,SPI,1.0
OKC,SPI,9.0
SGF,SPI,1790.0
SAT,SPI,6.0
IND,SPI,7.0
DFW,SPI,6.0
PIT,SPI,33.0
SEA,SPI,2.0
JFK,SPI,4.0
PHL,SPI,13.0
LBF,SPI,1.0
SAN,SPI,2.0
GRR,SPI,7.0
MIA,SPI,2.0
HOU,SPI,1.0
FYV,SPI,1.0
CWA,SPI,1.0
BOS,SPI,5.0
LSE,SPI,1.0
SPI,XNA,2.0
ICT,SPI,7.0
SJC,SPI,2.0
SMF,SPI,2.0
GYY,SPI,1.0
SPI,TPA,2.0
PDX,SPI,1.0
MCO,SPI,1.0
RIC,SPI,3.0
SHV,SPI,61.0
ABQ,SPI,1.0
AUS,SPI,4.0
IAH,SPI,4.0
JLN,SPI,1.0
FAR,SPI,3.0
SPI,SVN,1.0
ROA,SPI,1.0
SPI,TYS,1.0
MYR,SPI,74.0
COS,SGF,575.0
MDT,SGF,2.0
SGF,SNA,13.0
DCA,SGF,10.0
FYV,SGF,102.0
CID,SGF,10.0
CLT,SGF,14.0
PBI,SGF,5.0
JAX,SGF,16.0
OKC,SGF,55.0
SGF,SLC,677.0
SGF,TPA,9.0
SGF,SMF,1.0
SEA,SGF,4.0
BDL,SGF,5.0
SAN,SGF,7.0
EWR,SGF,12.0
SGF,SLN,1.0
BOS,SGF,3.0
IND,SGF,16.0
PHL,SGF,17.0
FLL,SGF,7.0
ERI,SGF,1.0
GJT,SGF,6.0
SGF,XNA,88.0
SGF,SJC,2.0
CHS,SGF,3.0
SGF,SPS,32.0
GYY,SGF,2.0
GRR,SGF,11.0
SGF,TCL,1.0
PDX,SGF,2.0
ABE,SGF,1.0
BWI,SGF,1.0
LUK,SGF,1.0
SFO,SGF,1.0
MHK,SGF,1.0
DEC,SGF,1.0
MYR,SGF,1.0
SGF,WMH,1.0
BTR,SGF,2.0
HRO,SGF,1.0
LEX,SGF,5.0
HUF,SGF,1.0
DAL,SGF,3.0
EUG,SGF,1.0
SGF,YUM,1.0
GRB,SGF,1.0
SAF,SGF,1.0
NZY,SGF,1.0
ARA,SGF,1.0
ANB,SGF,1.0
POB,SGF,1.0
FAT,SGF,1.0
MIA,SGH,1.0
MKE,SGH,1.0
STL,SVH,1.0
PHL,TLH,10.0
FLL,TLH,17646.0
IND,TLH,13.0
EWR,TLH,4.0
JAX,TLH,4743.0
OKC,TLH,5.0
SLC,TLH,4.0
PBI,TLH,12695.0
PHX,TLH,2.0
CHO,TLH,50.0
CAK,TLH,2.0
OAK,TLH,1.0
DAL,TLH,1.0
MRC,TLH,1.0
MSO,TLH,1.0
TLH,XNA,5.0
ACY,TLH,3.0
MYR,TLH,2.0
CLL,TLH,10.0
FNT,TLH,1.0
LAX,TLH,2.0
SMF,TLH,2.0
BTL,TLH,2.0
SAN,TLH,1.0
PGV,TLH,2.0
CGI,TLH,1.0
SFO,TLH,4.0
PDX,TLH,1.0
DBQ,TLH,1.0
TLH,TUS,1.0
SGF,TLH,1.0
LAF,TLH,1.0
IPT,TLH,2.0
AUO,TLH,1.0
SEA,TLH,1.0
AEX,TLH,2.0
DFW,HUF,3.0
DAY,HUF,1.0
HUF,PHX,1.0
CLT,HUF,6.0
HUF,JFK,1.0
HUF,MCO,3.0
ABI,HUF,1.0
HUF,SUS,1.0
GSP,HUF,1.0
HUF,OKC,35.0
HUF,MCI,1.0
HUF,SBN,1.0
HUF,MEM,1.0
CID,HUF,2.0
HUF,LGA,1.0
HUF,JAX,1.0
HUF,MSY,1.0
HUF,ICT,1.0
DCA,HUF,1.0
EWR,HUF,1.0
HOU,HUF,1.0
CSV,TVI,1.0
ALW,GEG,77.0
ALW,BTM,1.0
ALW,FCA,1.0
ALW,GTF,1.0
ALW,PIH,1.0
ALW,IDA,1.0
ALW,OAK,1.0
STL,SZL,1.0
CAE,SZL,1.0
MEM,SZL,1.0
MDW,SZL,1.0
SFB,SZL,2.0
PHX,SZL,1.0
HIF,SZL,1.0
CVS,SZL,1.0
RCA,SZL,2.0
ANC,SZL,1.0
SZL,TIK,1.0
OAK,SZL,1.0
HIK,SZL,2.0
BTL,FWA,1.0
BTL,OKC,5.0
BTL,LUK,1.0
BRO,BTL,4.0
BTL,TOL,1.0
BTL,EWR,1.0
BTL,ORD,1.0
BTL,LAN,2.0
BTL,ISO,2.0
BTL,BWG,3.0
BTL,MCE,1.0
BTL,MIA,1.0
BTL,MSY,2.0
BTL,PGV,1.0
BTL,CMI,1.0
BTL,PHL,4.0
BTL,CHO,2.0
BTL,MKL,3.0
BTL,TYS,1.0
BTL,MGM,1.0
BTL,ELP,2.0
AVL,BTL,1.0
CID,PHL,6.0
CID,GRR,11.0
CID,IND,2605.0
CID,SFO,4.0
CID,SLC,74.0
CID,OKC,34.0
BOS,CID,2.0
CID,SMF,5.0
CID,GEG,1.0
CID,CLT,3.0
CID,GRI,1.0
CID,EWR,5.0
CID,DAY,2.0
CID,PDX,3.0
CID,GSO,3.0
BTV,CID,1.0
CID,PVD,1.0
CID,ROC,1.0
CID,TYS,2.0
CID,LAX,3.0
CID,XNA,3.0
CID,FNT,2.0
CID,COS,23.0
AUS,CID,5.0
CID,PGV,1.0
CID,FLL,18.0
CID,FYV,2.0
CID,PIB,1.0
CID,SCE,55.0
CID,CWA,1.0
CID,CPR,1.0
CID,LSF,1.0
CID,GYY,2.0
CHO,CID,3.0
CID,RIC,3.0
AZO,CID,2.0
BWI,CID,1.0
CID,HNL,1.0
CID,HIK,1.0
CID,MFR,1.0
CID,DRT,7.0
ADS,CID,1.0
CID,EVV,2.0
CID,MYR,1.0
CID,PNS,1.0
CID,MCC,1.0
BFL,CID,1.0
BTR,CID,1.0
CID,MOB,1.0
BZN,CID,1.0
CID,JAX,1.0
CID,TCM,1.0
CID,DOV,1.0
FYV,SLC,1.0
FYV,SPS,14.0
FYV,SLN,1.0
GRR,XNA,13.0
SPS,XNA,16.0
IND,XNA,14.0
FYV,OKC,8.0
SAV,XNA,2.0
FYV,MSN,2.0
HRO,XNA,1.0
FYV,GRK,2.0
JAX,XNA,2.0
OKC,XNA,54.0
FLL,XNA,1.0
HOT,XNA,1.0
NEW,XNA,1.0
FYV,MKE,1.0
BOS,XNA,1.0
LRD,XNA,3.0
FYV,TLH,2.0
GJT,XNA,3.0
ELP,XNA,1.0
MHK,XNA,1.0
RST,XNA,1.0
LSV,XNA,1.0
LUK,XNA,1.0
DSM,FYV,2.0
DQF,XNA,1.0
FYV,LAX,1.0
ABQ,XNA,2.0
FYV,MKC,1.0
SLC,XNA,2454.0
CLL,FYV,6.0
FYV,SUS,1.0
PHL,XNA,3.0
EIL,XNA,1.0
FOE,XNA,1.0
FYV,XNA,3.0
SMF,XNA,1.0
GEG,XNA,1.0
FYV,JAX,1.0
CLL,XNA,13.0
COS,XNA,17.0
COS,FYV,1.0
FYV,IND,1.0
AZO,XNA,1.0
FYV,PHX,1.0
SCF,XNA,1.0
FYV,LRD,1.0
FOE,FYV,1.0
MSY,XNA,1.0
FYV,SCE,1.0
FYV,TPA,2.0
EUG,XNA,1.0
FAY,OAJ,49.0
FAY,MYR,23.0
FAY,JAX,4.0
FAY,PBI,3.0
FAY,FLL,133.0
FAY,LGA,5.0
BOS,FAY,2.0
FAY,PHL,138.0
FAY,ORD,3.0
EWR,FAY,2.0
FAY,ILG,1.0
ORD,POB,175.0
FAY,TPA,3.0
POB,TUL,1.0
FAY,JFK,3.0
COS,POB,1.0
DOV,POB,2.0
CHO,POB,2.0
FAY,MHT,1.0
HSV,POB,1.0
LAS,POB,1.0
PIT,POB,2.0
CMI,POB,1.0
FAY,SLN,1.0
FAY,MSY,1.0
FAY,YIP,7.0
POB,RIV,2.0
ACY,FAY,242.0
JAN,POB,1.0
MCO,POB,1.0
MSO,POB,1.0
HIK,POB,1.0
BFI,POB,1.0
LAX,POB,1.0
OMA,POB,1.0
ERI,FAY,2.0
DAL,POB,1.0
PHL,POB,9.0
FAY,PGV,2.0
CHS,POB,3.0
POB,PVD,1.0
CLT,POB,2.0
FAY,GNV,1.0
POB,SCE,1.0
PBI,POB,1.0
FLL,POB,1.0
CVG,POB,1.0
FAY,MTN,1.0
ANC,POB,1.0
MCF,POB,1.0
ABQ,POB,1.0
FAY,PNS,1.0
CHO,FAY,1.0
POB,ROA,2.0
IAD,POB,1.0
FAY,PFN,1.0
ABE,POB,1.0
FAY,GYY,1.0
NFL,POB,1.0
FAY,MOB,1.0
MYR,POB,2.0
LEX,POB,1.0
FAY,MDT,1.0
FWA,POB,1.0
FAY,LFT,1.0
HOU,POB,1.0
FAY,MKC,1.0
BTR,POB,1.0
FAY,TLH,1.0
MDW,POB,1.0
CPR,POB,1.0
EWR,POB,1.0
CYS,POB,1.0
BDL,FAY,1.0
BQK,FAY,1.0
ABE,FAY,1.0
GRI,SLC,20.0
CWA,GRI,1.0
GRI,IND,3.0
GRI,LXN,1.0
GRI,HUF,4.0
GRI,LBF,673.0
ADS,GRI,1.0
GRI,STL,1.0
GRI,HSI,1.0
CLU,GRI,2.0
GRI,LAX,1.0
GRI,GRR,2.0
CHO,GRI,2.0
GRI,RWI,5.0
GRI,MDW,2.0
GRI,SAT,1.0
GRI,ICT,1.0
GRI,HYS,2.0
GRI,MHK,3.0
BTV,GRR,21.0
GRR,SMF,5.0
GRR,SEA,18.0
GEG,GRR,4.0
GRR,SJC,10.0
GRR,PDX,7.0
GRR,SFO,20.0
GRR,PHL,2621.0
GRR,MSY,17.0
GRR,IND,4289.0
GRR,HNL,1.0
GRR,SLC,15.0
FLL,GRR,39.0
GRR,SAV,1.0
COS,GRR,5.0
GRR,PBI,6.0
GRR,OKC,24.0
GRR,TVC,9272.0
GRR,LOZ,3.0
GRR,ORH,3.0
APN,GRR,2.0
CWA,GRR,3.0
FTW,GRR,1.0
GRR,SCE,1.0
CRP,GRR,2.0
BTL,GRR,1.0
DHN,GRR,1.0
GRR,TUS,1.0
ACY,GRR,87.0
CHS,GRR,3.0
GRR,LUK,4.0
GRR,JAX,6.0
GRR,MYR,3.0
GRR,PNS,2.0
GRR,GYY,2.0
GRR,WBR,1.0
GRR,TTN,1.0
IND,PBI,276.0
FLL,IND,12419.0
IND,PHL,74064.0
IND,SFO,10233.0
IND,OKC,130.0
IND,SLC,1562.0
IND,JAX,9252.0
HUF,IND,11.0
IND,MYR,8.0
HVN,IND,2.0
BRL,IND,1.0
COS,IND,1597.0
IND,LBF,2.0
IND,MKC,1.0
IND,OGD,1.0
CGI,IND,28.0
ACY,IND,15.0
IND,MCN,1.0
IND,OKK,3.0
IND,JXN,1.0
BJI,IND,1.0
BWG,IND,3.0
IND,MOB,1.0
IND,PKB,16.0
IND,OLS,6.0
IND,SPS,33.0
IND,SCE,30.0
GJT,IND,21.0
CHO,IND,6.0
CLL,IND,27.0
IND,SAF,1.0
IND,JHW,1.0
HGR,IND,1.0
IND,LSV,2.0
IND,NQA,1.0
CRP,IND,7.0
IND,MCE,2.0
FTW,IND,1.0
DBQ,IND,1.0
BTL,IND,1.0
DQF,IND,1.0
IND,SCK,1.0
DCU,IND,1.0
IND,SBA,2.0
FAI,IND,3.0
IND,MMT,2.0
DRT,IND,1.0
IND,SKF,2.0
IND,MSO,1.0
IND,TVC,2.0
DOV,IND,1.0
AOO,IND,1.0
FDY,IND,1.0
EIL,IND,1.0
IND,RIV,2.0
IND,LUK,1.0
IND,MWH,1.0
IND,NZC,1.0
IAD,MQJ,1.0
JAX,PDX,1.0
JAX,PHL,47465.0
JAX,SFO,12.0
JAX,PBI,3521.0
FLL,JAX,69612.0
JAX,MYR,15.0
JAX,SLC,7.0
NZC,RIV,1.0
JAX,TVC,1.0
GJT,JAX,1.0
GYY,JAX,1.0
ACY,JAX,263.0
JAX,OPF,43.0
JAX,OKC,16.0
JAX,ROW,3.0
JAX,YNG,1.0
BQK,JAX,1.0
AVL,NIP,1.0
JAX,SJC,1.0
FDY,JAX,1.0
JAX,TCM,2.0
BOS,NZC,1.0
BOS,NIP,2.0
JAX,OAJ,1.0
ACY,NZC,9.0
NZC,PHL,1.0
JAX,NZC,7.0
JAX,TTN,1.0
JAX,ORL,1.0
JAX,LCK,1.0
MSY,NZC,1.0
NIP,NZY,1.0
JAX,MCE,1.0
MOB,NIP,1.0
CLL,JAX,9.0
CHO,JAX,6.0
FLL,NZC,1.0
NIP,NZC,1.0
DOV,NIP,1.0
JAX,TUS,1.0
NZC,RFD,2.0
ANC,JAX,1.0
MDT,NIP,1.0
JAX,PIB,1.0
BWI,NZC,2.0
LRD,NZC,1.0
MCO,NIP,1.0
AND,JAX,1.0
OAJ,PHL,306.0
MYR,OAJ,9.0
NZY,OAJ,4.0
MIA,OAJ,1.0
NIP,OAJ,1.0
ACY,OAJ,3.0
GEG,OAJ,1.0
CHO,OAJ,1.0
CLT,LCH,30.0
LCH,POB,1.0
ESF,LCH,2.0
LCH,MOB,9.0
CLL,LCH,3.0
BWI,LCH,4.0
CLE,LCH,3.0
FLL,LCH,7.0
LCH,MLU,7.0
LCH,ORD,12.0
ABI,LCH,1.0
DCA,LCH,12.0
LCH,MCI,5.0
IND,LCH,6.0
EWR,LCH,3.0
LCH,RDU,13.0
CHS,LCH,12.0
GSP,LCH,11.0
LCH,LGA,6.0
LCH,OMA,5.0
BOS,LCH,5.0
IAD,LCH,10.0
GSO,LCH,6.0
LCH,STL,9.0
LCH,PNS,10.0
CAE,LCH,2.0
JFK,LCH,3.0
LCH,PHL,11.0
BWG,LCH,2.0
BHM,LCH,10.0
CRW,LCH,2.0
LCH,MKE,5.0
LCH,LEX,2.0
LCH,RIC,9.0
CMH,LCH,3.0
ABQ,LCH,1.0
AGS,LCH,1.0
LCH,TCM,7.0
JAX,LCH,9.0
LCH,OKC,2.0
COS,LCH,2.0
LCH,SLC,2.0
LCH,SAN,3.0
LCH,PIT,3.0
HSV,LCH,5.0
DTW,LCH,5.0
LCH,SFO,1.0
GRK,LCH,1.0
LCH,XNA,2.0
LCH,TPA,3.0
TUS,WQM,1.0
LCH,LRD,1.0
LCH,PBI,7.0
LCH,MGM,1.0
LCH,TLH,1.0
CRP,LCH,2.0
LAS,LCH,3.0
BRO,LCH,1.0
ICT,LCH,1.0
LAX,WQM,1.0
AVL,LCH,2.0
DFW,WQM,1.0
DOV,LCH,1.0
BTV,LWF,1.0
GSO,KY5,1.0
KY5,ROA,1.0
MIW,SLN,1.0
LRD,MVN,3.0
MVN,RFD,1.0
MVN,PGV,1.0
MVN,OKC,8.0
MVN,RST,1.0
ASN,MVN,1.0
EVV,MVN,1.0
MVN,STL,1.0
GYY,MVN,1.0
MVN,PIA,1.0
BWG,MVN,2.0
COU,MVN,1.0
MVN,RDU,1.0
GSO,MVN,1.0
CLM,MVW,3.0
MYR,PHL,3159.0
FLL,MYR,3283.0
MYR,TPA,4.0
MYR,PBI,11.0
ALB,MYR,3.0
ACY,MYR,10381.0
MYR,ROC,1.0
MYR,SYR,1.0
ACY,CRE,2.0
GTF,MYR,1.0
ALO,MYR,2.0
MYR,TTN,2.0
LBB,MYR,1.0
MSY,MYR,1.0
BHM,MYR,3.0
MYR,OKC,2.0
GGE,MYR,1.0
MYR,TMB,1.0
MYR,SCE,2.0
MYR,SVN,1.0
MYR,PWM,1.0
AVL,MYR,3.0
MKE,MYR,1.0
MYR,SKF,1.0
BMI,LBF,2.0
FOD,LBF,1.0
AZO,LBF,1.0
LBF,SBN,1.0
EVV,LBF,1.0
BNA,LBF,1.0
FSD,LBF,1.0
LBF,SLC,5.0
LBF,OKC,2.0
LBF,SHV,1.0
DFW,LBF,1.0
LBF,PHX,1.0
DTW,LBF,1.0
DSM,LBF,1.0
LBF,MBS,1.0
LBF,MEM,1.0
LBF,MCI,1.0
ATL,LBF,1.0
CLT,LBF,1.0
CPR,LBF,2.0
HYS,LBF,1.0
LBF,LEX,1.0
FLL,PHL,99711.0
PBI,PHL,62129.0
COS,PHL,61.0
PHL,SFO,73588.0
PHL,SLC,18549.0
ACY,PHL,15926.0
HGR,PHL,2.0
OKC,PHL,73.0
IPT,PHL,23891.0
PNE,YIP,4.0
CHO,PHL,14054.0
PHL,SCE,26531.0
MVN,PHL,2.0
PHL,TCM,1.0
PHL,UCA,1.0
PGV,PHL,1.0
GJT,PHL,4.0
GRI,PHL,1.0
GTF,PHL,1.0
NIP,PHL,4.0
MLU,PHL,1.0
CWA,PHL,1.0
BIF,PHL,1.0
BIS,PHL,1.0
PHL,ROW,1.0
MFR,PHL,1.0
MIA,PNE,1.0
PHL,RIV,1.0
MDW,PNE,2.0
ILM,PNE,1.0
IAD,PNE,1.0
PNE,TOL,1.0
BTV,PNE,1.0
PNE,SCF,1.0
ISO,PHL,1.0
LAL,PHL,1.0
HOU,PNE,3.0
MKC,PHL,1.0
PNE,TPA,2.0
HLG,PHL,1.0
CLL,PHL,3.0
ALW,CLM,3.0
CLM,MFR,1.0
MSP,RKS,2.0
RKS,SLC,2148.0
AEX,RKS,1.0
ORD,RKS,1.0
PUC,RKS,1.0
AR1,JAN,1.0
IPT,PDK,1.0
BUF,IPT,1.0
IPT,YIP,5.0
FWA,IPT,2.0
IPT,LHV,1.0
EWR,IPT,1.0
IPT,SCE,11.0
GPT,IPT,3.0
BOS,IPT,1.0
IPT,LGA,1.0
IND,IPT,1.0
IPT,STL,1.0
ERI,IPT,1.0
BGR,IPT,1.0
ACY,SFO,1.0
ACY,PBI,4790.0
ACY,FLL,21126.0
AIY,PBI,1.0
ACY,DFW,5.0
ACY,TTN,1.0
ACY,CHO,3.0
ACY,SAN,2.0
ACY,HVN,2.0
ACY,TCL,1.0
ACY,ICT,2.0
ACY,JAN,1.0
ACY,TUS,2.0
ACY,SUX,1.0
ACY,MCE,1.0
ABI,ACY,1.0
ACY,HSV,1.0
ACY,TUL,1.0
ACY,DOV,1.0
ACY,ELP,1.0
ACY,ITH,1.0
BUF,BWG,3.0
BFM,BWG,1.0
AOH,BWG,1.0
AUS,BWG,1.0
BDL,BWG,4.0
BWG,SYR,1.0
BWG,SER,1.0
BWG,PHL,1.0
BWG,TOL,1.0
BWG,LAN,2.0
BWG,GSP,1.0
BWG,SAT,1.0
BRO,BWG,1.0
BWG,TCL,1.0
BWG,GRR,3.0
BWG,FDY,2.0
BWG,OKC,2.0
BWG,CLL,2.0
BWG,OWB,2.0
ASN,BWG,1.0
BWG,COU,1.0
AHN,BWG,1.0
BWG,LUK,1.0
BTR,BWG,1.0
BWG,MCN,1.0
BWG,FLL,3.0
BWG,FWA,1.0
BWG,CVG,1.0
BWG,SJC,1.0
BWG,PDX,1.0
BWG,TYS,1.0
BWG,MSP,1.0
CEC,FAT,1.0
CEC,SGU,1.0
CEC,SFO,7344.0
BOK,CEC,3.0
CEC,PDX,4.0
EKX,GRR,2.0
DET,EKX,1.0
IMT,OSH,1.0
IMT,YIP,3.0
GRB,IMT,3.0
LMT,SLC,0.0
LMT,PDT,0.0
ELP,LMT,1.0
LMT,SFO,2127.0
LMT,RAP,1.0
LMT,PHX,1.0
BLI,LMT,1.0
LMT,SNA,1.0
MEM,WMH,1.0
MUO,POB,1.0
FAT,MUO,1.0
MUO,SKA,1.0
MIA,MUO,1.0
DOV,MUO,1.0
ANC,MUO,4.0
MSP,MUO,2.0
MUO,ORD,2.0
OKC,SFO,79.0
OKC,SLC,33719.0
COS,OKC,2517.0
DET,OKC,11.0
DCA,OKC,67.0
BFI,TIK,1.0
FLL,OKC,53.0
CRP,OKC,25.0
OKC,PNS,2.0
GSO,OKC,10.0
GJT,OKC,448.0
JAC,OKC,14.0
OKC,PBI,6.0
OKC,SPS,32.0
TIK,WRB,1.0
MKG,OKC,10.0
OKC,OKK,4.0
AZO,OKC,8.0
ANC,OKC,2.0
OKC,STJ,1.0
MFD,OKC,2.0
JXN,OKC,2.0
LSE,OKC,7.0
OKC,PAH,3.0
LUK,OKC,7.0
OKC,TVC,3.0
DPA,OKC,3.0
DCU,OKC,1.0
CEV,OKC,1.0
AID,OKC,1.0
CLL,OKC,110.0
MOB,OKC,2.0
DRO,OKC,1.0
CPS,OKC,1.0
OKC,ROC,3.0
JEF,OKC,4.0
FET,OKC,2.0
OGG,OKC,2.0
GFK,OKC,1.0
MZZ,OKC,1.0
OKC,RWI,1.0
OKC,SCK,2.0
LSF,OKC,3.0
ICT,PWA,2.0
HRO,OKC,1.0
KY3,OKC,2.0
OKC,SCE,4.0
OKC,RCA,1.0
OKC,THA,1.0
OKC,TDZ,1.0
OKC,UIN,2.0
HIF,OKC,1.0
OKC,SYR,5.0
IDA,OKC,1.0
OKC,POB,2.0
RIV,TIK,1.0
LCK,TIK,1.0
MUO,TIK,1.0
ACY,OKC,1.0
OKC,TIK,1.0
BMG,PWA,1.0
GRI,OKC,1.0
MSP,TIK,1.0
CVS,OKC,1.0
CVS,TIK,1.0
DFW,TIK,1.0
ACT,TIK,1.0
MCF,OKC,1.0
IAH,TIK,1.0
ORD,TIK,1.0
MSY,TIK,1.0
MCC,OKC,2.0
OKC,SBA,2.0
GLH,OKC,1.0
NKX,OKC,1.0
SSC,TIK,1.0
DNE,TIK,1.0
AZA,OKC,1.0
CHO,OKC,1.0
SFO,SLC,129774.0
SBA,SFO,81895.0
GJT,SFO,36.0
SBP,SFO,33092.0
COS,SFO,8538.0
FLL,SFO,268.0
SFO,YNG,1.0
GNV,SFO,1.0
MEI,SFO,1.0
SFO,TCM,2.0
SCE,SFO,2.0
MLU,SFO,2.0
LWS,SFO,3.0
MTN,SFO,1.0
ANC,JCC,1.0
MHK,SFO,1.0
SDM,SFO,1.0
BMG,SFO,1.0
DPA,SFO,1.0
BIF,SFO,1.0
SFO,YIP,1.0
BKL,SFO,1.0
LBF,SFO,1.0
FTW,SFO,1.0
GRI,SFO,1.0
BMI,SFO,1.0
NEW,SFO,1.0
BIH,SFO,1.0
SBA,STS,1.0
ELP,SBA,1.0
GJT,SBA,24.0
SBA,SBP,79.0
SBA,SLC,12331.0
ICT,SBA,1.0
SBA,SGU,2.0
BTM,SBA,1.0
COS,SBA,22.0
MKE,SBA,1.0
SAF,SBA,1.0
ALO,SBA,1.0
DLH,SBA,1.0
PWK,SBA,1.0
SBA,SGF,1.0
ACV,SBA,2.0
CIC,SBA,2.0
JAX,SBA,1.0
BTV,SBA,1.0
HVN,SBA,1.0
SBA,TUL,1.0
SBA,SLN,1.0
MCO,SBA,1.0
RDU,SBA,1.0
RDD,SBA,1.0
IAH,SBA,1.0
FLL,SCE,10.0
AVP,SCE,2.0
JST,SCE,12.0
BTR,SCE,1.0
MHT,SCE,1.0
DAY,SCE,1.0
AUS,SCE,1.0
LBB,SCE,1.0
LEX,SCE,2.0
CLT,SCE,2.0
CLL,SCE,4.0
CHO,SCE,6.0
BTV,SCE,1.0
ROC,SCE,1.0
OAK,SCE,1.0
PHX,SCE,2.0
OSU,SCE,1.0
BQK,SCE,1.0
PWM,SCE,1.0
GPT,SCE,1.0
GSO,SCE,2.0
DSM,SCE,1.0
DOV,SCE,1.0
JAX,SCE,1.0
SCE,SLC,1.0
PKB,SCE,1.0
SCE,SUS,1.0
CRW,SCE,1.0
BDL,TVC,3.0
HOU,TVC,1.0
STL,TVC,2.0
RDU,TVC,1.0
EWR,TVC,3.0
SAW,TVC,1.0
ORH,TVC,1.0
PWM,TVC,2.0
JXN,TVC,1.0
ABE,TVC,1.0
CID,TVC,1.0
SGF,TVC,4.0
MDT,TVC,1.0
TVC,TYS,1.0
ROC,TVC,1.0
SFO,TVC,1.0
FXE,TVC,1.0
TVC,XNA,1.0
AVP,TVC,1.0
OMA,TVC,1.0
ROA,TVC,1.0
MHT,TVC,1.0
BOS,SPS,8.0
DSM,SPS,15.0
SLC,SPS,70.0
BDL,SPS,4.0
LGA,SPS,16.0
PHX,SPS,17.0
MIA,SPS,3.0
BNA,SPS,8.0
LAS,SPS,15.0
LAX,SPS,13.0
JAC,SPS,1.0
ICT,SPS,25.0
BPT,SPS,2.0
LCH,SPS,1.0
CLL,SPS,2.0
COS,SPS,21.0
PDX,SPS,18.0
SJC,SPS,14.0
GSO,SPS,5.0
ELP,SPS,15.0
SFO,SPS,15.0
SJT,SPS,7.0
BTR,SPS,4.0
MSY,SPS,3.0
OAK,SPS,17.0
ESF,SPS,1.0
SMF,SPS,10.0
MOB,SPS,2.0
DAY,SPS,6.0
LFT,SPS,1.0
DCA,SPS,11.0
CRP,SPS,3.0
FAT,SPS,1.0
MCO,SPS,3.0
RDU,SPS,4.0
IAD,SPS,5.0
CLT,SPS,2.0
AUS,SPS,3.0
SPS,TPA,4.0
SNA,SPS,12.0
SAN,SPS,7.0
DTW,SPS,6.0
ILE,SPS,4.0
GJT,SPS,9.0
PHL,SPS,11.0
PIT,SPS,6.0
MDW,SPS,10.0
BWI,SPS,2.0
BHM,SPS,4.0
OMA,SPS,4.0
EWR,SPS,6.0
LIT,SPS,7.0
CLE,SPS,6.0
RIC,SPS,2.0
SAV,SPS,4.0
FWA,SPS,8.0
MKE,SPS,16.0
CID,SPS,13.0
FLL,SPS,1.0
SPS,TUS,3.0
MSN,SPS,7.0
CVG,SPS,11.0
CHS,SPS,1.0
GRR,SPS,7.0
GPT,SPS,1.0
SPS,YUM,36.0
LEX,SPS,3.0
MGM,SPS,1.0
AGS,SPS,1.0
CMH,SPS,4.0
CAE,SPS,1.0
SBN,SPS,1.0
SPS,TOL,1.0
GSP,SPS,2.0
PVD,SPS,1.0
SPS,TWF,1.0
SPS,SYR,1.0
JFK,SPS,1.0
CMI,SPS,1.0
SPS,TYS,2.0
EVV,SPS,1.0
GRK,SPS,1.0
MTJ,SPS,4.0
FNT,SPS,1.0
BMI,SPS,1.0
ROW,SPS,1.0
BMI,CGI,1.0
BHM,CGI,7.0
CGI,EVV,4.0
CGI,LEX,2.0
CGI,SBN,1.0
CGI,CMI,1.0
CGI,FWA,1.0
ALO,CGI,1.0
CGI,MKE,3.0
CGI,LNK,1.0
CGI,CLT,4.0
CGI,EWR,4.0
ATL,CGI,2.0
CGI,HKS,1.0
CGI,ICT,1.0
CGI,RDU,3.0
CGI,SPI,2.0
CGI,SAT,1.0
CGI,MSY,2.0
CGI,PIA,1.0
CGI,FNT,1.0
CGI,CMH,1.0
BDL,CGI,2.0
CGI,ORD,1.0
CGI,PHL,1.0
CGI,JAX,3.0
CGI,MIA,2.0
CGI,DAL,2.0
BWI,CGI,1.0
CGI,RFD,1.0
CGI,JAN,1.0
CGI,IAD,3.0
CGI,PIT,1.0
CGI,RIC,2.0
CGI,TBN,2.0
CGI,DEC,4.0
CGI,OKC,1.0
CGI,MSP,1.0
CRP,PHL,10.0
CRP,PBI,10.0
CRP,TUS,17.0
CRP,LAX,21.0
NGP,SAT,1.0
CRP,LGA,11.0
CRP,FLL,15.0
CRP,JAX,11.0
CRP,PNS,8.0
CRP,LBB,18.0
BOS,CRP,6.0
CRP,IAD,3.0
CRP,SFO,12.0
CRP,OMA,3.0
CRP,SNA,24.0
CRP,SAN,23.0
CRP,SLC,111.0
CRP,SEA,12.0
CLT,CRP,6.0
BWI,CRP,9.0
CLL,CRP,24.0
CRP,PDX,4.0
CMH,CRP,1.0
CRP,DTW,2.0
CRP,RDU,6.0
CRP,GJT,5.0
AEX,CRP,1.0
CRP,MKE,3.0
CRP,DCA,5.0
CRP,SJC,5.0
CRP,SAV,4.0
CLE,CRP,4.0
CRP,MTJ,1.0
CRP,MDW,4.0
CRP,MOB,3.0
CRP,CVG,2.0
CHS,CRP,7.0
AFW,CRP,3.0
CAE,CRP,1.0
COS,CRP,8.0
CRP,TLH,2.0
BFL,CRP,1.0
AGS,CRP,1.0
CRP,RIC,2.0
CRP,HSV,4.0
CRP,DSM,1.0
CRP,GSP,1.0
CHA,CRP,2.0
CRP,TYS,3.0
CRP,OAK,1.0
BDL,CRP,1.0
CRP,LAN,1.0
CRP,MEM,1.0
CRP,LEX,2.0
CRP,GSO,1.0
AVL,CRP,1.0
CHO,CRP,2.0
EWR,GJT,11.0
GJT,OMA,10.0
GJT,SLC,24080.0
BZN,GJT,11.0
BOS,GJT,4.0
EUG,GJT,5.0
GJT,MCO,3.0
GJT,IDA,4.0
GJT,MSY,6.0
GJT,LBL,2.0
GJT,MIA,1.0
GJT,GUP,1.0
EVV,GJT,1.0
GJT,RAP,5.0
COS,GJT,2260.0
CMH,GJT,3.0
GJT,LGA,2.0
GJT,YIP,1.0
ANC,GJT,2.0
GJT,HLN,3.0
GJT,MDW,4.0
FCA,GJT,5.0
FAR,GJT,7.0
GJT,JAN,2.0
CID,GJT,3.0
GJT,MFR,5.0
GJT,RIC,1.0
BIS,GJT,5.0
GJT,LAR,1.0
GJT,SGU,1.0
CLT,GJT,1.0
GJT,TPA,4.0
BTM,GJT,1.0
GJT,TOL,2.0
BFM,GJT,1.0
GJT,LWS,1.0
BFL,GJT,1.0
GJT,SUS,1.0
GJT,HSV,1.0
GJT,RFD,1.0
ACY,GJT,1.0
BFF,GJT,1.0
GJT,ILN,1.0
GJT,TYS,1.0
DAL,GJT,1.0
GJT,RKS,2.0
GJT,HNL,1.0
DCA,GJT,1.0
DAY,JEF,1.0
JEF,MCI,1.0
JEF,YIP,1.0
CLL,JEF,2.0
JEF,STL,1.0
MOP,SUS,2.0
MOP,PWK,1.0
BGR,MOP,1.0
BOS,MPS,1.0
KY3,MQJ,1.0
COS,SLC,45436.0
JNU,SLC,2.0
HIF,SLC,15.0
FLL,SLC,3546.0
MHT,SLC,1.0
LCK,SLC,1.0
ROC,SLC,1.0
CLL,SLC,14.0
POB,SLC,2.0
ABR,SLC,1.0
IPL,SLC,1.0
EIL,SLC,1.0
DPA,SLC,1.0
SBP,SLC,1338.0
SAF,SLC,1.0
MWH,SLC,1.0
SCF,SLC,1.0
BKL,SLC,1.0
LSV,SLC,1.0
MOB,SLC,1.0
CHO,MDT,1.0
CHO,RDG,1.0
CHO,ORH,2.0
CHO,FLL,3.0
AVP,CHO,1.0
CHO,ILM,2.0
CHO,LAN,1.0
CHO,IAH,2.0
CHO,PWM,2.0
CHO,MHT,1.0
CHO,SHD,5.0
CHO,IPT,1.0
CHO,ELM,1.0
BOS,CHO,1.0
CHO,LNK,1.0
CHO,LCI,1.0
CHO,TUS,2.0
CHO,EIL,1.0
CHO,SFO,1.0
CHO,PAM,1.0
CHO,XNA,1.0
CHO,PKB,1.0
CLL,SGF,3.0
CLL,JAN,12.0
CLL,ESF,1.0
CLL,GJT,1.0
CLL,GPT,8.0
BRO,CLL,10.0
CLL,MLU,7.0
CLL,MOB,8.0
CLL,DTW,5.0
CLL,MAF,8.0
AMA,CLL,16.0
CLL,LAW,1.0
CLL,PHX,10.0
CLL,SEA,2.0
CLL,COS,18.0
CLL,HSV,3.0
BNA,CLL,21.0
CLL,SAV,3.0
CLL,PDX,1.0
CLL,DAY,13.0
CLL,FLL,7.0
CLL,SNA,3.0
CLL,GSO,2.0
CLL,LGA,2.0
CLL,RNO,1.0
AGS,CLL,1.0
CLL,MSY,5.0
CLL,CLT,12.0
CLL,RIC,2.0
CLL,DCA,2.0
BFL,CLL,3.0
CLL,OAK,1.0
CLL,MTJ,4.0
CLL,MSO,1.0
CLL,MSN,1.0
CLL,CRW,5.0
CLL,GRR,6.0
CID,CLL,1.0
CHA,CLL,2.0
CLL,SCK,1.0
AVL,CLL,1.0
CAE,CLL,1.0
CLL,MCO,2.0
CLL,DRT,4.0
CLL,TPA,1.0
CLL,PNS,5.0
CLL,FAT,1.0
CLL,MDT,1.0
CLL,MWA,1.0
CLL,SFO,1.0
FLL,PBI,11350.0
FLL,HUF,2.0
FLL,TCL,2.0
FLL,MSO,1.0
BMG,FLL,1.0
CYS,FLL,1.0
BIS,FLL,1.0
FLL,LRD,1.0
ALO,FLL,1.0
FLL,PNE,1.0
FLL,FXE,2.0
EYW,FXE,1.0
CVS,FLL,2.0
FLL,LSF,1.0
ELM,FLL,1.0
CWA,FLL,1.0
FLL,LAF,1.0
AUS,FXE,2.0
FLL,SLN,1.0
FXE,LAS,1.0
FXE,STS,1.0
FLL,PDX,1.0
FLL,HIF,1.0
FTY,FXE,1.0
BFM,FLL,1.0
PRB,SBP,132.0
LAX,PRB,1.0
SAT,SBP,2.0
SBP,SNA,1.0
LAS,PRB,1.0
SBP,SMF,1.0
RDD,SBP,1.0
CIC,SBP,1.0
PBI,SLC,1.0
AVL,PBI,2.0
BFI,PBI,1.0
AVP,PBI,1.0
MLU,PBI,1.0
PBI,XXW,1.0
ICT,PBI,1.0
FNT,PBI,1.0
CID,PBI,1.0
PBI,SCE,1.0
ABQ,PBI,2.0
PBI,SFO,1.0
FCA,PBI,1.0
PBI,SCF,1.0
PBI,RST,1.0
HLN,PBI,1.0
PBI,PNE,1.0
BZN,COS,11.0
COS,JAC,16.0
COS,GYY,3.0
BDL,COS,2.0
ATW,COS,1.0
COS,JAN,6.0
COS,DCA,7.0
COS,TVC,0.0
COS,LEX,2.0
COS,YIP,7.0
COS,FOE,2.0
BFM,COS,2.0
COS,FLL,9.0
COS,MSO,6.0
COS,MHR,2.0
COS,FWA,2.0
BTL,COS,2.0
COS,SYR,1.0
ADS,COS,1.0
COS,GFK,1.0
COS,RND,1.0
COS,EDF,1.0
COS,GUP,2.0
COS,MCE,1.0
COS,TIK,1.0
COS,SFB,1.0
COS,GRI,1.0
COS,GCK,4.0
COS,HIK,1.0
COS,FTW,2.0
COS,GSP,1.0
CHS,COS,2.0
COS,PWM,1.0
COS,ROW,1.0
COS,GCC,1.0
AZA,COS,1.0
BFL,COS,1.0
COS,RKS,2.0
COS,ORH,1.0
COS,KTN,1.0
CAK,COS,1.0
COS,RDM,1.0
COS,MIB,1.0
COS,NQX,1.0
BFI,COS,1.0
COS,EIL,1.0
COS,SVN,1.0
HII,ICT,1.0
BHM,HII,20.0
HII,LBL,1.0
PHD,YIP,1.0
FWA,OH1,1.0
